Station Name: PHOENIX PARK,,,,,,,,,,
Station Height: 48 M,,,,,,,,,,
Latitude:53.364,Longitude: -6.350,,,,,,,,,
,,,,,,,,,,
,,,,,,,,,,
date:  -  00 to 00 utc,,,,,,,,,,
rain:  -  Precipitation Amount (mm),,,,,,,,,,
"maxtp: -  Maximum Air Temperature (C)	  ",,,,,,,,,,
mintp: -  Minimum  Air Temperature (C),,,,,,,,,,
gmin:  -  09utc Grass Minimum Temperature (C),,,,,,,,,,
soil:  -  Mean 10cm soil temperature (C),,,,,,,,,,
cbl:   -  Mean CBL Pressure (hpa),,,,,,,,,,
ind:   -  Indicator (i),,,,,,,,,,
,,,,,,,,,,
date,ind,maxtp,ind,mintp,igmin,gmin,ind,rain,cbl,soil
16-Aug-03,0,20.1,0,7.5,4, ,0,0,1013.7,18.565
17-Aug-03,0,21.3,0,11.6,0,7.5,0,1.1,1007.5,18.28
18-Aug-03,0,20.3,0,8.5,0,4.3,0,0,1008.8,17.825
19-Aug-03,0,19.9,0,11.3,0,7.7,0,0,1014.3,18.138
20-Aug-03,0,21.5,0,10.8,0,6.9,0,0,1013.6,18.432
21-Aug-03,0,24,0,13,0,9.1,0,0.1,1007,19.122
22-Aug-03,0,20.6,0,14,0,12.4,0,4.9,1009,18.728
23-Aug-03,0,25.1,0,16.2,0,16.2,0,0,1014.7,20.24
24-Aug-03,0,22.6,0,15.1,0,12,0,0,1016.9,20.065
25-Aug-03,0,18.9,0,15.4,0,13,0,0,1015.6,18.71
26-Aug-03,0,18.7,0,11.8,0,14.1,0,0,1013.2,18.298
27-Aug-03,0,19.2,0,9.4,0,8.1,0,0,1010,18.382
28-Aug-03,0,16.7,0,8.6,0,5.4,0,3.9,1005.8,15.99
29-Aug-03,0,17.6,0,7.7,0,4.5,0,1,1009.6,15.283
30-Aug-03,0,17.7,0,6,0,2.4,0,0,1015.3,14.715
31-Aug-03,0,16.4,0,8.5,0,4.8,0,0,1018.1,15.347
01-Sep-03,4, ,4, , , ,8, , , 
02-Sep-03,0,19.3,0,13.2, , ,0,0,1022.8, 
03-Sep-03,0,19,0,12.2, , ,0,0,1024.2, 
06-Sep-03,0,19.9,0,6.7, , ,0,0,1009.2, 
07-Sep-03,0,16,0,5.1, , ,0,8,1005.8, 
08-Sep-03,0,18.4,0,6.3, , ,0,0.1,1006.2, 
09-Sep-03,0,16.1,0,7.5, , ,0,1.2,1006.4, 
10-Sep-03,0,19.4,0,13.5, , ,0,2,1007.2, 
11-Sep-03,0,21.8,0,8.3, , ,0,0.4,1015.7, 
12-Sep-03,4, ,4, , , ,8, , , 
07-Oct-03,0,13.5,0,8.5,4, ,0,2.9,1006.4,11.142
08-Oct-03,0,19.2,0,11,0,10.1,0,0.1,1011.7,13.472
09-Oct-03,0,19.2,0,10.7,0,7.3,0,0.3,1010.5,13.66
10-Oct-03,0,15.7,0,5.6,0,3.9,0,0,1012.3,12.46
11-Oct-03,0,16.7,0,6.3,0,2.6,0,0,1016,11.943
12-Oct-03,0,14.3,0,12,0,10.1,0,1.1,1014.4,12.917
13-Oct-03,0,15.1,0,11.3,0,10.9,0,5.7,1013.5,12.991
14-Oct-03,0,14.5,0,11,0,6.6,0,0,1017.2,12.583
15-Oct-03,0,13.7,0,5.5,0,2.7,0,0,1021.1,11.247
16-Oct-03,0,14.3,0,6.2,0,0.5,0,0,1022.4,9.573
17-Oct-03,0,14.1,0,4.5,0,-1.5,0,0,1018.5,9.309
18-Oct-03,0,11.9,0,6.7,0,0.2,0,0,1013.6,9.238
19-Oct-03,0,10.6,0,7.7,0,3.4,0,3.3,1010.3,9.05
20-Oct-03,0,10,0,2.7,0,-1,0,1.9,1010.2,7.644
21-Oct-03,0,9.1,0,0.6,0,-3.4,0,7.7,1006.8,6.67
22-Oct-03,0,7.6,0,0.4,0,-2,0,52.1,1007.3,4.294
23-Oct-03,0,11.3,0,0.1,0,-0.1,0,9.3,1016.2,6.218
24-Oct-03,0,9.8,0,-0.1,0,-4.8,0,0,1021.8,4.72
25-Oct-03,0,10,0,0.6,0,-4.2,0,0,1018.2,4.999
26-Oct-03,0,11.9,0,1.2,0,-3,0,0,1014.8,5.795
27-Oct-03,0,12.4,0,-0.5,0,-4.4,0,0,1014.8,5.195
28-Oct-03,0,11.2,0,2.6,0,-1.8,0,1.8,1003.9,6.964
29-Oct-03,0,9.3,0,2.1,0,-0.2,0,1,991.5,6.727
30-Oct-03,0,9.1,0,0.8,0,-4.9,0,19.5,977.4,5.1
31-Oct-03,0,9.9,0,5.7,0,4.8,0,14.5,978.9,7.236
01-Nov-03,0,11.9,0,1.7,0,-2.1,0,1.7,984.9,6.048
02-Nov-03,0,13,0,7.8,0,0.7,0,0.4,975.8,7.693
03-Nov-03,0,11.6,0,3.5,0,3.3,0,0,993.2,6.688
04-Nov-03,0,15.7,0,4.6,0,-1.6,0,0,1008.9,7.862
05-Nov-03,0,16,0,12.6,0,9.5,0,0.1,1005.3,10.615
06-Nov-03,0,15.2,0,4.3,0,-0.9,0,0,1011.8,9.633
07-Nov-03,0,15.9,0,9.7,0,5.5,0,0,1017.8,10.082
08-Nov-03,0,10.5,0,7.6,0,4,0,0,1012.8,7.556
09-Nov-03,0,14.2,0,8.1,0,5.7,0,0,1005.2,8.225
10-Nov-03,0,15,0,5.8,0,0.1,0,0,1010.6,7.826
11-Nov-03,0,13,0,8.8,0,0.7,0,4.9,1005.4,8.915
12-Nov-03,0,12.8,0,4.1,0,-1.1,0,0.1,1006,7.288
13-Nov-03,0,11.6,0,3.4,0,-1,0,8.6,1001.2,6.38
14-Nov-03,0,11.6,0,7.8,0,4.5,0,1.4,992.6,8.475
15-Nov-03,0,8.6,0,2.9,0,-0.6,0,0.1,1007.2,6.173
16-Nov-03,0,9,0,1.6,0,-3.2,0,0,1012.8,3.651
17-Nov-03,0,14,0,8.8,0,-1.6,0,0.1,1009.5,8.257
18-Nov-03,0,14.4,0,12.6,0,11.3,0,0,1009.9,10.82
19-Nov-03,0,13.8,0,9.8,0,5.5,0,5.7,1008.5,10.382
20-Nov-03,0,12.1,0,1.3,0,5.1,0,3.8,1003,9.167
21-Nov-03,0,6.8,0,-0.4,0,-4.7,0,0,1002,3.42
22-Nov-03,0,7.3,0,-1.2,0,-5.5,0,0,998.5,2.173
23-Nov-03,0,6.6,0,1,0,-5.5,0,0,1001.5,1.794
24-Nov-03,0,10.6,0,1.4,0,-5,0,0,999.1,2.848
25-Nov-03,0,10.9,0,5.4,0,-1.2,0,1.7,986.2,5.631
26-Nov-03,0,6.4,0,2.1,0,-0.3,0,0.3,980.6,4.197
27-Nov-03,0,6.5,0,0.9,0,-4.1,0,0,992.9,2.246
28-Nov-03,0,11.7,0,-0.4,0,-5.5,0,0,996.1,3.426
29-Nov-03,0,12.1,0,4.5,0,1.6,0,18.8,987.4,6.661
30-Nov-03,0,6.8,0,-2.4,0,-2.8,0,0,994.4,3.058
01-Dec-03,0,7.4,0,-3.4,0,-7.5,0,1.6,1001.9,2.05
02-Dec-03,0,11,0,2.9,0,-6,0,13.9,1009.9,5.701
03-Dec-03,0,9.9,0,5.6,0,-0.9,0,0,1020.8,6.231
04-Dec-03,0,9.9,0,1.5,0,4.6,0,0,1028.3,6.645
05-Dec-03,0,9.7,0,2.8,0,-2.1,0,0.1,1026.7,6.348
06-Dec-03,0,10.9,0,6.6,0,7,0,0.1,1025,7.562
07-Dec-03,0,7.8,0,-0.9,0,3,0,0,1022.1,5.021
08-Dec-03,0,7.4,0,-1.5,0,-6.6,0,0,1011.8,2.293
09-Dec-03,0,12.1,0,6.6,0,-4.5,0,0.2,1006.8,5.683
10-Dec-03,0,10.2,0,8.2,0,1.1,0,0.6,1002.9,6.216
11-Dec-03,0,10.1,0,0.2,0,2.4,0,3.8,1003.1,5.779
12-Dec-03,0,13.9,0,1.5,0,-3.2,0,3.7,1004.1,6.49
13-Dec-03,0,13,0,6,0,6.6,0,2,1001.2,8.338
14-Dec-03,0,8.1,0,1.2,0,0.2,0,0.1,1014.8,4.615
15-Dec-03,0,4.6,0,-1.4,0,-5.5,0,0,1023.9,2.366
16-Dec-03,0,10.2,0,1.6,0,-5,0,0,1018.2,3.973
17-Dec-03,0,9.4,0,-0.8,0,0,0,0,1012.7,4.499
18-Dec-03,0,7.4,0,-1.2,0,-4.9,0,0,1008.8,2.271
19-Dec-03,0,8.5,0,5.5,0,-2.9,0,0.2,1009.7,4.84
20-Dec-03,0,9.1,0,1.6,0,1.5,0,5,1000,5.372
21-Dec-03,0,5,0,-1.2,0,-2.7,0,0.1,1011.9,2.643
22-Dec-03,0,6.1,0,-2,0,-7.4,0,1,1025.7,1.493
23-Dec-03,0,10.7,0,6,0,-2,0,0.2,1019.2,5.273
24-Dec-03,0,11.1,0,8.7,0,7,0,0,1015.8,7.308
25-Dec-03,0,11.5,0,8.2,0,7.8,0,4.3,1004.8,7.783
26-Dec-03,0,10.3,0,1.9,0,6.9,0,6.5,989.9,7.087
27-Dec-03,0,3.8,0,-0.2,0,-2,0,0,987.5,3.303
28-Dec-03,0,4.4,0,-0.9,0,-5.2,0,0,996.3,2.021
29-Dec-03,0,5.6,0,-4.3,0,-4.8,0,0,1003,1.589
30-Dec-03,4, ,4, ,0,-7.9,8, , ,1.03
01-Jan-04,0,7.7,0,4,4,-0.5,0,0.5,1005,4.14
02-Jan-04,0,5.8,0,2.4,0,-0.8,0,5.6,1015.1,3.549
03-Jan-04,0,8.9,0,2.5,0,1.1,0,2.7,1013.8,5.124
04-Jan-04,0,9.6,0,2,0,-1.8,0,0.1,1012.7,4.689
05-Jan-04,0,12.6,0,8.3,0,-0.4,0,0.1,1005.3,7.056
06-Jan-04,0,10,0,4.9,0,0.6,0,1.9,1003.6,5.28
07-Jan-04,0,12.4,0,8.4,0,0.6,0,1.4,992.7,6.83
08-Jan-04,0,10,0,5.1,0,4.3,0,12.5,978.7,6.239
09-Jan-04,0,8.3,0,3.3,0,0.1,0,2.7,991.6,3.983
10-Jan-04,0,12.2,0,7.4,0,0,0,5.6,993.3,5.405
11-Jan-04,0,11.4,0,2.5,0,0.3,0,7.4,988.3,5.043
12-Jan-04,0,8.8,0,3.7,0,-0.6,0,2,981.7,3.014
13-Jan-04,0,7,0,1.7,0,0,0,3.8,978.6,3.602
14-Jan-04,0,4.2,0,0.5,0,-2.5,0,0,991.7,2.139
15-Jan-04,0,9.3,0,2.4,0,-2.1,0,13.8,985.2,3.021
16-Jan-04,0,6.1,0,1.5,0,-1,0,0.5,985.1,3.084
17-Jan-04,0,4.9,0,-1.9,0,-6.5,0,0,1005.5,1.438
18-Jan-04,0,7.7,0,-1.3,0,-6.9,0,0,1019.7,1.221
19-Jan-04,0,10.6,0,7.3,0,-1.4,0,0,1014.5,5.304
20-Jan-04,0,9.1,0,7.5,0,7.4,0,0.1,1014,6.738
21-Jan-04,0,9.6,0,7.1,0,5.5,0,0,1011.2,6.373
22-Jan-04,0,11.9,0,4.1,0,4.4,0,0.5,1003.8,7.482
23-Jan-04,0,11.1,0,3.2,0,-1.1,0,3.2,1004.4,6.141
24-Jan-04,0,7.8,0,2.1,0,-2.4,0,0.1,1010,3.45
25-Jan-04,0,6.3,0,-1.5,0,-6,0,0,1006.6,2.052
26-Jan-04,0,4.6,0,-1.4,0,-6.3,0,9.8,1004.5,1.565
27-Jan-04,0,3.2,0,-2.1,0,-7.4,0,0.8,1007.2,1.357
28-Jan-04,0,5,0,-3.2,0,-6.1,0,0.6,1004.2,1.396
29-Jan-04,0,3.6,0,-3.8,0,-8.9,0,0,1005.3,0.81
30-Jan-04,0,10.1,0,3.4,0,-3.2,0,1.3,993.6,2.291
31-Jan-04,0,13.8,0,5,0,3.6,0,12.9,980,6.175
01-Feb-04,0,10.9,0,5.3,0,2.7,0,2.1,995.2,5.52
02-Feb-04,0,13.5,0,8.2,0,4.2,0,3.1,999,7.273
03-Feb-04,0,15.1,0,8.9,0,10.1,0,3.7,1000.7,9.443
04-Feb-04,0,14.9,0,7.9,0,2.5,0,5.6,1004.2,8.412
05-Feb-04,0,14.1,0,8.7,0,6.3,0,0,1007.2,8.173
06-Feb-04,0,9.5,0,4.6,0,2.5,0,0,1002.9,6.359
07-Feb-04,0,8.4,0,3.1,0,-0.3,0,1.6,1007.6,4.738
08-Feb-04,0,7,0,-2.5,0,-1,0,0,1020.4,3.914
09-Feb-04,0,8.2,0,-3.6,0,-7.3,0,0,1027.8,2.944
10-Feb-04,0,11.3,0,6.8,0,0.4,0,0,1024.2,5.822
11-Feb-04,0,12.8,0,3.4,0,-1.7,0,0,1026.2,6.433
12-Feb-04,0,11.4,0,-0.7,0,-4.7,0,0,1025.2,5.055
13-Feb-04,0,10.5,0,2.2,0,-1.3,0,1.1,1026.5,5.627
14-Feb-04,0,9.8,0,-1.7,0,-5.6,0,0,1024.8,4.382
15-Feb-04,0,9.6,0,0.5,0,-4.1,0,0,1023,4.763
16-Feb-04,0,10.1,0,0.6,0,-3.8,0,0.3,1024.3,5.277
17-Feb-04,0,8.9,0,0.1,0,0,0,0,1028.2,5.418
18-Feb-04,0,9.6,0,-3.5,0,-6.9,0,0,1028.9,3.785
19-Feb-04,0,8.2,0,-3.1,0,-7,0,0,1026.2,3.136
20-Feb-04,0,6.8,0,3.3,0,-1.8,0,0,1019.3,3.603
21-Feb-04,0,6.1,0,2.8,0,0.5,0,0,1014.2,3.613
22-Feb-04,0,6.6,0,-0.9,0,-4.9,0,0,1019,3.075
23-Feb-04,0,6.3,0,-3.1,0,-7.8,0,0,1021.1,2.878
24-Feb-04,0,7.8,0,0.4,0,0.2,0,2.6,1013.9,4.38
25-Feb-04,0,5.4,0,-2,0,-6.8,0,0,1010.7,3.237
26-Feb-04,0,4.3,0,-3.2,0,-8.1,0,0.1,1004.8,2.339
27-Feb-04,0,4.9,0,-2.9,0,-8.3,0,0,1002.8,1.613
28-Feb-04,0,5.8,0,-4.2,0,-9.6,0,0,1009.3,1.449
29-Feb-04,0,7,0,-4.9,0,-9.4,0,0,1020.4,1.151
01-Mar-04,0,9,0,-5,0,-8.8,0,0,1028.2,1.38
02-Mar-04,0,8.6,0,-4.5,0,-9.2,0,0,1023.2,1.722
03-Mar-04,0,11,0,2.2,0,3,0,4.3,1013.2,4.534
04-Mar-04,0,13,0,0.8,0,-4.1,0,1,1012.2,4.842
05-Mar-04,0,10.9,0,1.6,0,-3.6,0,0,1015.4,5.053
06-Mar-04,0,11.1,0,0,0,-4.5,0,0.8,1019.5,4.772
07-Mar-04,0,10.6,0,-0.3,0,-4,0,0.1,1024.7,4.646
08-Mar-04,0,9.7,0,-1.4,0,-5.7,0,0,1029.6,4.197
09-Mar-04,0,8.1,0,-3.3,0,-7.4,0,0,1028.9,3.307
10-Mar-04,0,5.6,0,2.7,0,-3.5,0,0,1020.7,3.714
11-Mar-04,0,4.2,0,1.7,0,-0.7,0,3,1004.7,3.146
12-Mar-04,0,8.7,0,2.2,0,1.2,0,3.7,994.6,4.142
13-Mar-04,0,10.4,0,0.4,0,-4.6,0,1.6,997.5,4.788
14-Mar-04,0,13,0,5.1,0,-0.2,0,3.7,998,6.609
15-Mar-04,0,16.9,0,7.7,0,2.7,0,1.2,1007.3,8.123
16-Mar-04,0,14.6,0,9.2,0,5.5,0,2.6,1008.9,9.47
17-Mar-04,0,14.7,0,6.5,0,1,0,0,1014.4,8.498
18-Mar-04,0,11.5,0,5.6,0,1.1,0,1.4,1008.5,7.54
19-Mar-04,0,11.3,0,5.3,0,1.7,0,4.3,993.5,7.758
20-Mar-04,0,13.8,0,3.6,0,4.3,0,5.3,989,8.698
21-Mar-04,0,11.2,0,3.6,0,0.9,0,2,996.7,7.15
22-Mar-04,0,9.6,0,2.3,0,-0.2,0,3.2,1008.8,6.714
23-Mar-04,0,9.9,0,0.5,0,-3,0,1,1017.8,5.98
24-Mar-04,0,10.7,0,-0.5,0,-5.2,0,0,1024,5.837
25-Mar-04,0,10.8,0,4.8,0,0.3,0,0.1,1020.8,7.301
26-Mar-04,0,11,0,4.3,0,2.8,0,0,1019.8,7.813
27-Mar-04,0,10.3,0,7.4,0,6.7,0,0,1012.3,8.837
28-Mar-04,0,12.5,0,5.3,0,0.1,0,0.1,1010.8,8.863
29-Mar-04,0,11.9,0,4.3,0,5.1,0,0,1015,9.167
30-Mar-04,0,12.1,0,3.8,0,-0.9,0,0,1009.4,8.263
31-Mar-04,0,14.4,0,3.8,0,-1.7,0,1.8,1000.8,8.857
01-Apr-04,0,13.2,0,8.3,0,5.7,0,3.7,994.6,10.467
02-Apr-04,0,13.8,0,6.8,0,2.9,0,0.5,994.3,9.873
03-Apr-04,0,12.9,0,5.2,0,5.6,0,2,996.6,10.305
04-Apr-04,0,11.1,0,3.8,0,-0.4,0,2.4,1003.3,8.538
05-Apr-04,0,11.7,0,3.8,0,1.8,0,1.6,1006.4,8.696
06-Apr-04,0,11.3,0,3.8,0,0.8,0,0.2,1008.5,8.474
07-Apr-04,0,11.9,0,1.9,0,-2.1,0,0,1015,7.852
08-Apr-04,0,10.4,0,0.4,0,-3.6,0,0.9,1016.9,7.187
09-Apr-04,0,13.1,0,7.8,0,7.2,0,2.7,1014.8,9.868
10-Apr-04,0,12.1,0,6.7,0,4.8,0,0.9,1015.7,10.415
11-Apr-04,0,11.5,0,5.7,0,3.3,0,0,1018.4,10.345
12-Apr-04,0,13.3,0,4.8,0,0.7,0,0.1,1021.6,10.297
13-Apr-04,0,11.3,0,3.7,0,-0.5,0,0.3,1018.5,10.025
14-Apr-04,0,14.3,0,9.4,0,8.1,0,0,1008.2,10.995
15-Apr-04,0,12.4,0,5.2,0,6.8,0,7.1,1002.2,10.863
16-Apr-04,0,12.1,0,1.3,0,-2.3,0,0.1,1003.8,9.665
17-Apr-04,0,9.1,0,1.1,0,-2.5,0,2.4,989.4,7.85
18-Apr-04,0,10.8,0,2.3,0,-0.5,0,2,976.5,9.048
19-Apr-04,0,14.3,0,0.8,0,-2.4,0,3.5,983.1,8.602
20-Apr-04,0,11.4,0,3.4,0,0.3,0,0.5,988.5,9.23
21-Apr-04,0,15.8,0,7.5,0,5.6,0,3.1,992.5,10.65
22-Apr-04,0,14.9,0,5.7,0,0.6,0,0.1,1007.2,11.238
23-Apr-04,0,18.2,0,9.7,0,6.6,0,0,1016.3,13.342
24-Apr-04,0,18.8,0,7.6,0,9.9,0,0,1019.2,15.15
25-Apr-04,0,16,0,5.1,0,0.4,0,0,1019.2,14.095
26-Apr-04,0,16.1,0,3.7,0,0.4,0,0,1015.7,13.798
27-Apr-04,0,15.1,0,4,0,0,0,0,1014,13.517
28-Apr-04,0,14,0,6.8,0,5.2,0,0,1011.5,12.583
29-Apr-04,0,12.1,0,6.1,0,4,0,0.5,1005.8,11.06
30-Apr-04,0,12.5,0,6.3,0,3.8,0,0,1003.2,10.255
01-May-04,0,16.2,0,7.6,0,5.7,0,0,1004.4,13.062
02-May-04,0,14.8,0,4.5,0,0.5,0,0,1003.6,13.685
03-May-04,0,14,0,5.1,0,1.3,0,2.4,992.2,13.94
04-May-04,0,11.3,0,5.5,0,3.5,0,10.2,974.7,12.097
05-May-04,0,11.7,0,5.9,0,5.2,0,7.6,976.3,11.615
06-May-04,0,13.6,0,6.1,0,6.2,0,1.1,988.1,12.125
07-May-04,0,15.9,0,5.4,0,0.6,0,0.1,1000.1,12.81
08-May-04,0,15.5,0,3.4,0,0,0,0,1003.8,13.262
09-May-04,0,13.9,0,7.8,0,5.5,0,0.4,1006,12.99
10-May-04,0,17.3,0,9.7,0,9.8,0,0,1011.8,14.493
11-May-04,0,13.4,0,9,0,9.6,0,0.1,1017,13.967
12-May-04,0,13.4,0,9.1,0,11.4,0,0,1019.4,13.545
13-May-04,0,15.2,0,8.3,0,4.9,0,0,1018.2,13.68
14-May-04,0,17.4,0,8.9,0,4.4,0,0,1020.5,14.122
15-May-04,0,18.5,0,8.1,0,4.3,0,0,1023.8,16.298
16-May-04,0,21.9,0,6.7,0,3.4,0,0,1022.8,17.792
17-May-04,0,17.5,0,8,0,5.7,0,0,1020.5,16.358
18-May-04,0,20.6,0,5,0,0.2,0,0,1019.2,17.12
19-May-04,0,18.6,0,10.3,0,7.4,0,0.2,1018.8,17.42
20-May-04,0,16.1,0,5.2,0,5.1,0,0.5,1019.2,17.013
21-May-04,0,14.1,0,2,0,-1.7,0,0,1022.3,14.078
22-May-04,0,15,0,2,0,-2.5,0,0,1025.6,14.823
23-May-04,0,18.1,0,1.8,0,-2.5,0,0,1024.4,15.96
24-May-04,0,17.9,0,6.7,0,2.3,0,0,1021.8,16.603
25-May-04,0,15.5,0,6.2,0,2.4,0,0,1018.6,17.012
26-May-04,0,16.6,0,5.5,0,0.8,0,0,1015.3,17.475
27-May-04,0,17.4,0,6,0,1.2,0,0,1014.2,17.085
28-May-04,0,18.3,0,11.1,0,10.8,0,0.4,1011.3,16.463
29-May-04,0,19.9,0,8.3,0,4.7,0,0.7,1010.2,17.065
30-May-04,0,16.4,0,7.7,0,3.2,0,12.3,1011.8,16.065
31-May-04,0,16,0,6.2,0,2.4,0,4.8,1009.3,14.715
01-Jun-04,0,20.9,0,9.5,0,7.1,0,0,1013.8,16.34
02-Jun-04,0,18,0,6.9,0,3.4,0,0,1022.2,16.315
03-Jun-04,0,19,0,12.1,0,10.7,0,1.6,1020.8,16.78
04-Jun-04,0,20.2,0,14,0,10.4,0,0,1017.2,17.27
05-Jun-04,0,20.9,0,14,0,14.4,0,0,1014.6,18.342
06-Jun-04,0,22.6,0,12.1,0,8.7,0,0,1011.2,19.237
07-Jun-04,0,19.5,0,11.4,0,8.4,0,0,1010.1,19.808
08-Jun-04,0,20.5,0,12.3,0,9.7,0,0,1008.5,19.575
09-Jun-04,0,22.3,0,14.5,0,12.2,0,0,1009,20.708
10-Jun-04,0,20.9,0,11.6,0,9.7,0,5.8,1007.2,20.08
11-Jun-04,0,17.5,0,11.1,0,8.7,0,5.2,1012.5,18.16
12-Jun-04,0,18.8,0,9.9,0,7.8,0,0,1020.9,17.743
13-Jun-04,0,24.1,0,9.2,0,7.3,0,0,1026.6,18.65
14-Jun-04,0,25.2,0,12.2,0,9.8,0,0,1025.2,21.025
15-Jun-04,0,20.7,0,12.2,0,10.3,0,0,1021,20.233
16-Jun-04,4, ,4, ,0,14.2,8, , ,19.13
18-Jun-04,0,15.9,0,6.2,4, ,0,4,1006.9,18.292
19-Jun-04,0,16.1,0,4.4,0,-0.4,0,2.2,1006.3,16.36
20-Jun-04,0,15.8,0,5.7,0,0.4,0,4.5,1002.5,16.048
21-Jun-04,0,17,0,6.4,0,1.8,0,0,1003,16.513
22-Jun-04,0,16.4,0,6.9,0,2.9,0,19.1,993.5,15.815
23-Jun-04,0,15.7,0,8.8,0,6.7,0,6.1,989.8,15.378
24-Jun-04,0,16.6,0,8,0,4.5,0,0.1,1004.4,15.255
25-Jun-04,0,18.2,0,5.8,0,0.5,0,0,1010.6,16.54
26-Jun-04,0,22.2,0,11.9,0,7.5,0,0.8,1004,17.807
27-Jun-04,0,19.8,0,9,0,6.6,0,0.3,1009.2,18.868
28-Jun-04,0,17.8,0,8,0,2.6,0,2.8,1016.5,16.767
29-Jun-04,0,18.8,0,11.6,0,7.5,0,0,1012.1,16.823
30-Jun-04,0,19,0,10.1,0,13.6,0,2.4,1004.2,18.29
01-Jul-04,0,18,0,9.1,0,5.1,0,4.4,1001.6,17.795
02-Jul-04,0,17.6,0,9.1,0,4.7,0,4.4,998.8,17.105
03-Jul-04,0,17.2,0,10.9,0,9,0,9.4,1003.2,16.91
04-Jul-04,0,16.8,0,7.8,0,6.4,0,3.4,1009.5,16.705
05-Jul-04,0,20,0,5.4,0,1,0,1.3,1014.8,16.7
06-Jul-04,0,17.6,0,9.7,0,9.4,0,0,1015.7,17.577
07-Jul-04,4, ,4, ,0,4.9,8, , ,16.673
15-Jul-04,0,17.6,0,12.7,4, ,0,6,1008.1,18.298
16-Jul-04,0,18.6,0,10.4,0,7.8,0,0,1005.8,18.09
17-Jul-04,0,19.3,0,9.1,0,10.7,0,2.1,1004.8,18.377
18-Jul-04,0,19.5,0,8,0,3.4,0,0,1008.5,17.99
19-Jul-04,0,19.9,0,8.1,0,3.5,0,0,1007.4,18.142
20-Jul-04,0,19.8,0,10.9,0,7.2,0,0.6,1002,17.425
21-Jul-04,0,21.2,0,13.1,0,9.6,0,0,1004,18.425
22-Jul-04,0,21.7,0,11.5,0,11.6,0,0,1009.5,19.583
23-Jul-04,0,19.9,0,10,0,4.5,0,0,1015.6,19.147
24-Jul-04,0,17.6,0,9.1,0,4,0,0,1018.5,17.805
25-Jul-04,0,16.8,0,12.3,0,10.8,0,0.5,1014.8,17.132
26-Jul-04,0,17,0,13.7,0,13.7,0,1.8,1013.5,17.06
27-Jul-04,0,20.7,0,14.7,0,14.6,0,1,1014.6,18.358
28-Jul-04,0,21.5,0,13.4,0,12.9,0,0,1011.3,19.353
29-Jul-04,0,21.5,0,13.3,0,9.4,0,0.9,1007.8,18.173
30-Jul-04,0,19.9,0,8.9,0,3.2,0,0,1013.9,18.778
31-Jul-04,0,21.4,0,11.9,0,9,0,0,1016.2,20.142
01-Aug-04,0,23.2,0,11.3,0,5.9,0,0,1012.9,20.13
02-Aug-04,0,23.6,0,15.3,0,10.7,0,0,1005.9,20.32
03-Aug-04,0,22,0,15,0,11.8,0,0,1006.2,20.243
04-Aug-04,0,20.3,0,13.1,0,12.9,0,0.2,1008.9,19.67
05-Aug-04,0,22.1,0,15.6,0,15.3,0,0.6,1006.4,20.263
06-Aug-04,0,21.2,0,12.4,0,8.4,0,1.3,1006.4,20.105
07-Aug-04,0,21.4,0,10.7,0,6.2,0,0,1002.7,19.493
08-Aug-04,0,19.8,0,14.4,0,15,0,2.3,993.8,18.855
09-Aug-04,0,22.5,0,12.3,0,10.6,0,0,999.5,18.905
10-Aug-04,0,21.8,0,11.1,0,5.2,0,0,1002.1,19.51
11-Aug-04,0,20.7,0,11.9,0,6.6,0,3,1000.3,19.515
12-Aug-04,0,21,0,14.4,0,12.4,0,10.3,996,19.792
13-Aug-04,0,22.8,0,14,0,11,0,0,1002.8,20.42
14-Aug-04,0,24.2,0,14.5,0,11.7,0,0,1009.3,21.42
15-Aug-04,0,23.1,0,12.7,0,8.3,0,16.4,1005.3,20.87
16-Aug-04,0,19.7,0,12.8,0,12.5,0,15.8,997,19.65
17-Aug-04,0,21.1,0,12.7,0,8.9,0,0.1,991.3,18.833
18-Aug-04,0,19.3,0,13.9,0,10.7,0,23.1,986.9,18.1
19-Aug-04,0,20.9,0,13.2,0,13.3,0,13.3,990.5,18.323
20-Aug-04,0,18.4,0,8,0,11,0,0.3,1002.9,17.288
21-Aug-04,0,17.4,0,6.7,0,1.7,0,0,1011.9,15.985
22-Aug-04,0,15.4,0,10.5,0,9,0,7.9,1007,15.605
23-Aug-04,0,21.6,0,13.3,0,13.1,0,11.2,999.4,16.853
24-Aug-04,0,18.6,0,11.1,0,10.4,0,0.6,999.2,17.56
25-Aug-04,0,19.5,0,10.3,0,6,0,1.2,1006.7,16.642
26-Aug-04,0,18.4,0,12,0,8.5,0,0.4,1007.2,16.853
27-Aug-04,0,19.3,0,9.8,0,13,0,0.9,1003.8,17.608
28-Aug-04,0,17.6,0,9.8,0,6.4,0,0.5,1004.9,16.733
29-Aug-04,0,18.4,0,11.7,0,9.5,0,0.6,1002.8,16.782
30-Aug-04,0,18.5,0,8.6,0,6.1,0,0,1011,16.067
31-Aug-04,0,19.4,0,6.4,0,1.6,0,0,1013.7,15.918
01-Sep-04,0,17.5,0,7.9,0,3.2,0,0,1008.7,15.548
02-Sep-04,0,17.8,0,10,0,7.4,0,0.2,1008,16.083
03-Sep-04,0,21.6,0,10.5,0,5.1,0,0,1012.3,16.085
04-Sep-04,0,25.1,0,15.9,0,15.3,0,0,1018.8,19.198
05-Sep-04,0,22.6,0,14.3,0,10.9,0,0,1023.1,19.395
06-Sep-04,0,19.4,0,14.9,0,14.1,0,0,1026.8,18.667
07-Sep-04,0,17.9,0,11.1,0,12.9,0,0,1029.4,18.555
08-Sep-04,0,20.7,0,9.4,0,4.1,0,0, , 
09-Sep-04,4, ,4, ,0,3,8, , , 
17-Sep-04,0,17.4,0,9.3,4, ,0,0.1,1000.6,14.042
18-Sep-04,0,16.3,0,8.8,0,8.3,0,10.2,999.6,14.708
19-Sep-04,0,15.4,0,8.3,0,4.1,0,2.4,1001.6,13.255
20-Sep-04,0,15.3,0,9.6,0,9.9,0,0.6,999.7,13.873
21-Sep-04,0,15.5,0,8.2,0,5,0,0,1010.8,12.708
22-Sep-04,0,17.5,0,11.8,0,7.1,0,1.9,1011,14.392
23-Sep-04,0,16.1,0,7,0,13,0,2.7,1012.2,15.405
24-Sep-04,0,14.1,0,5.2,0,0,0,0,1019.2,12.892
25-Sep-04,0,18.8,0,11.6,0,7.9,0,1,1017.1,14.222
26-Sep-04,0,18.8,0,12.1,0,10.9,0,0.4,1015.5,15.185
27-Sep-04,0,17.6,0,13.9,0,14.1,0,0.6,1015.2,15.71
28-Sep-04,0,16.4,0,11.9,0,12,0,0.8,1012.2,15.425
29-Sep-04,0,17.8,0,11.4,0,10.9,0,13.2,1008.3,15.15
30-Sep-04,0,16.8,0,8.8,0,12.5,0,6.5,1009.2,15.432
01-Oct-04,0,16.7,0,8.9,0,5,0,2.8,1005.5,14.113
02-Oct-04,0,16.3,0,8.5,0,4.9,0,0.2,1002.8,12.985
03-Oct-04,0,16.4,0,8.6,0,3.9,0,4.7,996.1,12.062
04-Oct-04,0,14.2,0,6.3,0,2.9,0,10.5,991.5,12.545
05-Oct-04,0,14.9,0,8,0,5.2,0,0,995,11.967
06-Oct-04,0,13,0,6,0,2.2,0,2.9,1002.9,11.51
07-Oct-04,0,15.1,0,6.6,0,2.2,0,0.1,1010.3,11.615
08-Oct-04,0,13.8,0,4,0,-0.5,0,0.4,1016.1,10.925
09-Oct-04,0,12.3,0,6.2,0,0.3,0,0,1016.2,10.225
10-Oct-04,0,13.1,0,10.2,0,8.2,0,0.2,1012.4,10.84
11-Oct-04,0,12.9,0,5.4,0,5.7,0,0,1010.8,10.56
12-Oct-04,0,13.3,0,5.4,0,1.2,0,0,1004.4,10.655
13-Oct-04,0,14.3,0,4.3,0,1.3,0,3.1,995.1,10.887
14-Oct-04,0,10.2,0,4.1,0,-1,0,3.4,991.5,9.835
15-Oct-04,0,12.8,0,4,0,1.3,0,0.2,992.7,9.512
16-Oct-04,0,12.1,0,4.3,0,-1.2,0,5.2,996.1,9.41
17-Oct-04,0,12.3,0,4.8,0,0.1,0,0.6,1001.5,9.052
18-Oct-04,0,12.9,0,3.7,0,-2.3,0,0.4,998.9,8.457
19-Oct-04,0,9.5,0,1.7,0,3.2,0,1.9,991.6,8.72
20-Oct-04,0,9.8,0,3.5,0,-2.1,0,25.1,986,8.07
21-Oct-04,0,13,0,2.6,0,-1.8,0,2.2,987,8.085
22-Oct-04,0,11.2,0,7,0,1.8,0,11.7,990.4,8.202
23-Oct-04,0,11,0,7,0,5.8,0,5.9,990.3,9.605
24-Oct-04,0,16.4,0,8,0,8.4,0,0.8,982.6,10.622
25-Oct-04,0,11.9,0,3.4,0,3.3,0,0.4,991.9,9.927
26-Oct-04,0,13.2,0,1.6,0,-2.6,0,0,999.8,7.927
27-Oct-04,0,12.4,0,9.5,0,0.9,0,26.7,983.5,9.33
28-Oct-04,0,13.7,0,8,0,8.8,0,20.6,974.7,10.202
29-Oct-04,0,12.4,0,10,0,6.6,0,14.3,985.9,10.55
30-Oct-04,0,12.4,0,6.1,0,8.1,0,0,1004.2,10.76
31-Oct-04,0,8.8,0,4.9,0,2.1,0,0,1017.2,9.747
01-Nov-04,0,10.4,0,4.4,0,1,0,0,1018.5,9.347
02-Nov-04,0,12.9,0,6.6,0,3.5,0,0,1011.2,9.807
03-Nov-04,0,13.8,0,6,0,1.9,0,1.1,1006.3,9.96
04-Nov-04,0,11.4,0,4.8,0,-0.4,0,0.1,1014.8,8.703
05-Nov-04,0,11.1,0,5.6,0,-1.1,0,0,1024.1,8.003
06-Nov-04,0,12.5,0,9.7,0,4.5,0,0.9,1024.2,9.547
07-Nov-04,0,11.9,0,8.6,0,7.4,0,0.3,1021.2,10.24
08-Nov-04,0,11.3,0,8.5,0,4.4,0,0.3,1016,10.45
09-Nov-04,0,10.4,0,6.8,0,4.7,0,0.4,1013.2,9.905
10-Nov-04,0,10.8,0,5,0,-1.5,0,0,1017.6,8.04
11-Nov-04,0,11.5,0,7.7,0,0.2,0,0.2,1019.5,8.75
12-Nov-04,0,12.1,0,3,0,6.2,0,0.3,1022.8,9.573
13-Nov-04,0,8.7,0,1.3,0,-1.4,0,0,1032.3,6.791
14-Nov-04,0,9.1,0,3.6,0,-1.9,0,0,1029.9,6.826
15-Nov-04,0,11.6,0,7.1,0,4.7,0,0,1022.9,8.092
16-Nov-04,0,12.6,0,9.9,0,5.9,0,0.1,1019.1,9.39
17-Nov-04,0,12.4,0,8,0,9.4,0,1.3,1015,10.267
18-Nov-04,0,8.1,0,1,0,5.5,0,17.3,1008.5,8.445
19-Nov-04,0,4,0,-1.2,0,-5.1,0,0,1016.6,5.475
20-Nov-04,0,7.5,0,0.5,0,-3.9,0,11.8,1016.1,5.475
21-Nov-04,0,12.6,0,7.5,0,3.5,0,1.6,1009.2,7.88
22-Nov-04,0,12.6,0,10,0,6.7,0,0.1,1012.4,8.975
23-Nov-04,0,12.2,0,6.6,0,6.7,0,0,1020.3,9.333
24-Nov-04,0,13.3,0,6.9,0,2.6,0,0.1,1019.9,8.715
25-Nov-04,0,13,0,8.8,0,2.6,0,0.2,1013.2,8.88
26-Nov-04,0,11.3,0,3.5,0,3.4,0,0.4,1014,8.877
27-Nov-04,0,10.4,0,1.8,0,-1.1,0,1,1014.3,6.997
28-Nov-04,0,7.4,0,1.5,0,-3.1,0,0.1,1014.9,5.294
29-Nov-04,0,7.2,0,1.6,0,-3,0,0,1012.5,4.479
30-Nov-04,0,10.7,0,4.8,0,-1.8,0,0.1,1003.8,5.318
01-Dec-04,0,7.3,0,2.7,0,0.2,0,0,1005.5,6.259
02-Dec-04,0,3.5,0,-0.6,0,-4.7,0,0.1,1010.8,4.552
03-Dec-04,0,10,0,3.2,0,-4.2,0,0.4,1015.8,5.218
04-Dec-04,0,10.8,0,5.3,0,-0.7,0,0.1,1020.4,6.244
05-Dec-04,0,11.6,0,6.2,0,-0.5,0,0.3,1021.8,7.104
06-Dec-04,0,11.9,0,6.1,0,2,0,0.9,1018.1,7.753
07-Dec-04,0,9.2,0,0.8,0,-3,0,0,1022.2,5.931
08-Dec-04,0,11.1,0,4.5,0,-2.7,0,0.6,1020.6,6.419
09-Dec-04,0,11.1,0,2.7,0,-2.1,0,0,1015.8,6.302
10-Dec-04,0,10.9,0,5.6,0,5.6,0,0.5,1014.3,7.528
11-Dec-04,0,12.2,0,8.5,0,1.1,0,0.1,1019,8.128
12-Dec-04,0,9.4,0,6.2,0,1.6,0,0,1020.3,7.657
13-Dec-04,0,9.6,0,6.7,0,1.4,0,0,1016.7,7.285
14-Dec-04,0,12.5,0,9.1,0,0.3,0,0.6,1008.8,7.84
15-Dec-04,0,12.5,0,1.8,0,-0.9,0,4.7,1007.1,7.361
16-Dec-04,0,8.8,0,5.7,0,-2.7,0,2.4,996.5,5.952
17-Dec-04,0,6.7,0,2.2,0,1.7,0,4.4,995.5,5.498
18-Dec-04,0,6.3,0,4.1,0,-2.4,0,11.6,1000.2,4.539
19-Dec-04,0,6.7,0,-2.4,0,0.2,0,0.5,1006.4,4.449
20-Dec-04,0,7.4,0,-0.9,0,-6.4,0,0.5,1010.9,3.022
21-Dec-04,0,7.1,0,0.8,0,-4.9,0,3.6,1016.2,2.732
22-Dec-04,0,11.6,0,7.1,0,-3.4,0,5.9,1006.9,5.995
23-Dec-04,0,11.1,0,6.8,0,8.1,0,1.4,1002.2,7.625
24-Dec-04,0,7.2,0,1,0,2,0,2.5,992.7,6.02
25-Dec-04,0,1.9,0,0.1,0,-4,0,2.7,994.2,3.687
26-Dec-04,0,4.9,0,0.5,0,-3.8,0,0.1,1009.2,2.804
27-Dec-04,0,9.8,0,1.5,0,-4.3,0,4.3,1003.8,3.533
28-Dec-04,0,6.1,0,0.4,0,-4.1,0,0,1006.5,3.227
29-Dec-04,0,12.3,0,2.7,0,-2.5,0,0.1,1016.1,3.938
30-Dec-04,0,12.7,0,10,0,4.4,0,1.5,1014.5,6.915
31-Dec-04,0,10.8,0,5.7,0,3.3,0,0.9,1014.7,7.225
01-Jan-05,0,12,0,1.8,0,0.6,0,2.7,1005.4,6.2
02-Jan-05,0,7.6,0,1.6,0,-2.8,0,0,1016.8,3.743
03-Jan-05,0,10.6,0,6.5,0,-2.3,0,0,1016.8,4.991
04-Jan-05,0,10.8,0,3.9,0,2.1,0,2.8,1009.2,5.976
05-Jan-05,0,9.4,0,3.9,0,-1.2,0,1.2,1009.1,4.791
06-Jan-05,0,12.7,0,4.1,0,-1.9,0,0,1009.8,5.144
07-Jan-05,0,13.2,0,10.5,0,5.6,0,25.5,992,7.845
08-Jan-05,0,12.4,0,2.2,0,0.2,0,3,992.7,6.663
09-Jan-05,0,13.6,0,6.8,0,-0.4,0,0.6,997.5,6.14
10-Jan-05,0,12.9,0,6.9,0,4.4,0,1,997.5,7.334
11-Jan-05,0,13.3,0,3.1,0,0.7,0,2.1,996.1,6.682
12-Jan-05,0,6.6,0,2.8,0,-0.6,0,0.4,1009.4,4.478
13-Jan-05,0,7.8,0,1.1,0,-5.3,0,0.1,1018.9,2.991
14-Jan-05,0,11.7,0,7.3,0,-4.6,0,0,1011.6,5.056
15-Jan-05,0,14,0,7.8,0,7.9,0,0.6,1007.3,7.583
16-Jan-05,0,10,0,6.8,0,0.1,0,0.5,1005.8,6.395
17-Jan-05,0,10.2,0,0.3,0,3,0,3.4,996.1,6.555
18-Jan-05,0,6.8,0,-0.5,0,-2.7,0,2.6,995.9,4.345
19-Jan-05,0,11.4,0,3.8,0,-0.3,0,4,1004.8,5.253
20-Jan-05,0,11.6,0,5.8,0,5.6,0,1.9,1005.4,7.338
21-Jan-05,0,6.4,0,2.7,0,-0.3,0,3.1,1011.3,6.029
22-Jan-05,0,5.3,0,2.6,0,0.8,0,10.4,1015.3,5.443
23-Jan-05,0,5,0,-0.7,0,-4.5,0,0,1026.8,3.865
24-Jan-05,0,6,0,0.6,0,-5.5,0,0,1032.4,2.984
25-Jan-05,0,7.5,0,0.9,0,-5,0,1.9,1030.8,3.466
26-Jan-05,0,8.9,0,4.9,0,-1.8,0,0.8,1031.4,5.369
27-Jan-05,0,7.3,0,4,0,-1.4,0,0,1027.8,5.248
28-Jan-05,0,8.6,0,4.3,0,-1.8,0,0.1,1023.8,5.425
29-Jan-05,0,8.6,0,5.9,0,2.4,0,0.2,1026.7,6.121
30-Jan-05,0,8.1,0,6.2,0,3.3,0,0.2,1031.2,6.774
31-Jan-05,0,10.2,0,6.6,0,5.4,0,0.2,1032.4,7.105
01-Feb-05,0,9,0,5.4,0,6.2,0,0,1033.9,7.48
02-Feb-05,0,10.2,0,3.6,0,-0.7,0,0.3,1034.1,6.874
03-Feb-05,0,8.3,0,5.6,0,0.9,0,0,1029.9,7.082
04-Feb-05,0,11.1,0,5,0,0.4,0,1.8,1017.2,6.983
05-Feb-05,0,6.6,0,0.6,0,-3.1,0,0.1,1010.6,5.701
06-Feb-05,0,5.4,0,0.6,0,-4.4,0,6.7,1015,4.175
07-Feb-05,0,8.5,0,-1.3,0,-4.8,0,0,1013.7,4.189
08-Feb-05,0,9.1,0,5.8,0,-1.6,0,1.2,1012.8,5.355
09-Feb-05,0,10.2,0,6.8,0,0.9,0,1.8,1011.2,6.236
10-Feb-05,0,9.5,0,4,0,-0.5,0,1.1,1011.5,6.746
11-Feb-05,0,12,0,2.2,0,-1.1,0,2.7,1006.5,6.469
12-Feb-05,0,11.6,0,5.3,0,3.7,0,6.3,1003.3,7.918
13-Feb-05,0,6.5,0,1.8,0,-0.3,0,1,1015.2,5.933
14-Feb-05,0,8.9,0,1.1,0,-3.2,0,0,1021.2,5.029
15-Feb-05,0,7.1,0,-2,0,-6,0,0,1022.9,4.579
16-Feb-05,0,7.7,0,-2.3,0,-5.5,0,0.1,1023.5,4.264
17-Feb-05,0,9.4,0,4.8,0,0.7,0,0.7,1023,6.235
18-Feb-05,0,10.7,0,4.4,0,2.6,0,0.7,1019.5,6.593
19-Feb-05,0,6.8,0,2,0,-1.4,0,0.3,1019.7,5.819
20-Feb-05,0,5.8,0,0.6,0,-2.6,0,0,1018,4.806
21-Feb-05,0,4,0,0.3,0,-3.3,0,4.4,1012.4,3.833
22-Feb-05,0,5.5,0,-0.2,0,-1.9,0,3.8,1015,3.44
23-Feb-05,0,3.9,0,-1.5,0,-6.2,0,4.5,1015.7,2.736
24-Feb-05,0,4.2,0,0.5,0,-2.2,0,2.6,1016.3,2.737
25-Feb-05,0,6.7,0,2.2,0,0,0,1.6,1017.7,3.772
26-Feb-05,0,7.2,0,-0.6,0,-3.9,0,0.1,1020.2,4.458
27-Feb-05,0,6,0,2.4,0,-0.2,0,2.1,1024.7,4.666
28-Feb-05,0,7,0,0.5,0,-1.9,0,0,1015.5,4.694
01-Mar-05,0,6.8,0,0.5,0,-2.2,0,1.1,1001.4,4.814
02-Mar-05,0,6.7,0,-0.3,0,-4.3,0,0.4,1005.5,4.076
03-Mar-05,0,6.8,0,-3,0,-7.3,0,0.1,1014.9,3.761
04-Mar-05,0,9.9,0,3.3,0,-2.3,0,0.8,1012.1,4.872
05-Mar-05,0,8.9,0,0.7,0,-4.6,0,0,1016.3,4.557
06-Mar-05,0,8.4,0,-3,0,-7.2,0,0,1024.2,4.097
07-Mar-05,0,8.8,0,-0.6,0,-5.3,0,0.1,1027.1,4.286
08-Mar-05,0,8.2,0,3.4,0,2.7,0,0,1028.9,5.526
09-Mar-05,0,7.9,0,4.6,0,-1.6,0,0,1029.9,5.698
10-Mar-05,0,11.5,0,2.8,0,-2.3,0,0,1024.3,6.294
11-Mar-05,0,9.8,0,4.5,0,4.7,0,0.6,1013.8,7.08
12-Mar-05,0,7.9,0,0.2,0,-3.3,0,0,1008.9,6.279
13-Mar-05,0,6.8,0,-0.8,0,-4.4,0,0.1,1006.6,5.502
14-Mar-05,0,10.4,0,0.7,0,-2.5,0,2.6,1000,6.022
15-Mar-05,0,13.6,0,9.7,0,6.3,0,0,999.9,7.697
16-Mar-05,0,17.3,0,11.6,0,8.9,0,0,1001.2,9.698
17-Mar-05,0,16.8,0,11.8,0,8.4,0,0,1010.4,10.628
18-Mar-05,0,16.4,0,6.3,0,8.5,0,0,1018.6,10.967
19-Mar-05,0,12.4,0,5.1,0,1.7,0,0.1,1017.5,10.15
20-Mar-05,0,15.2,0,5.8,0,1.5,0,0,1008.3,10.1
21-Mar-05,0,12.8,0,10,0,8.8,0,2.7,995.1,10.257
22-Mar-05,0,14.8,0,9.5,0,8.9,0,0,991.9,10.727
23-Mar-05,0,14.9,0,8.5,0,2.5,0,2.2,1000.2,9.812
24-Mar-05,0,14.6,0,9.4,0,6.9,0,0.2,1001.4,10.278
25-Mar-05,0,15,0,6,0,1.4,0,0,1007,10.19
26-Mar-05,0,11.4,0,7.1,0,2.1,0,0,1005.4,10.113
27-Mar-05,0,9.1,0,7.3,0,7.6,0,0,1004.2,9.69
28-Mar-05,0,12.6,0,6.7,0,6.6,0,0.3,1005.3,9.703
29-Mar-05,0,11.6,0,7.1,0,7,0,1.8,1007,9.823
30-Mar-05,0,10.2,0,6,0,5.2,0,0,1013,9.523
31-Mar-05,0,11.3,0,7.3,0,7,0,1.8,1015.2,9.702
01-Apr-05,0,14.6,0,8.3,0,8,0,5.2,1013.2,10.4
02-Apr-05,0,15.5,0,6.1,0,4,0,0.2,1011.5,11.06
03-Apr-05,0,15.4,0,4.3,0,2,0,0,1008.8,10.448
04-Apr-05,0,11.2,0,4,0,1.8,0,0.9,1012.9,9.667
05-Apr-05,0,12.4,0,4.7,0,2.2,0,1.1,1007.2,9.378
06-Apr-05,0,10.7,0,2.6,0,3.8,0,10.4,993.6,9.913
07-Apr-05,0,9.8,0,1.7,0,0.1,0,2,997.1,8.63
08-Apr-05,0,7.8,0,-0.1,0,-2.3,0,0,1014.6,7.682
09-Apr-05,0,10.9,0,0,0,-3.2,0,0.6,1020.2,7.984
10-Apr-05,0,14.8,0,6.9,0,3.3,0,0,1021.5,10.182
11-Apr-05,0,14.4,0,6.3,0,0.7,0,0.2,1020.2,11.145
12-Apr-05,0,13.4,0,3.5,0,0.3,0,1.2,1013.3,11.58
13-Apr-05,0,13.2,0,0.7,0,-2.9,0,1,1001.2,10.665
14-Apr-05,0,8.1,0,2.4,0,-1.2,0,3.3,997.4,9.542
15-Apr-05,0,10.9,0,3.4,0,0.9,0,0.5,1005.2,9.425
16-Apr-05,0,8.8,0,1,0,-4,0,0,1004.2,8.473
17-Apr-05,0,11.6,0,4.3,0,0,0,5.9,990.5,8.587
18-Apr-05,0,11.3,0,0.9,0,5,0,5.8,989.7,9.352
19-Apr-05,0,11.7,0,-0.3,0,-3.2,0,1.4,1001.2,8.658
20-Apr-05,0,8.2,0,2.4,0,-1,0,0.3,1010.2,8.31
21-Apr-05,0,13.9,0,3.5,0,2.3,0,0,1011.6,9.98
22-Apr-05,0,14.6,0,3.6,0,-1.3,0,1.1,1005.5,10.7
23-Apr-05,0,10.7,0,8.1,0,7.7,0,1.6,1003,10.855
24-Apr-05,0,12.1,0,3.9,0,7.1,0,0,1005,11.753
25-Apr-05,0,13.7,0,1.8,0,-1.3,0,2,1002.8,11.102
26-Apr-05,0,15.2,0,6.7,0,7.4,0,0.7,999,12.405
27-Apr-05,0,14.9,0,3.7,0,-1.2,0,2.4,1002,12.025
28-Apr-05,0,17.2,0,7.9,0,8.7,0,0.2,998.3,13.443
29-Apr-05,0,17.5,0,7.2,0,1.6,0,0,1008.2,13.175
30-Apr-05,0,12.6,0,8.8,0,8.7,0,2.5,1005,13.052
01-May-05,0,17,0,8.8,0,8.3,0,0.2,998.2,13.205
02-May-05,0,16.5,0,10.8,0,7.3,0,2.7,998.1,13.255
03-May-05,0,17,0,5.4,0,10.6,0,29.4,1006.3,13.983
04-May-05,0,14.8,0,5.2,0,1.8,0,0,1017.7,13.017
05-May-05,0,16.2,0,7.9,0,6.8,0,0.5,1017.8,13.955
06-May-05,0,14.5,0,6.6,0,4.7,0,1.9,1011.7,13.432
07-May-05,0,14.2,0,4.8,0,3.1,0,0.4,1010.8,13.503
08-May-05,0,13.2,0,3.2,0,-0.9,0,0,1012.2,12.36
09-May-05,0,12,0,1.5,0,-2.7,0,0,1015.3,11.27
10-May-05,0,12.8,0,-0.3,0,-4.5,0,0,1019.2,11.038
11-May-05,0,12.6,0,1,0,-3.3,0,0,1019.9,11.017
12-May-05,0,13.6,0,2.3,0,-1.3,0,0,1017,12.205
13-May-05,0,12.7,0,8.2,0,6.2,0,0,1017.3,12.807
14-May-05,4, ,4, ,0,6.3,8, , ,11.13
19-May-05,0,17.7,0,11.7,0,8.9,0,0.2,998.6,14.927
20-May-05,0,16.6,0,8.3,0,9.4,0,2,996.3,15.688
21-May-05,0,15.6,0,4.8,0,-0.1,0,0.2,997,14.953
22-May-05,0,13.5,0,5.2,0,0.9,0,0.7,996.7,14.135
23-May-05,0,13.9,0,4.9,0,-0.3,0,9.3,1001.2,13.637
24-May-05,0,17.3,0,8.4,0,8.2,0,11.1,1002.2,15.212
25-May-05,0,17.8,0,10.3,0,10.7,0,3.7,1005.5,15.312
26-May-05,0,19.2,0,8.9,0,5,0,0.3,1006.8,16.677
27-May-05,0,14.2,0,10.5,0,10.5,0,1.4,1002.6,15.88
28-May-05,0,16,0,7.1,0,10.3,0,0,1001.9,15.7
29-May-05,0,15.8,0,5.8,0,0.8,0,0,1013.1,15.307
30-May-05,0,14.1,0,6.7,0,3.2,0,2.5,1017,15.028
31-May-05,0,14.8,0,6.9,0,3.9,0,2.4,1017.2,14.465
01-Jun-05,0,20.1,0,11.2,0,10.7,0,3.4,1010.2,16.215
02-Jun-05,0,17.8,0,12.3,0,13.7,0,1.4,1002.3,16.53
03-Jun-05,0,18.5,0,10.2,0,6.6,0,2.6,998.2,16.415
04-Jun-05,0,17.5,0,9.7,0,7.2,0,0.4,1004.7,16.215
05-Jun-05,0,16.6,0,9.2,0,6.7,0,0.1,1010.8,16.493
06-Jun-05,0,16,0,7.1,0,3,0,0,1019.5,16.975
07-Jun-05,0,18.5,0,7,0,2.5,0,0,1027.9,16.9
08-Jun-05,0,20.6,0,7.9,0,3.1,0,0,1029.7,17.657
09-Jun-05,0,20.8,0,12.6,0,12.6,0,0,1027.2,18.395
10-Jun-05,0,17.5,0,9.4,0,12.1,0,0,1021.5,19.49
11-Jun-05,0,17.7,0,5.7,0,1.1,0,0,1014.1,19.538
12-Jun-05,0,15.2,0,5.9,0,4.4,0,0,1008,18.115
13-Jun-05,0,16.9,0,4.1,0,-0.9,0,0,1003.7,16.84
14-Jun-05,0,16.1,0,9.6,0,9.4,0,0.4,1000.3,17.03
15-Jun-05,0,21.1,0,11.3,0,11.4,0,0.9,1001,18.718
16-Jun-05,0,24,0,11.5,0,7.1,0,2.8,1007.3,18.95
17-Jun-05,0,23.4,0,16.6,0,16.4,0,0,1016.2,20.173
18-Jun-05,0,21.5,0,16.4,0,11.8,0,0,1015,20.015
19-Jun-05,0,22.5,0,14.3,0,15.9,0,0,1010.4,21.622
20-Jun-05,0,20.9,0,8.9,0,4.5,0,0,1010.7,21.467
21-Jun-05,0,20.9,0,13.7,0,12.6,0,0.1,1011.9,20.897
22-Jun-05,0,24.2,0,13.3,0,10.9,0,0,1012.7,22.908
23-Jun-05,0,20.7,0,12.1,0,5.8,0,0,1011.4,20.805
24-Jun-05,0,15.9,0,11.9,0,12.6,0,6,1012.7,18.88
25-Jun-05,0,16,0,11.6,0,11.8,0,0,1018.2,17.205
26-Jun-05,0,17.9,0,9,0,11,0,0,1022.4,18.665
27-Jun-05,0,20.9,0,7.1,0,2.8,0,0,1018.7,20.327
28-Jun-05,0,19.5,0,10.9,0,6.5,0,2.1,1010,20.247
29-Jun-05,0,22.6,0,13.3,0,12.4,0,54.8,1000.4,19.087
30-Jun-05,0,19.8,0,11.6,0,8.5,0,1.8,998.9,18.587
01-Jul-05,0,18.3,0,9.2,0,5.1,0,1.6,1004.2,17.548
02-Jul-05,0,21.9,0,12,0,14.1,0,0.4,1004.5,19.4
03-Jul-05,0,17.7,0,8.8,0,7.7,0,4.1,1006,17.705
04-Jul-05,0,18.6,0,8.8,0,7.6,0,1.8,1004.8,18.205
05-Jul-05,0,18.8,0,9.1,0,5.9,0,8.2,999.6,17.483
06-Jul-05,0,16,0,9.5,0,6.4,0,0.1,1007.6,17.263
07-Jul-05,0,18.2,0,11.4,0,7.8,0,0.2,1013.8,16.933
08-Jul-05,0,20.4,0,14.7,0,14.7,0,0.3,1017,18.435
09-Jul-05,0,21.5,0,15.1,0,13.3,0,1,1021.2,19.212
10-Jul-05,0,24.5,0,14.4,0,11.5,0,0,1025.6,21.305
11-Jul-05,0,25.8,0,13.4,0,10.1,0,0,1027.8,22.805
12-Jul-05,0,25.6,0,13.1,0,10.7,0,0,1025.7,23.608
13-Jul-05,0,21.3,0,14.5,0,11.7,0,0,1020.5,23.472
14-Jul-05,0,22.5,0,15.3,0,13.9,0,0.4,1012.9,22.827
15-Jul-05,0,19.5,0,14,0,12,0,0,1010.7,22.057
16-Jul-05,0,22.3,0,12.2,0,11.1,0,0,1013.8,23.085
17-Jul-05,0,23.7,0,13.4,0,9.9,0,0,1007.4,22.463
18-Jul-05,0,19.5,0,10.9,0,12.1,0,0.6,1001.9,21.65
19-Jul-05,0,18.5,0,10.4,0,6.3,0,0,1008.8,20.217
20-Jul-05,0,21.4,0,11.7,0,8.8,0,0,1016.2,21.365
21-Jul-05,0,22.9,0,11.8,0,14.6,0,0.2,1018,22.228
22-Jul-05,0,18.4,0,11.7,0,8,0,0,1011.9,20.072
23-Jul-05,0,17.3,0,13.2,0,12.2,0,2.2,1003,18.895
24-Jul-05,0,16.3,0,12.2,0,14.5,0,0,997.9,17.45
25-Jul-05,0,17.5,0,11.9,0,7.8,0,0,1002.7,17.97
26-Jul-05,0,18.4,0,9.8,0,5.8,0,0,1006.2,18.983
27-Jul-05,0,18.5,0,8.6,0,3.6,0,0,1004.8,19.265
28-Jul-05,0,14.5,0,11.5,0,9.3,0,27.6,1002.9,16.72
29-Jul-05,0,13.4,0,11.5,0,11.4,0,16.1,1005.1,15.082
30-Jul-05,0,15.5,0,11.8,0,11.8,0,4.2,1008.3,15.35
31-Jul-05,0,17.7,0,12.1,0,12,0,3.4,1010.8,16.382
01-Aug-05,0,18.4,0,9.7,0,11.2,0,0.9,1013.8,17.302
02-Aug-05,0,20.7,0,9,0,5.5,0,0.9,1013,17.145
03-Aug-05,0,20.7,0,11.1,0,6,0,0,1017.2,17.593
04-Aug-05,0,17.9,0,12.1,0,10.2,0,3,1015.3,17.092
05-Aug-05,0,20.1,0,12.1,0,11.5,0,0,1014.5,17.837
06-Aug-05,0,17.8,0,11.1,0,9.3,0,0.3,1016.8,17.362
07-Aug-05,0,19.9,0,9.3,0,6.7,0,0,1016.6,18.04
08-Aug-05,0,23.3,0,7.4,0,3.8,0,0,1016,18.483
09-Aug-05,0,22.1,0,15.8,0,12.4,0,0.1,1013.3,19.868
10-Aug-05,0,23,0,13.6,0,15.6,0,0.2,1012.5,20.605
11-Aug-05,0,20.3,0,12,0,7.5,0,0.9,1011.1,18.897
12-Aug-05,0,18.5,0,9.5,0,5.5,0,0,1011.5,17.693
13-Aug-05,0,20.7,0,11.6,0,9.8,0,3.6,1008.3,18.318
14-Aug-05,0,18.6,0,10.7,0,6.2,0,0,1016.1,17.205
15-Aug-05,0,19.4,0,10.4,0,5.4,0,0,1020.2,17.448
16-Aug-05,0,22.9,0,12.9,0,12.9,0,0,1016.2,18.573
17-Aug-05,0,20,0,11.7,0,6.7,0,0,1010.8,17.708
18-Aug-05,0,19,0,10.6,0,13.3,0,7.7,1010.2,17.753
19-Aug-05,0,19.4,0,8.5,0,4.4,0,1.1,1015,16.807
20-Aug-05,0,20.8,0,10.7,0,7.6,0,0,1019.5,17.673
21-Aug-05,0,22.2,0,10.2,0,6.7,0,1.7,1015.3,17.87
22-Aug-05,0,20.5,0,9.4,0,6.9,0,0.9,1013.8,18.353
23-Aug-05,0,18.6,0,9.3,0,4.7,0,1,1006.5,16.858
24-Aug-05,0,17.9,0,8.7,0,10.2,0,3.9,995.5,17.495
25-Aug-05,0,16.6,0,7.8,0,3.2,0,5.1,999.7,15.45
26-Aug-05,0,17.3,0,8.6,0,5.4,0,0.1,1006,15.095
27-Aug-05,0,19,0,12,0,7.5,0,0,1009.7,16.48
28-Aug-05,0,21.8,0,14.5,0,13.3,0,0,1009.8,18.01
29-Aug-05,0,21,0,10.6,0,11.4,0,1.3,1013.7,18.995
30-Aug-05,0,22.8,0,10,0,5.7,0,0,1014,18.262
31-Aug-05,0,20.9,0,14.4,0,11.5,0,0.9,1003.6,18.395
01-Sep-05,0,19.1,0,8.4,0,10.1,0,0,1008.7,18.44
02-Sep-05,0,21.5,0,7,0,3,0,0,1017.9,17.325
03-Sep-05,0,22.6,0,11.3,0,4.3,0,0,1017.8,17.84
04-Sep-05,0,21.6,0,15.2,0,11.1,0,0.5,1011.3,18.198
05-Sep-05,0,21.3,0,11,0,8.3,0,0.1,1006.5,19.173
06-Sep-05,0,23.7,0,7.9,0,4,0,0,1003,18.025
07-Sep-05,0,20.9,0,14.9,0,11.8,0,0.4,1000.2,18.76
08-Sep-05,0,18.5,0,13.3,0,10.8,0,1.5,1002.9,18.31
09-Sep-05,0,15.7,0,13,0,12.6,0,13.8,1004.6,16.677
10-Sep-05,0,15.9,0,13.8,0,13.7,0,0,1009.2,16.118
11-Sep-05,0,19.4,0,10.4,0,12.6,0,0,1014.2,16.932
12-Sep-05,0,20.6,0,8.1,0,4.5,0,0,1016.4,16.715
13-Sep-05,0,21,0,14.3,0,9.3,0,0,1012.7,17.522
14-Sep-05,0,19.5,0,11.9,0,9.1,0,0.1,1013.5,17.727
15-Sep-05,0,15,0,8,0,8.5,0,12.9,1011.2,16.085
16-Sep-05,0,13.7,0,6,0,4.4,0,0.6,1018.7,13.84
17-Sep-05,0,16.1,0,4.6,0,-0.1,0,0,1022,13.68
18-Sep-05,0,18,0,10.9,0,8.8,0,0,1019.9,15.62
19-Sep-05,0,17.2,0,11.3,0,7.7,0,1.1,1015.2,14.653
20-Sep-05,0,18.2,0,8.2,0,2.7,0,0.1,1017.6,14.77
21-Sep-05,0,20.6,0,12.1,0,7.2,0,0,1012.4,15.432
22-Sep-05,0,18.8,0,15.5,0,13,0,0,1003.8,15.93
23-Sep-05,0,18.3,0,4.1,0,8.6,0,2,1005.7,15.798
24-Sep-05,0,16.6,0,2,0,-1.6,0,2,1005.1,12.528
25-Sep-05,0,17.6,0,9.9,0,4.4,0,0.3,1001.1,14.132
26-Sep-05,0,19.2,0,10.2,0,7.6,0,5.2,1000.8,14.06
27-Sep-05,0,16,0,6.9,0,6.9,0,0.3,1004.4,13.47
28-Sep-05,0,14.9,0,6.6,0,1.6,0,3,1005.7,11.935
29-Sep-05,0,16.1,0,5.7,0,0.7,0,2.1,1010.5,11.33
30-Sep-05,0,20.4,0,9.7,0,11.3,0,1.1,1005.2,14.417
01-Oct-05,0,14.2,0,7.1,0,4.3,0,1,1012.3,12.345
02-Oct-05,0,14.9,0,7.4,0,2.4,0,0,1022.3,12.003
03-Oct-05,0,13.8,0,9.9,0,9.8,0,0,1025.6,12.83
04-Oct-05,0,14.2,0,9.9,0,9.4,0,0,1024.6,12.778
05-Oct-05,0,15.9,0,6,0,9.2,0,0,1022.5,13.483
06-Oct-05,0,16.3,0,4.6,0,0.6,0,0,1016.9,11.86
07-Oct-05,0,17.6,0,13.7,0,12.2,0,0,1007.2,13.608
08-Oct-05,0,15.9,0,6.6,0,6.5,0,3.8,1005.6,13.54
09-Oct-05,0,14.8,0,7.2,0,2,0,0,1006.2,11.182
10-Oct-05,0,18.4,0,8.5,0,9.8,0,8.6,999.8,13.222
11-Oct-05,0,9.7,0,7.7,0,7.9,0,14.7,1002.8,11.938
12-Oct-05,0,12.5,0,6.1,0,8.2,0,0.8,1005.7,11.698
13-Oct-05,0,14.2,0,2.9,0,-2.6,0,0,1015.8,10.217
14-Oct-05,0,14.8,0,1.4,0,-2,0,0,1019.8,9.542
15-Oct-05,0,17.1,0,12.4,0,10.8,0,0,1017.2,12.405
16-Oct-05,0,15.7,0,10,0,5.9,0,0,1013.5,12.06
17-Oct-05,0,18,0,11.1,0,5.4,0,0.6,1011.2,12.91
18-Oct-05,0,14,0,11.1,0,11.2,0,0.4,1005.8,12.745
19-Oct-05,0,12.9,0,8.9,0,8.6,0,5.4,998.1,12.16
20-Oct-05,0,14.3,0,7.7,0,3.6,0,4.6,993.7,11.407
21-Oct-05,0,13.8,0,7.9,0,7,0,9.6,985.6,11.715
22-Oct-05,0,13.9,0,5.6,0,0.6,0,0.4,995.3,10.818
23-Oct-05,0,14.3,0,7.2,0,3.6,0,15.8,1000.7,11.37
24-Oct-05,0,18.1,0,10,0,7,0,11.4,991.7,13.102
25-Oct-05,0,14.4,0,8.4,0,3.6,0,2.7,991.8,11.72
26-Oct-05,0,19.8,0,10.2,0,5.4,0,0.1,997.3,12.332
27-Oct-05,0,18.9,0,15,0,10.6,0,0,992.3,13.595
28-Oct-05,0,16.5,0,9,0,10.2,0,0.4,993.8,13.205
29-Oct-05,0,16.2,0,8.6,0,3.1,0,6.6,991,11.948
30-Oct-05,0,16.1,0,9.6,0,9.1,0,1.8,988.7,12.568
31-Oct-05,0,15.4,0,5.7,0,2.8,0,4,991.8,11.722
01-Nov-05,0,12.6,0,5.5,0,-0.5,0,3.2,994.3,9.485
02-Nov-05,0,17.7,0,10.3,0,3.9,0,3.8,984.9,11.368
03-Nov-05,0,15,0,8.3,0,5.9,0,4.9,986.3,12.262
04-Nov-05,0,10.2,0,4.6,0,6.5,0,5.9,1002.4,10.283
05-Nov-05,0,14.5,0,5.6,0,-0.9,0,1.4,1004,9.54
06-Nov-05,0,13.4,0,7.4,0,3.3,0,2.6,998.1,10.198
07-Nov-05,0,12.7,0,6,0,0.2,0,8.6,998.4,8.533
08-Nov-05,0,9.3,0,3.7,0,3.1,0,8.4,1002.2,8.542
09-Nov-05,0,12.4,0,2.8,0,-2.4,0,1.2,1012.4,6.569
10-Nov-05,0,14.2,0,11.2,0,-0.1,0,3.5,1014.8,10.12
11-Nov-05,0,14.5,0,4,0,8.1,0,0.6,1004.9,10.387
12-Nov-05,0,10,0,3.6,0,-1.1,0,0,1008.8,7.316
13-Nov-05,0,8.7,0,1.1,0,-3.6,0,0,1022.8,5.187
14-Nov-05,0,10.9,0,2.3,0,-2.7,0,0,1018.3,5.929
15-Nov-05,0,11.8,0,6.2,0,1.1,0,1,1009,8.622
16-Nov-05,0,7.2,0,0.8,0,-0.2,0,0,1008.8,6.822
17-Nov-05,0,8.3,0,-1.8,0,-5.5,0,0,1011.8,4.391
18-Nov-05,0,10.3,0,6.3,0,-3.6,0,0,1017.7,6.084
19-Nov-05,0,8.8,0,-0.9,0,-5.4,0,0,1024.6,4.532
20-Nov-05,0,9.1,0,-2.1,0,-5.3,0,0,1027.1,2.995
21-Nov-05,0,6.3,0,-3.6,0,-6.6,0,0,1028.6,2.392
22-Nov-05,0,5.4,0,-3.7,0,-7.2,0,0,1032.1,1.97
23-Nov-05,0,6.6,0,1.1,0,-5.1,0,0,1031.3,2.411
24-Nov-05,0,9.4,0,-0.1,0,2.8,0,0.2,1016.5,4.781
25-Nov-05,0,5.5,0,-0.5,0,-4.5,0,1.4,998.7,3.263
26-Nov-05,0,7.7,0,3.7,0,-1.1,0,0,996.2,4.009
27-Nov-05,0,5.5,0,0.7,0,-4.4,0,0,998,3.496
28-Nov-05,0,4.3,0,-1.1,0,-5.8,0,0,1001.2,2.582
29-Nov-05,0,6,0,-0.7,0,-5.7,0,2,1003.2,2.581
30-Nov-05,0,9.9,0,4.2,0,-1.1,0,0.2,995.1,4.655
01-Dec-05,0,10.3,0,2.5,0,2.2,0,10.5,980,5.752
02-Dec-05,0,8.9,0,3.6,0,-2.6,0,22.4,968.8,5.594
03-Dec-05,0,6.7,0,4.2,0,0.4,0,7.3,976.9,5.638
04-Dec-05,0,7.9,0,2.9,0,0.5,0,2.2,986.3,5.877
05-Dec-05,0,5.9,0,2.7,0,-0.8,0,0,994.5,4.033
06-Dec-05,0,7.8,0,-0.1,0,-1.2,0,0,1003.9,4.102
07-Dec-05,0,8.5,0,-1.8,0,-5.8,0,8.6,1001.7,3.427
08-Dec-05,0,6.6,0,1.9,0,-2.7,0,1.1,1011.5,4.054
09-Dec-05,0,13.8,0,5.8,0,-1.8,0,0.1,1023.7,6.234
10-Dec-05,0,12.6,0,10.4,0,3.1,0,0,1028.9,7.968
11-Dec-05,0,10.8,0,6.1,0,-0.7,0,0,1032.9,7.003
12-Dec-05,0,8.6,0,-1.5,0,-4.3,0,0,1037.3,4.461
13-Dec-05,0,5.2,0,-2,0,-6.7,0,0,1036.1,2.702
14-Dec-05,0,9.4,0,5.1,0,-5.9,0,0,1030.6,4.753
15-Dec-05,0,10.9,0,8.1,0,3.3,0,0,1021.8,6.585
16-Dec-05,0,11.2,0,4.3,0,4.3,0,0.1,1014.7,7.348
17-Dec-05,0,5.9,0,-0.8,0,-1.6,0,0,1019.9,5.303
18-Dec-05,0,9.4,0,-2.3,0,-6.4,0,1.3,1013.5,4.237
19-Dec-05,0,8.1,0,4.1,0,-0.8,0,0,1016.7,5.041
20-Dec-05,0,10.9,0,5.3,0,-1.5,0,0,1020.2,5.419
21-Dec-05,0,10.2,0,4.2,0,-0.4,0,0.6,1020.3,6.637
22-Dec-05,0,10.4,0,8.9,0,0,0,0,1019.6,6.776
23-Dec-05,0,11.3,0,8.1,0,4.2,0,0,1017.8,7.253
24-Dec-05,0,9.6,0,2.9,0,1,0,0,1020.5,7.45
25-Dec-05,0,7.7,0,2,0,-1.9,0,0,1022.5,5.381
26-Dec-05,0,6.3,0,2.9,0,-2.7,0,0.4,1018.8,4.996
27-Dec-05,0,5.2,0,0,0,-1.1,0,0.8,1014.6,4.399
28-Dec-05,0,3.4,0,-3.6,0,-7.4,0,0,1012.9,2.847
29-Dec-05,0,8.7,0,-3.1,0,-8.6,0,0.8,1001.9,2.273
30-Dec-05,0,11.5,0,5.5,0,0.3,0,5,986.4,5.251
31-Dec-05,0,7.5,0,5.3,0,1,0,0.3,985.5,4.781
01-Jan-06,0,8.2,0,2.9,0,-1.2,0,0,1002.8,4.408
02-Jan-06,0,10.6,0,0.7,0,-5.4,0,0,1016.5,3.503
03-Jan-06,0,10.9,0,0,0,-0.6,0,0.2,1020.5,5.42
04-Jan-06,0,7.2,0,-1.6,0,-5.1,0,0,1022.5,2.936
05-Jan-06,0,6.4,0,4.1,0,-3.5,0,0,1014.6,3.357
06-Jan-06,0,5.1,0,1.1,0,0.9,0,0,1015.6,3.728
07-Jan-06,0,4.7,0,1.7,0,-1.7,0,0,1017.9,3.462
08-Jan-06,0,5.9,0,-2.7,0,0.1,0,1.3,1019.2,3.785
09-Jan-06,0,10.5,0,-4.2,0,-8.3,0,0,1014.5,2.599
10-Jan-06,0,12.9,0,8,0,-3.4,0,9.6,1002.3,6.024
11-Jan-06,0,9,0,4.1,0,0.2,0,0.3,1007.6,5.175
12-Jan-06,0,12.5,0,4.6,0,-2.6,0,0,1011.6,5.046
13-Jan-06,0,12.3,0,7.9,0,7.3,0,0.2,1003.1,7.361
14-Jan-06,0,8.5,0,0.4,0,-5.7,0,0,1006.7,5.028
15-Jan-06,0,10.9,0,6.7,0,-4.7,0,0.2,999.3,5.547
16-Jan-06,0,7.9,0,3.4,0,-0.4,0,1,996.4,5.249
17-Jan-06,0,11.1,0,5.6,0,0.6,0,0.2,998.4,5.821
18-Jan-06,0,11.9,0,10.1,0,2,0,0,1006.7,7.903
19-Jan-06,0,11.9,0,10.4,0,8.5,0,0,1003.1,8.523
20-Jan-06,0,11.5,0,3.4,0,-0.4,0,2.3,1007.3,6.504
21-Jan-06,0,8.2,0,0.6,0,-2.8,0,0.1,1022.6,4.201
22-Jan-06,0,9.3,0,0.4,0,-4.3,0,0,1026.9,3.735
23-Jan-06,0,9,0,3.6,0,-1.9,0,0,1025.8,4.485
24-Jan-06,0,7.4,0,1.9,0,-1.9,0,0,1023.7,5.057
25-Jan-06,0,7.9,0,5.3,0,-1.6,0,0,1023.4,5.394
26-Jan-06,0,6.5,0,5.2,0,3,0,0,1025.2,5.04
27-Jan-06,0,5.8,0,2.9,0,2.6,0,0.3,1025.1,4.885
28-Jan-06,0,8,0,-0.4,0,-0.5,0,1,1025.1,4.985
29-Jan-06,0,7.8,0,-1.4,0,-6.4,0,0,1027.6,3.294
30-Jan-06,0,6.5,0,-2.1,0,-8,0,0,1026.1,2.442
31-Jan-06,0,5.9,0,-4.7,0,-8.4,0,0,1021.2,2.087
01-Feb-06,0,7.3,0,2.2,0,-6.6,0,0,1016.8,3.393
02-Feb-06,0,7.7,0,-1.1,0,-4.2,0,0,1016.3,3.677
03-Feb-06,0,8.9,0,1.6,0,-3,0,0,1020.5,4.593
04-Feb-06,0,8.4,0,1.7,0,-1.9,0,0,1025.2,5.083
05-Feb-06,0,5.8,0,4,0,3.5,0,0,1027.4,5.33
06-Feb-06,0,8.5,0,5.5,0,3.3,0,0,1023.5,5.417
07-Feb-06,0,9.6,0,4,0,5.5,0,2.7,1012.7,6.317
08-Feb-06,0,8.6,0,1.6,0,-2.6,0,0,1010.2,4.77
09-Feb-06,0,5.3,0,-3,0,-6.7,0,0,1016.5,3.53
10-Feb-06,0,7.3,0,-3.8,0,-7.1,0,0,1018.3,3.116
11-Feb-06,0,10.1,0,3.1,0,-1.6,0,2.6,1015,4.372
12-Feb-06,0,11.4,0,7.4,0,5.3,0,3.8,1012.2,6.578
13-Feb-06,0,12.7,0,9.1,0,4.2,0,3,1004.8,7.606
14-Feb-06,0,10.6,0,5.5,0,1.3,0,9,990.8,7.58
15-Feb-06,0,9.9,0,4.4,0,1.9,0,0.5,979.8,6.806
16-Feb-06,0,9.1,0,3.3,0,-0.5,0,0.6,971.4,5.215
17-Feb-06,0,9.8,0,0.1,0,-4,0,0,977.5,5.147
18-Feb-06,0,6.9,0,-3,0,-6.6,0,0,986.9,3.819
19-Feb-06,0,7.7,0,-1.9,0,-6,0,0.3,999,3.526
20-Feb-06,0,8.1,0,0.9,0,1.3,0,0.4,1014.2,4.861
21-Feb-06,0,7.3,0,-0.2,0,-6,0,2.2,1022.8,3.657
22-Feb-06,0,6.2,0,2.5,0,-1.1,0,1.5,1024.9,3.948
23-Feb-06,0,6.8,0,3,0,1.3,0,4.5,1022.4,4.04
24-Feb-06,0,7.2,0,2.9,0,2.7,0,5,1017.4,5.006
25-Feb-06,0,7,0,3.7,0,0,0,0,1021.3,4.344
26-Feb-06,0,7.6,0,3.7,0,2.5,0,0,1024.4,4.66
27-Feb-06,0,7.9,0,-1.7,0,-6.1,0,0.4,1018.5,4.69
28-Feb-06,0,5.2,0,-1.7,0,-4.3,0,0.5,1009.5,4.218
01-Mar-06,0,5.5,0,-2.8,0,-8.2,0,0.1,1003.7,3.192
02-Mar-06,0,3.9,0,-4.6,0,-8.1,0,0,996.9,3.365
03-Mar-06,0,6.1,0,-6.3,0,-10.4,0,0.5,995.2,2.699
04-Mar-06,0,7.5,0,-4.2,0,-9.5,0,0,999.6,2.775
05-Mar-06,0,9,0,-1,0,-7,0,0.4,1007.4,3.471
06-Mar-06,0,9.4,0,-0.5,0,-6.6,0,1,1013.5,3.873
07-Mar-06,0,12.1,0,5.4,0,-0.1,0,8.5,1003.7,6.21
08-Mar-06,0,13.3,0,6.1,0,8.4,0,5,990.8,8.097
09-Mar-06,0,11.1,0,4,0,0.2,0,0.7,989.1,7.151
10-Mar-06,0,10.2,0,1.3,0,-0.8,0,0.4,997.9,6.262
11-Mar-06,0,8.5,0,-0.2,0,-5,0,11.9,1010.8,5.103
12-Mar-06,0,12.3,0,4.6,0,3.4,0,0.2,1011.8,6.662
13-Mar-06,0,10.5,0,5.5,0,5.2,0,2.8,1008.3,6.996
14-Mar-06,0,11.5,0,6.7,0,1.3,0,0.2,1010,7.666
15-Mar-06,0,7.4,0,4.3,0,5.1,0,3.5,1018.3,7.324
16-Mar-06,0,4.8,0,1.1,0,1.9,0,0.9,1024.4,5.46
17-Mar-06,0,4.9,0,2.3,0,0.7,0,1.8,1023.7,4.655
18-Mar-06,0,6,0,3.7,0,2,0,0,1018.8,4.399
19-Mar-06,0,7.6,0,4.8,0,2.1,0,0,1013,4.911
20-Mar-06,0,6.3,0,4.1,0,2.2,0,1.3,1009.3,5.464
21-Mar-06,0,5.2,0,2.8,0,1.6,0,0.5,1010.3,5.019
22-Mar-06,0,7.1,0,-1.9,0,1.3,0,0,1007.7,5.272
23-Mar-06,0,6.6,0,-2.2,0,-6.1,0,0.5,995.7,4.871
24-Mar-06,0,8.3,0,5.1,0,4.1,0,8.2,980.3,5.88
25-Mar-06,0,13.6,0,7,0,2.2,0,4.9,985.9,7.504
26-Mar-06,0,13.6,0,9.9,0,5.2,0,1.3,985,8.538
27-Mar-06,0,15.2,0,8.8,0,8.7,0,2.5,978.2,10.16
28-Mar-06,0,10.1,0,2.3,0,6.3,0,1,988.5,9.642
29-Mar-06,0,11.3,0,-0.6,0,-4.3,0,3.7,988.7,7.997
30-Mar-06,0,14.4,0,8,0,6.1,0,1.9,981.1,9.528
31-Mar-06,0,14.7,0,5.6,0,0.9,0,6.6,989.4,9.782
01-Apr-06,0,12.8,0,5.6,0,0.6,0,1.8,991.7,9.483
02-Apr-06,0,13.1,0,4.4,0,1.6,0,4.8,997.7,9.35
03-Apr-06,0,10.5,0,1.2,0,-2,0,0.1,1014.7,8.618
04-Apr-06,0,7.7,0,-1.9,0,-4.6,0,0,1019.2,7.499
05-Apr-06,0,11.4,0,-3.2,0,-6.8,0,0,1014.4,7.504
06-Apr-06,0,11.6,0,3.7,0,1.1,0,0.6,1008.2,8.625
07-Apr-06,0,11.9,0,1.8,0,-0.8,0,5.1,1003.5,8.533
08-Apr-06,0,10.9,0,0.7,0,-2.2,0,1.4,1004.3,8.003
09-Apr-06,0,10.3,0,0.3,0,-3.2,0,0.1,1013,7.591
10-Apr-06,0,10.7,0,-2.5,0,-5.7,0,0,1016.4,8.003
11-Apr-06,0,14.1,0,4.9,0,4.2,0,3.3,1006.9,9.98
12-Apr-06,0,12.3,0,4.4,0,0.5,0,0.8,1005.8,8.95
13-Apr-06,0,14.4,0,6.3,0,4.4,0,1.2,1003.1,10.43
14-Apr-06,0,13.8,0,4.6,0,-0.4,0,0,1005.7,10.698
15-Apr-06,0,14.6,0,6.3,0,5.6,0,0,1002,11.807
16-Apr-06,0,14.8,0,6.7,0,6.8,0,0,1005.2,12.257
17-Apr-06,0,13.7,0,6,0,2.4,0,1.1,1007.4,11.548
18-Apr-06,0,13.9,0,5.9,0,3.3,0,5.4,1005.2,11.307
19-Apr-06,0,15.1,0,3.1,0,0.6,0,0.2,1003.8,12.127
20-Apr-06,0,12.5,0,6.1,0,4.6,0,0,1004.1,11.422
21-Apr-06,0,14.5,0,4.5,0,4.3,0,0,1011.7,12.377
22-Apr-06,0,16.7,0,2.5,0,0.8,0,0.3,1011.6,11.935
23-Apr-06,0,13.3,0,3.2,0,1.9,0,0.5,1011,12.895
24-Apr-06,0,15.1,0,-0.8,0,-2.3,0,0.2,1007.5,11.23
25-Apr-06,0,15,0,8.8,0,8.6,0,0.2,1005.7,12.775
26-Apr-06,0,14.3,0,8.8,0,4.5,0,0.1,1014.6,12.378
27-Apr-06,0,17.4,0,4.9,0,1.2,0,0,1022.4,13.248
28-Apr-06,0,17,0,3.5,0,0.5,0,0,1024.4,13.72
29-Apr-06,0,12.6,0,5.8,0,3.4,0,0,1017.5,13.158
30-Apr-06,0,10.6,0,6.4,0,3.4,0,6.8,1003.3,11.79
01-May-06,0,13.7,0,4.9,0,3.5,0,0,995.9,12.465
02-May-06,0,13.5,0,7.5,0,4.8,0,3.4,992,11.41
03-May-06,0,14.8,0,6.2,0,3.3,0,0,1001.1,10.455
04-May-06,0,14.4,0,7,0,3.7,0,2.2,1004.2,10.552
05-May-06,0,16.9,0,3.9,0,1.7,0,0.1,1009,11.935
06-May-06,0,14.7,0,8.8,0,6.9,0,0.1,1010.6,12.528
07-May-06,0,15,0,6.6,0,3.6,0,0,1010.6,13.28
08-May-06,0,12.6,0,8,0,5.1,0,8.4,1007.7,12.578
09-May-06,0,17.2,0,7.7,0,10.1,0,0,1013.3,13.517
10-May-06,0,17.3,0,5.4,0,4.5,0,0,1015.4,14.135
11-May-06,0,20.6,0,9.1,0,6.3,0,0,1013,15.958
12-May-06,0,22.4,0,7.7,0,5.9,0,20,1009.4,16.375
13-May-06,0,13.5,0,7.3,0,3.2,0,0.6,1012.4,14.438
14-May-06,0,17.1,0,8.3,0,9.2,0,6.8,1011.5,14.212
15-May-06,0,17,0,9,0,10.8,0,9.7,1004.2,14.352
16-May-06,0,17.9,0,7.5,0,6.3,0,0,1006.1,14.222
17-May-06,0,15.3,0,8.9,0,7,0,3.1,999,13.137
18-May-06,0,16.3,0,9.9,0,7.8,0,4.9,989,13.707
19-May-06,0,16.8,0,9.7,0,9.2,0,7.6,987.7,14.34
20-May-06,0,15,0,6.7,0,11,0,3.4,986.9,14.74
21-May-06,0,10.8,0,6.6,0,6.9,0,17,986.2,12.3
22-May-06,0,11.8,0,3.5,0,8.5,0,1.8,991,11.69
23-May-06,0,12.8,0,1,0,2.2,0,2.6,1003.1,11.842
24-May-06,0,14.9,0,5.4,0,7.3,0,2.7,1004.8,13.565
25-May-06,0,16.6,0,4.2,0,3.6,0,1.2,1008.7,14.132
26-May-06,0,18.5,0,11.2,0,12.3,0,8.1,1008.4,15.677
27-May-06,0,18.3,0,9,0,11.2,0,1.5,1013.1,15.57
28-May-06,0,15.2,0,7.1,0,9.1,0,0,1016.3,14.788
29-May-06,0,14.6,0,5.4,0,5.4,0,0,1016.8,13.988
30-May-06,0,15.1,0,4.4,0,3.9,0,0,1021.4,13.562
31-May-06,0,17.4,0,2.8,0,-0.7,0,0,1023,14.403
01-Jun-06,0,20.9,0,7,0,3.4,0,0,1025.1,17.323
02-Jun-06,0,21.9,0,6.7,0,4.4,0,0,1026.8,19.218
03-Jun-06,0,21.2,0,8.5,0,5.5,0,0,1025.3,20.305
04-Jun-06,0,23,0,10.3,0,8.6,0,0,1022.3,20.75
05-Jun-06,0,19.3,0,11.3,0,8,0,0,1021,20.718
06-Jun-06,0,24.8,0,10.2,0,7.7,0,0,1022.5,21.395
07-Jun-06,0,20.2,0,10.1,0,7.1,0,0,1022.4,21.73
08-Jun-06,0,23.4,0,9.5,0,4.8,0,0,1019.7,22.025
09-Jun-06,0,23.7,0,11.7,0,6.9,0,0,1013.9,22.467
10-Jun-06,0,23.1,0,14.2,0,7.6,0,0,1007.6,20.9
11-Jun-06,0,21.3,0,13.5,0,8.9,0,0,1010.5,21.85
12-Jun-06,0,21.1,0,12.6,0,11.9,0,0,1011.7,22.517
13-Jun-06,0,17.7,0,10.9,0,5.7,0,0,1016.8,20.56
14-Jun-06,0,17.8,0,7.2,0,1.9,0,0,1019.2,19.743
15-Jun-06,0,21.3,0,6.3,0,1.3,0,0,1016.3,19.503
16-Jun-06,0,22,0,12.2,0,7.5,0,0,1014.7,20.772
17-Jun-06,0,23.8,0,11.4,0,7.6,0,0,1011.2,21.275
18-Jun-06,0,18.5,0,12.8,0,12.7,0,7.2,1002.3,19.677
19-Jun-06,0,17.8,0,9.5,0,10.6,0,1,1002,18.19
20-Jun-06,0,17.5,0,9.5,0,5.5,0,0.7,1000.6,16.568
21-Jun-06,0,16.8,0,9.1,0,4.6,0,1.3,1001.3,16.15
22-Jun-06,0,16.9,0,8.9,0,5.7,0,0,1007.4,16.51
23-Jun-06,0,18.7,0,8.3,0,4.9,0,0,1011.2,18.53
24-Jun-06,0,14.3,0,11.5,0,12.4,0,1,1008.9,17.823
25-Jun-06,0,17.5,0,10,0,9.4,0,0,1011.4,18.205
26-Jun-06,0,12.9,0,11,0,12.1,0,2.6,1013.8,16.677
27-Jun-06,0,14.2,0,11,0,11.8,0,1.2,1014.8,15.602
28-Jun-06,0,21,0,10.9,0,10.2,0,0,1012.8,17.292
29-Jun-06,0,18.7,0,14.9,0,11.9,0,2.4,1012.7,17.42
30-Jun-06,0,22.5,0,12.2,0,14.8,0,3.6,1015.4,18.9
01-Jul-06,0,24.2,0,8.7,0,5.9,0,0,1015.7,19.695
02-Jul-06,0,20.5,0,12.4,0,9.7,0,0.1,1014.6,19.567
03-Jul-06,0,21.8,0,14,0,13.9,0,0,1014.5,19.975
04-Jul-06,0,20.8,0,13.8,0,13.3,0,0.2,1011.2,20.093
05-Jul-06,0,25.8,0,11.6,0,9.7,0,0,1008.9,21.128
06-Jul-06,0,22.5,0,13.3,0,11.1,0,0.3,1008.3,20.788
07-Jul-06,0,20.5,0,11.9,0,11.8,0,0,1009.5,20.753
08-Jul-06,0,15.9,0,12.1,0,8.8,0,4.8,1001.5,18.632
09-Jul-06,0,19.5,0,10.2,0,12.3,0,0.2,1001.7,17.847
10-Jul-06,0,22.2,0,8.4,0,6.5,0,0,1011.4,18.28
11-Jul-06,0,21.6,0,9.9,0,6.5,0,0,1016.2,18.962
12-Jul-06,0,19.8,0,11.6,0,8.9,0,0,1018.8,18.805
13-Jul-06,0,19.2,0,7.3,0,3.5,0,0,1024.3,19.298
14-Jul-06,0,20.1,0,6.3,0,3.8,0,0,1026.9,20.165
15-Jul-06,0,20.2,0,8.3,0,5.6,0,0,1025.6,20.965
16-Jul-06,0,25.2,0,8.1,0,6,0,0,1022.5,22.163
17-Jul-06,0,27.1,0,12.5,0,9.3,0,0,1020.1,23.897
18-Jul-06,0,27.4,0,11.8,0,8,0,0,1015.2,23.792
19-Jul-06,0,27.9,0,13.3,0,8.9,0,0,1009.7,24.147
20-Jul-06,0,26,0,17.6,0,16.6,0,0,1009.5,24.505
21-Jul-06,0,25.7,0,14.6,0,12.6,0,0,1011.7,23.365
22-Jul-06,0,25.2,0,13.2,0,8.9,0,0,1008.8,22.765
23-Jul-06,0,24,0,12.1,0,7.3,0,0,1011.9,22.388
24-Jul-06,0,25.9,0,14.8,0,10.7,0,0,1013.6,23.772
25-Jul-06,0,23.9,0,12.1,0,8.7,0,0,1011.1,23.938
26-Jul-06,0,26.2,0,14.4,0,9.8,0,0,1010,23.485
27-Jul-06,0,23.4,0,14.5,0,9.6,0,0,1009.9,22.938
28-Jul-06,0,23.2,0,16.8,0,12.1,0,5.1,1005.9,22.355
29-Jul-06,0,23.4,0,12.5,0,16.7,0,0.4,998.1,20.533
30-Jul-06,0,22.8,0,10.4,0,6.2,0,2.3,999.2,19.97
31-Jul-06,0,19.5,0,12.7,0,10.3,0,1,997.8,18.925
01-Aug-06,0,21.8,0,11.7,0,8.6,0,0,1002,19.415
02-Aug-06,0,20.8,0,11.9,0,8.3,0,0,1008.8,19.59
03-Aug-06,0,22.1,0,10.2,0,6.1,0,0,1013.2,20.775
04-Aug-06,0,21.4,0,12.1,0,8.3,0,0,1014.8,20.56
05-Aug-06,0,26,0,16.9,0,15.5,0,0,1016.3,22.205
06-Aug-06,0,20.9,0,14,0,11.8,0,5,1017.3,20.988
07-Aug-06,0,20.2,0,9.3,0,11.5,0,0,1020.9,19.938
08-Aug-06,0,21.6,0,6.9,0,4.2,0,2.6,1018.1,18.8
09-Aug-06,0,19.4,0,9.9,0,6.8,0,0.1,1015.6,18.22
10-Aug-06,0,18.6,0,12.2,0,10.3,0,1.7,1014,17.878
11-Aug-06,0,19.4,0,11.8,0,13.1,0,1.7,1013.2,17.888
12-Aug-06,0,17.7,0,9.6,0,5.7,0,0,1015,16.295
13-Aug-06,0,18.3,0,9.2,0,6.6,0,0,1012.7,16.94
14-Aug-06,0,18.3,0,10.9,0,9.2,0,0,1009.8,18.298
15-Aug-06,0,14.9,0,11.4,0,11.3,0,6,1001.1,17.097
16-Aug-06,0,16.9,0,11.6,0,10.6,0,0.8,995.9,16.658
17-Aug-06,0,19.6,0,11.4,0,10.4,0,0.6,995.4,17.72
18-Aug-06,0,20,0,11.9,0,9.7,0,3.5,996.7,18.505
19-Aug-06,0,19.1,0,13.3,0,14,0,16.2,1001.1,17.833
20-Aug-06,0,22.1,0,13.7,0,13.5,0,0.8,1008.2,18.307
21-Aug-06,0,19.5,0,11.1,0,11.4,0,0,1012.6,18.365
22-Aug-06,0,20.9,0,9.4,0,8.4,0,0.1,1010.8,17.253
23-Aug-06,0,21,0,12.7,0,10.4,0,0.1,1005.5,18.728
24-Aug-06,0,19.9,0,7.6,0,5.1,0,0,1006,18.792
25-Aug-06,0,18.1,0,10.8,0,9.7,0,5.4,1002,17.42
26-Aug-06,0,20.2,0,13.4,0,14.2,0,2.1,1005.4,17.743
27-Aug-06,0,19.5,0,9.7,0,6.8,0,2,1007.1,17.155
28-Aug-06,0,18,0,9.4,0,6.9,0,4.1,1005.5,16.522
29-Aug-06,0,19.1,0,8.8,0,5.7,0,0.6,1007.9,16.23
30-Aug-06,0,18.1,0,8.2,0,5.3,0,3,1010.6,15.42
31-Aug-06,0,22.9,0,14.1,0,11.7,0,0.2,1006.3,17.73
01-Sep-06,0,20.5,0,12.9,0,11.8,0,1.6,1002.5,17.85
02-Sep-06,0,21.5,0,12.6,0,11.6,0,11.4,993.9,17.612
03-Sep-06,0,20.2,0,13.9,0,14.2,0,1.1,1002.2,18.163
04-Sep-06,0,18.7,0,13.6,0,11.8,0,4.1,1014.5,17.362
05-Sep-06,0,22.3,0,17.4,0,15.1,0,0,1010.8,18.522
06-Sep-06,0,18.8,0,10.6,0,16.5,0,1.6,1011.5,18.573
07-Sep-06,0,18.4,0,8.2,0,5.6,0,0,1020.1,16.34
08-Sep-06,0,19.8,0,7.1,0,4.3,0,0,1022.2,15.832
09-Sep-06,0,19.5,0,8.3,0,5.5,0,0,1016.5,15.8
10-Sep-06,0,20.6,0,11.3,0,8.4,0,0,1011.7,15.958
11-Sep-06,0,20,0,12.8,0,9,0,13.4,1008.4,16.365
12-Sep-06,0,20,0,12.2,0,10,0,0.8,1003.2,16.925
13-Sep-06,0,18.5,0,13.4,0,12.3,0,7.4,997.5,16.177
14-Sep-06,0,18.6,0,8.6,0,12,0,0,1001.2,16.745
15-Sep-06,0,19.2,0,6,0,5.3,0,0,1008,15.398
16-Sep-06,0,20.9,0,4.7,0,4.5,0,0.1,1006.4,15.255
17-Sep-06,0,20.3,0,11.3,0,13.9,0,0.3,1004.5,17.52
18-Sep-06,0,17.6,0,10.1,0,8.7,0,6.4,1000.5,15.398
19-Sep-06,0,18.7,0,10.1,0,8.2,0,0,1000.3,15.033
20-Sep-06,0,20.9,0,16.8,0,12.7,0,1.9,992.7,16.448
21-Sep-06,0,22,0,12.4,0,16.5,0,1.7,984.9,17.343
22-Sep-06,0,18.1,0,12.7,0,10,0,3.3,993,15.917
23-Sep-06,0,17.4,0,14.2,0,9.3,0,4.4,997.8,15.542
24-Sep-06,0,19.1,0,12.4,0,11.8,0,10.9,997.4,15.99
25-Sep-06,0,20,0,9.9,0,7.9,0,1,1004.3,16.06
26-Sep-06,0,19.2,0,7.8,0,3.7,0,0,1009,14.783
27-Sep-06,0,19,0,13.7,0,12.8,0,1.8,998.5,15.825
28-Sep-06,0,17.4,0,9.9,0,8.1,0,0.1,996.6,15.153
29-Sep-06,0,18.6,0,7.8,0,5.5,0,1.1,993.9,14.935
30-Sep-06,0,16.1,0,8.2,0,3.7,0,6.2,992,13.575
01-Oct-06,0,16.9,0,9.9,0,6.2,0,9.4,990.5,14.198
02-Oct-06,0,16.6,0,7.8,0,6.8,0,0.1,995.2,14.458
03-Oct-06,0,15.6,0,5.6,0,2,0,0.1,1000.6,12.488
04-Oct-06,0,16.2,0,5,0,0.4,0,0,1005.1,11.965
05-Oct-06,0,17.6,0,9.4,0,6,0,11.1,999.7,13.685
06-Oct-06,0,15.7,0,8.1,0,9.6,0,4.2,994.8,14.24
07-Oct-06,0,14.8,0,7,0,2.9,0,0.1,1005.4,11.75
08-Oct-06,0,15,0,11.4,0,7.7,0,4.6,1000.9,12.273
09-Oct-06,0,16.9,0,6.2,0,3.8,0,1.3,1004.4,12.988
10-Oct-06,0,16.9,0,3.6,0,-0.1,0,9.3,1005.1,11.67
11-Oct-06,0,17.3,0,9.2,0,11.9,0,5.5,999.3,13.938
12-Oct-06,0,17.3,0,9.7,0,5.2,0,0,1010.8,12.827
13-Oct-06,0,18.1,0,8.9,0,4.8,0,0,1020.7,12.74
14-Oct-06,0,16.7,0,11.9,0,8.2,0,0,1020.9,13.63
15-Oct-06,0,15.3,0,7.7,0,7.3,0,0,1019.3,13.007
16-Oct-06,0,15.3,0,7.4,0,2.2,0,0,1010.8,11.51
17-Oct-06,0,16.2,0,9.4,0,6.7,0,6.4,999.9,12.847
18-Oct-06,0,17.4,0,10.9,0,5.2,0,0.1,992,13.115
19-Oct-06,0,14.8,0,7.6,0,12.5,0,14,980.7,13.307
20-Oct-06,0,15.3,0,7,0,3.6,0,0,981.1,12.287
21-Oct-06,0,16.5,0,10,0,6.8,0,2.9,978.7,12.788
22-Oct-06,0,14.3,0,7.4,0,8,0,0.2,980.5,12.07
23-Oct-06,0,14,0,5.2,0,0.4,0,0,985,10.573
24-Oct-06,0,14.8,0,5,0,0.2,0,0,990.6,9.983
25-Oct-06,0,15.5,0,7.1,0,3,0,26.2,988,10.167
26-Oct-06,0,15.5,0,6.7,0,7.5,0,2.7,992.7,11.53
27-Oct-06,0,14.4,0,6.8,0,2,0,1.6,1009.1,10.3
28-Oct-06,0,16.6,0,10.6,0,7.2,0,0.1,1013,12.7
29-Oct-06,0,15.9,0,5.5,0,1.5,0,0,1016.2,11.105
30-Oct-06,0,16,0,9.6,0,8.2,0,0.5,1007.1,12.59
31-Oct-06,0,13,0,3.2,0,5.8,0,0.1,1010.2,10.958
01-Nov-06,0,11.2,0,0.8,0,-3.5,0,0,1026.6,7.5
02-Nov-06,0,10.6,0,-0.7,0,-5.1,0,0,1030.8,5.853
03-Nov-06,0,10.5,0,-2.4,0,-5.9,0,0,1029.1,4.978
04-Nov-06,0,12,0,1.3,0,-3.8,0,0,1029.2,5.25
05-Nov-06,0,11.5,0,5.6,0,-0.1,0,0,1026.2,6.714
06-Nov-06,0,13.6,0,2.5,0,-2.4,0,0,1019.7,6.6
07-Nov-06,0,12.8,0,5.3,0,-0.8,0,3,1012,7.669
08-Nov-06,0,13.8,0,4.2,0,7,0,0.6,1015.2,9.425
09-Nov-06,0,10.3,0,1.8,0,-3.7,0,0.1,1025.5,5.952
10-Nov-06,0,14.1,0,3.2,0,-1.9,0,2.2,1018,6.948
11-Nov-06,0,11.1,0,4.8,0,0.4,0,0.4,1014.2,7.556
12-Nov-06,0,13,0,7.8,0,4,0,0.1,1009.5,8.48
13-Nov-06,0,13,0,8.3,0,5.8,0,1.5,999.5,9.557
14-Nov-06,0,11.1,0,7.7,0,4.8,0,0.2,996.6,8.668
15-Nov-06,0,12.3,0,6,0,3.6,0,34.7,985.2,8.778
16-Nov-06,0,7.7,0,4.1,0,2.3,0,0.1,984.1,8.028
17-Nov-06,0,6.7,0,1.9,0,-0.4,0,5.2,985,5.971
18-Nov-06,0,6.4,0,2.6,0,-1,0,0.4,997.9,4.549
19-Nov-06,0,11.6,0,0.7,0,-5,0,7.1,996.6,4.628
20-Nov-06,0,10.1,0,3.9,0,1.4,0,0.7,991.4,6.044
21-Nov-06,0,7.7,0,2.8,0,-1.3,0,0.1,991.8,4.543
22-Nov-06,0,10,0,2,0,-2.4,0,8.7,980.1,5.475
23-Nov-06,0,11,0,4.6,0,3.9,0,0.7,970.8,6.765
24-Nov-06,0,10.8,0,4.2,0,-0.6,0,3,974.4,5.706
25-Nov-06,0,9.4,0,3.4,0,-1,0,0.1,982.6,5.095
26-Nov-06,0,12.2,0,2.2,0,-2.5,0,2.9,992.2,5.178
27-Nov-06,0,12.8,0,8.1,0,-0.1,0,1.5,990.8,7.357
28-Nov-06,0,10.9,0,5.8,0,1.6,0,1.5,999.6,6.518
29-Nov-06,0,12.8,0,6.6,0,1.3,0,0,1011.5,6.612
30-Nov-06,0,14.2,0,11.8,0,8.6,0,7.3,1004.8,8.425
01-Dec-06,0,13.4,0,3.5,0,-1.2,0,0.5,1000.1,7.995
02-Dec-06,0,12.1,0,6.5,0,0,0,4.3,985.3,6.208
03-Dec-06,0,12.4,0,6.1,0,3.5,0,8.6,973.3,7.373
04-Dec-06,0,13.1,0,6.1,0,2.8,0,3.3,980,6.664
05-Dec-06,0,11.9,0,6.4,0,3.8,0,7.6,977.1,7.433
06-Dec-06,0,11.6,0,6.1,0,4.2,0,1.4,985.2,6.921
07-Dec-06,0,10.9,0,5.4,0,3.7,0,16.5,971.6,7.155
08-Dec-06,0,6.7,0,1.6,0,-1.5,0,0.2,986.2,4.983
09-Dec-06,0,5.3,0,2.1,0,-1.3,0,0.1,1007,3.276
10-Dec-06,0,13.4,0,4.6,0,-3.5,0,3.5,1004.8,5.747
11-Dec-06,0,12.7,0,4.5,0,2.2,0,5.5,1000.5,6.779
12-Dec-06,0,10.3,0,4.6,0,1.2,0,0.2,1004.3,5.142
13-Dec-06,0,13.4,0,8.2,0,4.8,0,0,1004.3,7.273
14-Dec-06,0,13.7,0,6.6,0,8.3,0,11.8,1005.4,8.89
15-Dec-06,0,7.2,0,2.6,0,4.3,0,9.5,1011.2,7.046
16-Dec-06,0,6.4,0,2.5,0,-2.4,0,0.2,1015.7,3.85
17-Dec-06,0,7.3,0,3.5,0,-1.9,0,1.9,1018.8,3.851
18-Dec-06,0,6,0,4.8,0,-0.6,0,0.1,1023,5.128
19-Dec-06,0,5.1,0,-0.7,0,2.6,0,0,1031.4,5.498
20-Dec-06,0,3.1,0,-1.5,0,-3.4,0,0,1033.9,3.613
21-Dec-06,0,7.4,0,-0.7,0,-4.9,0,0,1035.8,2.483
22-Dec-06,0,7.5,0,-1.3,0,-4.9,0,0,1036.9,2.434
23-Dec-06,0,4.6,0,-3,0,-6.3,0,0,1035.7,1.97
24-Dec-06,0,6.9,0,3.4,0,-0.1,0,0,1032.4,3.75
25-Dec-06,0,6.6,0,4.5,0,3.3,0,0.4,1029.2,4.846
26-Dec-06,0,7.8,0,6.4,0,5,0,0.2,1025.1,5.62
27-Dec-06,0,9.1,0,4.4,0,3,0,3.7,1018,5.963
28-Dec-06,0,11.5,0,4.1,0,1.4,0,2.9,1008.8,6.184
29-Dec-06,0,13.5,0,8.2,0,4.1,0,10,990,7.953
30-Dec-06,0,8.8,0,5.8,0,3.5,0,1.9,993.9,6.559
31-Dec-06,0,12.2,0,5.1,0,1.2,0,6.4,997.3,6.029
01-Jan-07,0,5.8,0,3.1,0,0.9,0,0.7,1005.2,4.762
02-Jan-07,0,10,0,4.4,0,-0.2,0,0.6,1017.3,4.19
03-Jan-07,0,12.6,0,7.9,0,3.5,0,2.3,1005.7,7.019
04-Jan-07,0,9.6,0,7.7,0,5.6,0,0,1004.3,6.865
05-Jan-07,0,10.4,0,5.6,0,6.1,0,0.3,1006.2,6.553
06-Jan-07,0,10.1,0,5.7,0,0.2,0,0.6,1002.5,5.484
07-Jan-07,0,11.1,0,4.6,0,0.4,0,1.5,990.3,6.745
08-Jan-07,0,12.9,0,4.2,0,-0.5,0,2.3,985.7,6.382
09-Jan-07,0,12.6,0,6.6,0,5.1,0,4.8,986.4,8.177
10-Jan-07,0,8.1,0,3.3,0,0.6,0,11.9,1000.8,5.767
11-Jan-07,0,11.4,0,6.4,0,-0.4,0,8.2,1000.3,6.489
12-Jan-07,0,13,0,7.2,0,2.7,0,0.2,1008.1,7.183
13-Jan-07,0,12.2,0,3.8,0,6.8,0,2.5,1003.9,7.565
14-Jan-07,0,8.9,0,3.6,0,0.6,0,0,1015.6,5.009
15-Jan-07,0,11.8,0,5.8,0,2.1,0,1.2,1007.3,6.298
16-Jan-07,0,8.8,0,-0.3,0,-4.4,0,1.1,1000.2,5.32
17-Jan-07,0,9.6,0,3.5,0,-3.7,0,1.4,989.8,5.072
18-Jan-07,0,12.2,0,4.5,0,1.2,0,12.4,981.8,5.898
19-Jan-07,0,13.9,0,6.7,0,3.6,0,0.6,999.9,6.236
20-Jan-07,0,9.6,0,2.4,0,1.5,0,10.8,997.1,5.944
21-Jan-07,0,6.5,0,2.4,0,-0.4,0,0.5,1003.9,4.449
22-Jan-07,0,6.1,0,-0.6,0,-3.1,0,4.4,1018,3.416
23-Jan-07,0,4.2,0,-1.2,0,-6.5,0,0.4,1019.4,2.373
24-Jan-07,0,6.8,0,1.5,0,-1.5,0,0,1015.7,3.164
25-Jan-07,0,5.8,0,0.4,0,-4.3,0,0.2,1023.6,2.654
26-Jan-07,0,7.6,0,1.8,0,-5,0,0,1024.5,3.611
27-Jan-07,0,6.5,0,4.4,0,1.9,0,0.1,1029.1,5.04
28-Jan-07,0,9.1,0,5,0,3.2,0,1.2,1027.1,5.58
29-Jan-07,0,8,0,5.2,0,1.9,0,0.2,1025.1,5.947
30-Jan-07,0,8.4,0,4.4,0,3.7,0,0,1020.2,5.94
31-Jan-07,0,11.3,0,6.9,0,3.8,0,0.1,1017.8,6.502
01-Feb-07,0,10.1,0,5.8,0,7.8,0,0,1023,7.677
02-Feb-07,0,10.4,0,-0.1,0,-2.1,0,0,1029.6,5.879
03-Feb-07,0,10.6,0,-1.8,0,-5.9,0,0,1033.1,3.546
04-Feb-07,0,5.6,0,-3.2,0,-7.1,0,0,1025.9,2.829
05-Feb-07,0,7.1,0,-1.9,0,-4.8,0,0,1015.3,3.177
06-Feb-07,0,4.9,0,-4.3,0,-9.1,0,0,1004.3,2.178
07-Feb-07,0,5.4,0,-5.1,0,-9.2,0,1.7,990.2,1.614
08-Feb-07,0,3,0,0.2,0,-7.2,0,14.4,983.2,2.239
09-Feb-07,0,8.2,0,-1.6,0,-5.6,0,0,991.9,2.46
10-Feb-07,0,6.8,0,3.5,0,-1.6,0,3.1,983,3.741
11-Feb-07,0,9.8,0,2.5,0,-2.7,0,4.9,978.2,4.747
12-Feb-07,0,9.6,0,5.2,0,-1.4,0,3,983,5.797
13-Feb-07,0,8.5,0,2.9,0,-2,0,0.2,994.1,5.13
14-Feb-07,0,9.9,0,2.1,0,-3.9,0,0.2,996.5,4.245
15-Feb-07,0,12.7,0,8,0,-0.8,0,2.1,995.2,6.486
16-Feb-07,0,11.5,0,3.4,0,3.8,0,0,1000.2,6.4
17-Feb-07,0,9.8,0,-0.5,0,-1.8,0,0,1009.1,5.819
18-Feb-07,0,9,0,-2.3,0,-6.2,0,0,1009,4.424
19-Feb-07,0,11.1,0,7.2,0,-2.1,0,1,995.3,6.295
20-Feb-07,0,11.9,0,3.1,0,-1.9,0,8.3,993.9,6.304
21-Feb-07,0,11.1,0,3.2,0,-0.5,0,0.7,992.3,6.238
22-Feb-07,0,12.7,0,7.1,0,5.9,0,1.6,986.4,7.815
23-Feb-07,0,11.6,0,6.9,0,3.6,0,0.9,983.2,7.565
24-Feb-07,0,10.6,0,5.4,0,2.9,0,1.7,984,7.815
25-Feb-07,0,11,0,6,0,1.4,0,0.8,995.4,7.74
26-Feb-07,0,10.6,0,4.1,0,-0.8,0,4,1008.8,7.325
27-Feb-07,0,14.9,0,8.3,0,6.4,0,6.4,993.8,9.042
28-Feb-07,0,9.4,0,3.6,0,4.8,0,6.2,978.3,7.918
01-Mar-07,0,10.1,0,2.8,0,0.3,0,0.1,990.4,6.161
02-Mar-07,0,8.2,0,-0.8,0,-5,0,7.3,993.1,4.962
03-Mar-07,0,11.3,0,1.7,0,0,0,0.5,997.7,5.878
04-Mar-07,0,11.2,0,1.4,0,-2.7,0,6,992.7,6.016
05-Mar-07,0,11.2,0,3.7,0,1.1,0,4.5,982.9,5.81
06-Mar-07,0,11.6,0,4.6,0,0.6,0,2.8,980.6,7.261
07-Mar-07,0,10.8,0,2.8,0,-2.9,0,2.1,998.9,6.483
08-Mar-07,0,10.8,0,2.1,0,-3,0,1.1,1011,6.59
09-Mar-07,0,11.2,0,4.1,0,-0.3,0,0.1,1020.2,6.659
10-Mar-07,0,15,0,6.8,0,0.9,0,0,1022.8,7.839
11-Mar-07,0,11.6,0,5.3,0,6.5,0,7.1,1014.3,8.273
12-Mar-07,0,12.6,0,3.4,0,-0.7,0,2.3,1014.2,8.221
13-Mar-07,0,11.9,0,4,0,-1.4,0,0.7,1024.1,7.682
14-Mar-07,0,14.4,0,2.5,0,-2.4,0,0,1026.1,7.868
15-Mar-07,0,11.2,0,0.7,0,5,0,0.3,1021.3,8.347
16-Mar-07,0,9.5,0,-0.4,0,-4.4,0,0.1,1020.6,6.431
17-Mar-07,0,11.3,0,8.7,0,7,0,0.9,1008.8,8.645
18-Mar-07,0,9.4,0,0.6,0,0.9,0,4.2,996,7.674
19-Mar-07,0,7.5,0,0.2,0,-2.1,0,0.7,1001.7,6.194
20-Mar-07,0,7.2,0,-0.6,0,-4.7,0,0,1016.6,5.434
21-Mar-07,0,7.2,0,-2.4,0,-6,0,2.1,1015.6,5.397
22-Mar-07,0,11.4,0,6.6,0,4.3,0,0.4,1014.8,7.903
23-Mar-07,0,9,0,0.8,0,-3.2,0,0,1016.7,7.649
24-Mar-07,0,10.8,0,0.5,0,-1.9,0,0,1017.9,7.917
25-Mar-07,0,10.2,0,-0.4,0,-4.3,0,0,1017.7,7.436
26-Mar-07,0,11.6,0,1.9,0,-2.2,0,0,1015.5,7.549
27-Mar-07,0,13.8,0,0.2,0,-3.2,0,0,1012.1,7.863
28-Mar-07,0,10.4,0,2,0,-0.6,0,0.1,1012.3,8.01
29-Mar-07,0,9.2,0,0.6,0,-4,0,1.9,1010.4,7.155
30-Mar-07,0,9.4,0,5.6,0,4.9,0,0,1014.7,7.472
31-Mar-07,0,10.7,0,6.4,0,4.1,0,0,1024.1,8.165
01-Apr-07,0,10.6,0,3.6,0,0.2,0,0,1028.6,8.688
02-Apr-07,0,13.7,0,4.3,0,-1,0,0,1027.2,8.742
03-Apr-07,0,10.3,0,3.4,0,0.8,0,0,1024.9,8.788
04-Apr-07,0,17.1,0,0.2,0,-3.5,0,0,1022.4,9.333
05-Apr-07,0,17.5,0,1.9,0,-2.7,0,0,1019.8,10.561
06-Apr-07,0,13,0,4.3,0,-0.6,0,0,1021.2,11.312
07-Apr-07,0,14.7,0,2.3,0,-1.8,0,0,1023,11.44
08-Apr-07,0,15.5,0,6.3,0,0.3,0,0,1019.5,11.67
09-Apr-07,0,15.6,0,6.4,0,1.3,0,0,1016,11.535
10-Apr-07,0,16.1,0,10.2,0,9.6,0,0,1017.6,13.13
11-Apr-07,0,16.8,0,7.4,0,8.7,0,0,1018.4,14.28
12-Apr-07,0,17.4,0,2.8,0,-1.6,0,0,1016.7,13.4
13-Apr-07,0,17.7,0,4.5,0,0.2,0,0,1015.4,13.625
14-Apr-07,0,19,0,9.8,0,6.7,0,0,1016.8,15.28
15-Apr-07,0,18.7,0,9.9,0,7.1,0,0,1019,15.528
16-Apr-07,0,14.9,0,8.3,0,8.9,0,0.7,1023,15.932
17-Apr-07,0,15.1,0,5,0,1.5,0,0,1023.4,14.59
18-Apr-07,0,15.5,0,2.3,0,-2.7,0,0,1020,14.278
19-Apr-07,0,15.9,0,5.7,0,0,0,0,1015.8,14.467
20-Apr-07,0,18.2,0,3.3,0,-0.7,0,0,1013.5,14.203
21-Apr-07,0,17.1,0,10.1,0,5.9,0,0,1009.8,14.243
22-Apr-07,0,20.8,0,11.8,0,10.2,0,5.3,1008.1,15.235
23-Apr-07,0,16.6,0,12.6,0,8.1,0,1.3,1006.2,14.25
24-Apr-07,0,19.1,0,11.4,0,7,0,0.6,1001.6,14.695
25-Apr-07,0,15.2,0,5.3,0,6.6,0,0.1,1005.4,15.038
26-Apr-07,0,14.3,0,3.3,0,-1.2,0,0,1018.5,13.84
27-Apr-07,0,14.7,0,7.4,0,4.9,0,0,1020.4,15.51
28-Apr-07,0,16,0,9.1,0,5.7,0,0,1018.4,15.925
29-Apr-07,0,16.1,0,7.7,0,8.1,0,0,1013.9,15.783
30-Apr-07,0,15.2,0,7.5,0,3.5,0,0,1010.8,15.688
01-May-07,0,17.7,0,7.1,0,3,0,0,1009.8,16.155
02-May-07,0,16.2,0,6,0,2,0,0,1012.3,16.663
03-May-07,0,19.3,0,3.9,0,-0.5,0,0,1013.7,16.98
04-May-07,0,15.4,0,5.3,0,0.6,0,0,1013.3,16.865
05-May-07,0,20.3,0,4.8,0,0.3,0,0,1010.1,16.595
06-May-07,0,13.9,0,10,0,7.6,0,1.1,1006.2,15.75
07-May-07,0,16.4,0,8.8,0,6.6,0,0.9,1002.5,15.422
08-May-07,0,15.5,0,7,0,5.4,0,1.2,1002.4,14.917
09-May-07,0,13.9,0,6.6,0,1.6,0,1.2,1000.4,13.37
10-May-07,0,15.9,0,8.7,0,3.6,0,0,992.9,14.255
11-May-07,0,14.4,0,7.5,0,6.7,0,3.2,991.3,14.342
12-May-07,0,16.7,0,7.5,0,6.6,0,0.1,993,15.205
13-May-07,0,12.6,0,6.1,0,1.4,0,0,995.8,14.042
14-May-07,0,16.3,0,5.7,0,2.7,0,3.2,1002.4,14.733
15-May-07,0,13.7,0,8.5,0,8,0,1,1005.8,14.37
16-May-07,0,15.4,0,9.4,0,8.3,0,4,1005.5,14.097
17-May-07,0,22.3,0,13.3,0,12.4,0,0.2,1006.7,17.385
18-May-07,0,16.2,0,8.6,0,11.8,0,3,999.7,17.483
19-May-07,0,15.8,0,6.5,0,7.3,0,1.4,1001,16.757
20-May-07,0,15.7,0,5.1,0,0.7,0,0,1010.2,16.53
21-May-07,0,19.1,0,3.5,0,-0.3,0,0.1,1013,16.897
22-May-07,0,19.5,0,8.7,0,4.8,0,0,1014.5,17.545
23-May-07,0,18,0,10,0,6.7,0,0,1015.8,17.125
24-May-07,0,19.2,0,11.7,0,12.7,0,0.2,1010.7,17.79
25-May-07,0,15.3,0,5.9,0,8.5,0,0,1006,17.715
26-May-07,0,14.3,0,3.6,0,-0.6,0,5.3,1000.9,15.868
27-May-07,0,13.4,0,6.1,0,5.5,0,4,1001,14.597
28-May-07,0,13.8,0,4.1,0,3,0,0.2,1007,14.835
29-May-07,0,15.6,0,1.5,0,-2.9,0,0,1003.8,15.682
30-May-07,0,12.6,0,2.3,0,-2,0,1.2,995,13.602
31-May-07,0,17.8,0,7.1,0,2.8,0,0.6,999,15.283
01-Jun-07,0,19.9,0,5.8,0,1.7,0,0,1009.6,17.395
02-Jun-07,0,17.9,0,12.9,0,12.3,0,2.4,1013.6,16.853
03-Jun-07,0,16.1,0,9.7,0,13.3,0,29.1,1017.4,15.908
04-Jun-07,0,17.2,0,8.5,0,7.4,0,1,1022.6,14.64
05-Jun-07,0,17.8,0,8.6,0,5.3,0,0,1020.8,17.28
06-Jun-07,0,17.9,0,7.4,0,3.4,0,0,1018.1,18.14
07-Jun-07,0,18.3,0,7.3,0,3.5,0,0,1016.7,19.478
08-Jun-07,0,21.4,0,8.5,0,5.5,0,0,1015.1,19.94
09-Jun-07,0,22.2,0,9.3,0,5.4,0,0,1013.8,21.472
10-Jun-07,0,21.7,0,9.6,0,5.4,0,0,1011.2,21.888
11-Jun-07,0,23.5,0,11.7,0,7.8,0,0,1009.1,22.182
12-Jun-07,0,23,0,13.9,0,9.6,0,2.5,1005.1,22.728
13-Jun-07,0,18.8,0,12.6,0,10.8,0,9.2,999.8,19.5
14-Jun-07,0,13.9,0,11.9,0,10.6,0,10.7,996.3,16.56
15-Jun-07,0,12.4,0,10.8,0,11.2,0,11.6,994.9,14.512
16-Jun-07,0,13.3,0,10.1,0,10.1,0,0.4,996.6,14.538
17-Jun-07,0,16.1,0,9.3,0,9.9,0,0,998.1,16.03
18-Jun-07,0,17.4,0,7.6,0,4.7,0,0.7,999.7,15.868
19-Jun-07,0,17.6,0,12.2,0,8.2,0,15.4,999.4,15.59
20-Jun-07,0,17.4,0,12.4,0,10.1,0,1.2,996.3,16.14
21-Jun-07,0,15.3,0,12.3,0,10.3,0,5.8,999.5,15.847
22-Jun-07,0,17.5,0,11.8,0,9.7,0,51.6,1002.7,15.79
23-Jun-07,0,17.1,0,10.7,0,10.3,0,7.2,1003,16.64
24-Jun-07,0,15.6,0,9.4,0,10.2,0,2.3,1000.8,16.595
25-Jun-07,0,16.4,0,8.7,0,7.9,0,0.3,1004.7,15.555
26-Jun-07,0,17.6,0,8.3,0,5.5,0,1.4,1006.1,15.165
27-Jun-07,0,16.3,0,6.7,0,9.5,0,0.9,1001.6,16.398
28-Jun-07,0,17.2,0,5.1,0,2.1,0,3.2,999.2,14.96
29-Jun-07,0,17.9,0,9.6,0,10.5,0,2.1,1000.1,17.275
30-Jun-07,0,21.5,0,12.4,0,12.2,0,5.9,997.2,17.99
01-Jul-07,0,20.7,0,13.9,0,13.3,0,9.4,989,18.717
02-Jul-07,0,19.7,0,12.3,0,12.6,0,7.1,991.6,18.767
03-Jul-07,0,17.1,0,11,0,11.3,0,4.1,993.1,18.25
04-Jul-07,0,19.5,0,10.9,0,10,0,3.9,1000.2,17.72
05-Jul-07,0,20.6,0,11.9,0,11.8,0,2.9,998,17.655
06-Jul-07,0,19.1,0,11.4,0,10.4,0,1.6,1002.5,18.283
07-Jul-07,0,19.7,0,8.9,0,8.9,0,0.3,1010.2,18.92
08-Jul-07,0,18.4,0,8.4,0,7.4,0,0.3,1009.8,18.175
09-Jul-07,0,16.8,0,8.3,0,7.1,0,7.4,1006.8,16.783
10-Jul-07,0,17.6,0,9.5,0,12.4,0,0.3,1008.3,16.72
11-Jul-07,0,19.2,0,8.1,0,6.7,0,0.7,1008.8,16.712
12-Jul-07,0,20.8,0,13.6,0,15.8,0,2,1005.9,18.833
13-Jul-07,0,18,0,12.4,0,13.7,0,17.4,999,17.002
14-Jul-07,0,21,0,12.3,0,12.7,0,7.9,1001.2,18.538
15-Jul-07,0,17.8,0,9.5,0,9.1,0,1.2,1003.8,18.388
16-Jul-07,0,21.4,0,11.5,0,14.5,0,3.9,999.4,19.288
17-Jul-07,0,18.3,0,10.5,0,7.2,0,6.5,1002.7,18.028
18-Jul-07,0,20.7,0,10.5,0,7.6,0,0,1009,19.325
19-Jul-07,0,19.6,0,9.9,0,7,0,0.4,1012.6,18.568
20-Jul-07,0,15.5,0,11.2,0,8.5,0,13.2,1011.5,16.557
21-Jul-07,0,16.1,0,11.2,0,11.5,0,2.7,1008.2,17.045
22-Jul-07,0,17.2,0,9.7,0,7.1,0,11.1,1001.7,17.18
23-Jul-07,0,18.1,0,8.6,0,6.5,0,1.3,999.5,17.085
24-Jul-07,0,19.8,0,9.1,0,5.9,0,1.1,1002.8,17.743
25-Jul-07,0,20.7,0,13.3,0,12.9,0,0.5,997.3,19.41
26-Jul-07,0,18.5,0,11.9,0,11.8,0,13.4,993.5,18.222
27-Jul-07,0,19.3,0,10.1,0,9,0,1.5,1001.8,18.035
28-Jul-07,0,18.7,0,8.8,0,5.7,0,1.3,1008.2,17.765
29-Jul-07,0,18.3,0,7.9,0,6.1,0,1.9,1013.8,17.865
30-Jul-07,0,20.1,0,7,0,4.2,0,0,1017.7,18.032
31-Jul-07,0,21.8,0,8.1,0,5.7,0,0,1013.5,19.068
01-Aug-07,0,19.4,0,10.3,0,8.2,0,0.2,1008.4,18.295
02-Aug-07,0,21.2,0,11.3,0,10.5,0,0.3,1009.5,19.243
03-Aug-07,0,23.6,0,10.7,0,7.5,0,0,1009,19.087
04-Aug-07,0,21.9,0,12.8,0,15.3,0,14,1007.7,20.09
05-Aug-07,0,16,0,11.6,0,12,0,22,1002.9,17.495
06-Aug-07,0,18.6,0,10,0,6.4,0,6.4,1005.4,17.42
07-Aug-07,0,19.3,0,8.3,0,5.4,0,0.6,1013.1,17.288
08-Aug-07,0,19.8,0,7,0,3.2,0,0,1016.7,17.55
09-Aug-07,0,21,0,8.6,0,4.8,0,0,1014.1,18.188
10-Aug-07,0,19.5,0,13.4,0,13.5,0,2.2,1011.9,18.942
11-Aug-07,0,18.4,0,12.5,0,13.2,0,7.8,1006.3,17.843
12-Aug-07,0,17.9,0,11.3,0,9.8,0,2.5,1001.6,18.015
13-Aug-07,0,18.2,0,11.1,0,7.9,0,0.7,998.5,17.302
14-Aug-07,0,18.9,0,13.3,0,11.8,0,11.4,989.2,17.878
15-Aug-07,0,18.2,0,8.6,0,10.7,0,5.8,992.9,17.362
16-Aug-07,0,17.8,0,7.9,0,4.6,0,0.8,1004.8,16.51
17-Aug-07,4, ,4, , , ,8, , , 
18-Aug-07,0,17.6,0,12.2,4, ,0,7.6,999.7,17.29
19-Aug-07,0,16.9,0,10.2,0,11.1,0,0,1006.1,16.222
20-Aug-07,0,17.1,0,10.1,0,7.1,0,13.6,1006.7,15.815
21-Aug-07,0,19.5,0,8.7,0,4.9,0,0,1016.6,16.035
22-Aug-07,0,22.7,0,11.4,0,8,0,0,1018.9,18.68
23-Aug-07,0,20.9,0,12.1,0,8.6,0,0,1018.8,18.278
24-Aug-07,0,23.6,0,12.7,0,9.1,0,0.1,1021.9,19.132
25-Aug-07,0,21.1,0,13.7,0,12.2,0,0.1,1023.6,19.522
26-Aug-07,0,18.4,0,10.1,0,7.6,0,0,1026.2,18.335
27-Aug-07,0,17.9,0,11.1,0,6.4,0,0,1023.3,17.625
28-Aug-07,0,19.3,0,10.3,0,8.5,0,0.1,1019.1,17.99
29-Aug-07,0,18.4,0,9.1,0,4.9,0,0,1019,18.003
30-Aug-07,0,19.3,0,12.8,0,10.6,0,0.1,1020.2,18.215
31-Aug-07,0,19.3,0,13.9,0,11.8,0,0,1018.5,18.1
01-Sep-07,0,19.8,0,13.6,0,13.4,0,0.2,1015.7,18.417
02-Sep-07,0,19.9,0,12.7,0,11.9,0,1.8,1011.5,17.775
03-Sep-07,0,18.7,0,9.2,0,4.6,0,0,1018,16.915
04-Sep-07,0,19.4,0,7.3,0,3.8,0,0,1023.8,16.698
05-Sep-07,0,21.3,0,14.6,0,12.2,0,0.5,1026.4,18.833
06-Sep-07,0,21.5,0,14.9,0,12.2,0,0,1028.3,19.083
07-Sep-07,0,22.4,0,11.1,0,13.6,0,0,1027.3,19.235
08-Sep-07,0,17.3,0,10.1,0,6.4,0,0,1025.2,17.555
09-Sep-07,0,17.3,0,13.3,0,11.2,0,0,1021.3,17.642
10-Sep-07,0,19.6,0,8.9,0,11.1,0,0,1019.3,17.872
11-Sep-07,0,19.3,0,8.1,0,3.9,0,0,1022.9,16.775
12-Sep-07,0,19.7,0,13.5,0,13.1,0,0,1024,17.677
13-Sep-07,0,20.2,0,12.8,0,12.3,0,0,1017.2,17.48
14-Sep-07,0,16.9,0,8.1,0,6.2,0,0.3,1015.8,16.685
15-Sep-07,0,19.7,0,7.4,0,2.7,0,0,1014.9,16.358
16-Sep-07,0,20.5,0,9.1,0,12.1,0,1.7,1002.8,17.055
17-Sep-07,0,13.6,0,3.9,0,1.1,0,0.1,1011.8,13.78
18-Sep-07,0,13.9,0,2.1,0,-2.6,0,0,1016.5,12.533
19-Sep-07,0,19.2,0,11.5,0,8.1,0,4.2,1008.2,15.193
20-Sep-07,0,17.7,0,10.4,0,7.2,0,1.4,1006.1,15.542
21-Sep-07,0,15.9,0,8.1,0,6.3,0,8.2,1007.7,14.622
22-Sep-07,0,18.8,0,6.2,0,1,0,0,1009,13.807
23-Sep-07,0,18.3,0,10.6,0,11.9,0,1,1000.8,16.057
24-Sep-07,0,16,0,8.4,0,5.2,0,3,999.5,14.465
25-Sep-07,0,14.5,0,5.3,0,6,0,0.4,1012.8,13.325
26-Sep-07,0,12.8,0,3.6,0,-1.5,0,0,1022.8,11.108
27-Sep-07,0,12.3,0,2.1,0,-1.5,0,0,1020.8,11.215
28-Sep-07,0,13.7,0,7.7,0,3.5,0,2.1,1014.2,12.278
29-Sep-07,0,15,0,10.4,0,10.3,0,1.1,1010.8,13.318
30-Sep-07,0,16.3,0,7.9,0,9,0,12.3,1013.8,13.92
01-Oct-07,0,17.1,0,7.9,0,3.1,0,0,1016.3,13.44
02-Oct-07,0,16.6,0,11.5,0,12.2,0,1.3,1014.4,14.9
03-Oct-07,0,16.6,0,7.6,0,6.8,0,4.6,1009.4,13.96
04-Oct-07,0,17.3,0,5.2,0,-0.2,0,0.1,1015.6,12.395
05-Oct-07,0,17.9,0,5.6,0,1.6,0,0.1,1018.4,12.415
06-Oct-07,0,17,0,4.8,0,0.6,0,0,1018.4,12.275
07-Oct-07,0,15.3,0,6.4,0,2.2,0,0.1,1017.4,12.43
08-Oct-07,0,16.7,0,10.1,0,4.1,0,0.1,1016.8,13.325
09-Oct-07,0,17.8,0,8.3,0,10.6,0,0,1017.5,14.453
10-Oct-07,0,17.2,0,7.1,0,1.4,0,0.1,1022.2,13.078
11-Oct-07,0,18,0,13.6,0,4.9,0,0,1021,14.547
12-Oct-07,0,17.5,0,13.6,0,12.6,0,0,1020.4,15.44
13-Oct-07,0,16,0,8.7,0,11.5,0,0,1016.8,14.408
14-Oct-07,0,17.9,0,7.4,0,2.3,0,0.1,1010.4,12.745
15-Oct-07,0,16,0,9.6,0,4.2,0,0.5,1003.3,12.53
16-Oct-07,0,15,0,5.6,0,3.8,0,0,1006.3,11.975
17-Oct-07,0,13.2,0,4.4,0,-1,0,0.1,1017.9,9.818
18-Oct-07,0,14.6,0,1.4,0,-2.6,0,0,1026.7,9.499
19-Oct-07,0,16.1,0,5,0,3,0,0,1028.2,11.517
20-Oct-07,0,14.7,0,3.8,0,-0.7,0,0,1027.2,10.3
21-Oct-07,0,14.6,0,9.6,0,3.6,0,0,1019.8,11.31
22-Oct-07,0,14.3,0,10.5,0,7.7,0,2.7,1012.6,11.693
23-Oct-07,0,15.5,0,4.3,0,1.5,0,0,1017.9,11.238
24-Oct-07,0,13.6,0,1.7,0,-3.3,0,0.1,1022.3,8.464
25-Oct-07,0,12.8,0,2.4,0,-2.4,0,0,1018.7,8.841
26-Oct-07,0,14.3,0,3.3,0,-1.9,0,0.4,1012.3,9.84
27-Oct-07,0,19.1,0,5.2,0,0.5,0,0.1,1007.5,11.145
28-Oct-07,0,16.6,0,6.2,0,7.5,0,8.6,1000.9,12.255
29-Oct-07,0,12.1,0,4.4,0,-0.7,0,0.1,1008.3,8.833
30-Oct-07,0,14.4,0,5.6,0,0.2,0,0.2,1016.4,9.224
31-Oct-07,0,15,0,12,0,10.2,0,0.3,1020.5,11.792
01-Nov-07,0,17,0,12.9,0,9.4,0,0,1024.8,12.593
02-Nov-07,0,15.4,0,6.5,0,1.2,0,0.3,1028.8,11.427
03-Nov-07,0,13.3,0,9.2,0,3.4,0,0.1,1027,11.307
04-Nov-07,0,13.8,0,10.3,0,9.6,0,0.1,1024.1,12.04
05-Nov-07,0,12.3,0,4.6,0,5.9,0,0.1,1024.2,11
06-Nov-07,0,12,0,3.7,0,-1.6,0,0,1029.2,8.281
07-Nov-07,0,13.2,0,9.1,0,2.7,0,0.1,1022.5,10.025
08-Nov-07,0,13,0,4.7,0,8.9,0,2,1015.5,9.83
09-Nov-07,0,10.1,0,4.2,0,-0.6,0,0.1,1023.8,7.414
10-Nov-07,0,12.6,0,8.6,0,3.7,0,0,1018.9,9.123
11-Nov-07,0,12.2,0,1.2,0,6.9,0,0,1017.3,9.387
12-Nov-07,0,8.5,0,-0.3,0,-3.7,0,0,1018.8,6.274
13-Nov-07,0,10.6,0,6.3,0,2.3,0,0.1,1014,8.132
14-Nov-07,0,12.1,0,5.6,0,1.7,0,11.7,1016.6,8.578
15-Nov-07,0,10.4,0,7.3,0,2.5,0,1,1020.2,9.528
16-Nov-07,0,11.7,0,7,0,6.3,0,0,1019.8,9.365
17-Nov-07,0,10.6,0,6.5,0,3.5,0,12.4,1007.7,8.81
18-Nov-07,0,7.6,0,3.7,0,-0.2,0,13.6,993.7,7.977
19-Nov-07,0,8.9,0,4.4,0,4.1,0,9.3,991.8,7.37
20-Nov-07,0,10.1,0,4.6,0,5,0,0.5,996.1,7.454
21-Nov-07,0,8.5,0,4.6,0,-1.1,0,1.5,995,7.158
22-Nov-07,0,8.3,0,3.1,0,-0.3,0,0.1,1005.4,6.027
23-Nov-07,0,4.8,0,-2.8,0,-2.6,0,0,1019.3,4.362
24-Nov-07,0,10.4,0,0.6,0,-7.4,0,0.8,1018.1,5.421
25-Nov-07,0,10.9,0,7.3,0,4.4,0,0.1,1021.1,7.527
26-Nov-07,0,11.2,0,8.9,0,3.6,0,0.7,1026.2,9.227
27-Nov-07,0,11.6,0,6.3,0,2.5,0,0,1019.2,8.663
28-Nov-07,0,12.2,0,6.3,0,4.2,0,1.1,1005.1,8.858
29-Nov-07,0,10.8,0,3.1,0,-0.6,0,1.3,1000.2,6.014
30-Nov-07,0,13.5,0,4.3,0,0.6,0,5.7,990.8,8.368
01-Dec-07,0,7.3,0,3.8,0,0.9,0,1.7,987.4,5.832
02-Dec-07,0,9.4,0,4.4,0,2.3,0,8.3,983.7,6.268
03-Dec-07,0,8.6,0,3.4,0,-0.2,0,0.4,998.4,4.898
04-Dec-07,0,14.8,0,6.9,0,1,0,1.6,997.3,8.203
05-Dec-07,0,13.3,0,8,0,7.2,0,0.1,994.6,8.535
06-Dec-07,0,14.6,0,7.6,0,5.4,0,10.7,993.3,8.727
07-Dec-07,0,9.7,0,2.7,0,2.6,0,2.3,995.1,6.902
08-Dec-07,0,12.2,0,2.7,0,-1.5,0,10.3,989.3,5.833
09-Dec-07,0,7.8,0,4.2,0,1.8,0,0.8,982.7,5.868
10-Dec-07,0,6.1,0,-0.8,0,-2.7,0,0,1011.2,3.303
11-Dec-07,0,9.3,0,-0.6,0,-6.1,0,0.1,1022.9,3.13
12-Dec-07,0,11.6,0,5.2,0,-0.1,0,0.5,1024.1,6.163
13-Dec-07,0,10.1,0,3.8,0,-0.9,0,0,1027.3,5.766
14-Dec-07,0,9.6,0,1.6,0,-0.6,0,0,1027.8,4.717
15-Dec-07,0,6.2,0,1.3,0,-3.1,0,0,1027.1,4.002
16-Dec-07,0,6.3,0,2,0,1.9,0,0,1028.2,4.668
17-Dec-07,0,7.9,0,-0.3,0,-6,0,0,1029.6,2.581
18-Dec-07,0,6.3,0,3.6,0,-4.7,0,0,1030.6,4.164
19-Dec-07,0,7,0,-1.5,0,-5.7,0,0,1030.2,3.075
20-Dec-07,0,7.8,0,2.5,0,-5.2,0,0,1024.1,2.871
21-Dec-07,0,3.9,0,-5.2,0,-9.7,0,0,1016.9,1.613
22-Dec-07,0,9.2,0,0.2,0,-8.9,0,1.4,1016.2,1.604
23-Dec-07,0,10.6,0,-1.9,0,-6.9,0,0,1014.9,1.71
24-Dec-07,0,10.9,0,0.9,0,-1.3,0,4.7,1008.8,4.626
25-Dec-07,0,7.7,0,-2.2,0,-7.3,0,1,1005.5,2.117
26-Dec-07,0,11.4,0,4.2,0,-6.5,0,0,1009.8,3.732
27-Dec-07,0,12.2,0,9.8,0,5.9,0,12,1006.8,7.372
28-Dec-07,0,13,0,3.8,0,9,0,6.2,998.7,7.713
29-Dec-07,0,7.9,0,3.3,0,1.2,0,2.6,1004.6,4.549
30-Dec-07,0,8.9,0,4,0,-1.7,0,0.3,1017.8,4.891
31-Dec-07,0,12.7,0,8.9,0,0,0,0.1,1016.6,7.064
01-Jan-08,0,11.5,0,7.5,0,7.8,0,0,1011.6,7.795
02-Jan-08,0,8.2,0,4.2,0,5.2,0,0.2,1003.6,6.382
03-Jan-08,0,4.7,0,-0.2,0,1.2,0,1.7,997.5,3.633
04-Jan-08,0,8.7,0,-2.2,0,-5.1,0,1,986.2,2.915
05-Jan-08,0,5.7,0,2.3,0,-2.2,0,0.9,987.9,2.865
06-Jan-08,0,6.8,0,0.8,0,-5.7,0,2,993.3,2.13
07-Jan-08,0,6.2,0,3.3,0,-3,0,0.7,993.7,3.376
08-Jan-08,0,10.5,0,1.6,0,-0.5,0,9.4,992.9,3.718
09-Jan-08,0,8.3,0,0.9,0,-1.2,0,9.5,992.6,2.523
10-Jan-08,0,9.1,0,2.3,0,-0.4,0,9.6,985.7,4.51
11-Jan-08,0,3.8,0,-1.3,0,-5.9,0,0,992,1.911
12-Jan-08,0,11.6,0,1.2,0,-6,0,1.9,992.6,1.772
13-Jan-08,0,11.7,0,5.1,0,-3.9,0,2,983.2,6.107
14-Jan-08,0,9,0,5.6,0,-0.4,0,2,979.5,5.162
15-Jan-08,0,8.8,0,3.7,0,2.9,0,0.6,973.5,5.194
16-Jan-08,0,6.1,0,1.7,0,-2.2,0,0.5,984,3.963
17-Jan-08,0,8.7,0,2.9,0,0.4,0,10.1,989.5,5.212
18-Jan-08,0,13.4,0,5.6,0,2.3,0,7.4,995.8,6.89
19-Jan-08,0,11.1,0,8.4,0,7.4,0,11.2,1005.9,7.998
20-Jan-08,0,12.5,0,8.7,0,7.7,0,4.9,1008.4,9.238
21-Jan-08,0,11.9,0,0.5,0,8.5,0,4.7,1004.1,8.493
22-Jan-08,0,11.5,0,0.4,0,-4,0,3.6,1013.5,5.792
23-Jan-08,0,14.7,0,8.1,0,5.3,0,3.8,1009.4,8.93
24-Jan-08,0,8.2,0,3,0,0.9,0,2,1016.9,5.542
25-Jan-08,0,11.3,0,6.9,0,1.8,0,0,1022.4,6.262
26-Jan-08,0,10.9,0,7.9,0,6.4,0,0,1023.2,6.981
27-Jan-08,0,11.3,0,5.4,0,5.3,0,0,1025.3,6.741
28-Jan-08,0,11,0,3.6,0,-2.2,0,0,1022.2,5.344
29-Jan-08,0,11.4,0,1.8,0,-0.1,0,4.2,1017.6,7.185
30-Jan-08,0,6.8,0,0.3,0,-3.2,0,0,1013.3,4.027
31-Jan-08,0,7.4,0,1.9,0,-1.3,0,5.7,995.1,4.485
01-Feb-08,0,3.7,0,-1.8,0,-0.1,0,0,997.5,3.111
02-Feb-08,0,8.9,0,-1.8,0,-6.8,0,0,997.5,2.316
03-Feb-08,0,8.9,0,0.3,0,-1.4,0,2.9,982.1,4.774
04-Feb-08,0,9.6,0,0.1,0,-5.2,0,1.5,984,3.654
05-Feb-08,0,10,0,4,0,2.1,0,1.1,987.5,5.661
06-Feb-08,0,9.7,0,1.4,0,-3,0,0.3,1009.9,4.648
07-Feb-08,0,15.5,0,9.6,0,-1.8,0,0.2,1016.8,7.863
08-Feb-08,0,12.6,0,10.3,0,8.3,0,0.1,1016,8.625
09-Feb-08,0,13.6,0,4.3,0,4.9,0,0,1019.7,7.644
10-Feb-08,0,9.4,0,1.9,0,-3.3,0,0,1025.9,5.919
11-Feb-08,0,12.2,0,-2.6,0,-6.4,0,0,1024.8,4.491
12-Feb-08,0,12.6,0,-3.2,0,-7.1,0,0,1028.3,3.77
13-Feb-08,0,13.1,0,-0.9,0,-6,0,0,1031.2,3.923
14-Feb-08,0,6.9,0,-2.5,0,-6.9,0,0,1031.9,3.553
15-Feb-08,0,7.5,0,0.8,0,0.5,0,0,1033.2,5.199
16-Feb-08,0,7.7,0,-2.4,0,-4.6,0,0,1035.3,4.187
17-Feb-08,0,7,0,-5.1,0,-9.3,0,0,1033.2,2.789
18-Feb-08,0,7.9,0,-2.3,0,-4.6,0,0,1026.7,3.274
19-Feb-08,0,9.3,0,-5.8,0,-9.8,0,0,1017.3,2.669
20-Feb-08,0,9.3,0,-2.5,0,-7.1,0,0,1011.3,3.284
21-Feb-08,0,12.2,0,6,0,1.4,0,0.1,1009.1,5.971
22-Feb-08,0,12.5,0,7,0,8.5,0,0.8,1012.5,7.662
23-Feb-08,0,12.7,0,7.3,0,1.6,0,0,1011.6,7.358
24-Feb-08,0,10.8,0,2.6,0,3.5,0,3.9,1008.4,7.11
25-Feb-08,0,11.1,0,2.9,0,-2.9,0,0.5,1001.9,5.252
26-Feb-08,0,10.6,0,5,0,3.1,0,0.4,998.6,6.35
27-Feb-08,0,10.4,0,2.6,0,-2.7,0,0.1,1010.2,5.648
28-Feb-08,0,9.7,0,2.1,0,-3,0,0,1013.2,5.56
29-Feb-08,0,12.1,0,5,0,-0.1,0,4.1,1001.1,6.425
01-Mar-08,0,11.8,0,5.2,0,2.5,0,0.2,1000,6.792
02-Mar-08,0,11.2,0,1.5,0,2.7,0,0.6,1003.4,7.308
03-Mar-08,0,5.9,0,0,0,-2.4,0,1.1,1006.2,5.186
04-Mar-08,0,9.9,0,0.5,0,-4.6,0,0,1021.9,5.183
05-Mar-08,0,10.6,0,2.9,0,-3.2,0,0.2,1025.6,6.229
06-Mar-08,0,11.2,0,4.4,0,6.9,0,2,1009.5,7.952
07-Mar-08,0,10.3,0,2.5,0,-0.3,0,1.3,1000,6.839
08-Mar-08,0,11.8,0,3.6,0,4.1,0,2.2,991.3,7.882
09-Mar-08,0,8.1,0,2.3,0,-1.8,0,0.7,975.2,5.67
10-Mar-08,0,9.4,0,2.9,0,-0.4,0,9.8,962.5,6.371
11-Mar-08,0,12.2,0,1.8,0,1,0,5,974.7,6.306
12-Mar-08,0,9.2,0,3.4,0,0.4,0,4.4,988.8,6.137
13-Mar-08,0,12.2,0,3,0,0.3,0,2.7,1001.2,6.163
14-Mar-08,0,9.5,0,2.2,0,-1.6,0,0.1,1002.9,5.925
15-Mar-08,0,9.4,0,6.5,0,6.1,0,18.8,997.2,7.381
16-Mar-08,0,8.4,0,3.8,0,5.2,0,5.8,1005.2,7.269
17-Mar-08,0,9.1,0,2.6,0,-0.4,0,0.3,1015.2,6.724
18-Mar-08,0,9.2,0,-2.6,0,-4.5,0,0,1019.2,5.497
19-Mar-08,0,9.8,0,-1.5,0,-4,0,0,1022.2,5.559
20-Mar-08,0,10.4,0,3.1,0,-0.8,0,0.4,1008.2,6.36
21-Mar-08,0,10.1,0,2.1,0,1.1,0,1.6,996.9,7.104
22-Mar-08,0,8.2,0,1.1,0,-2.4,0,0,1004.8,5.248
23-Mar-08,0,9.2,0,1.5,0,-1,0,0.4,1001.7,6.079
24-Mar-08,0,9.4,0,1,0,1.2,0,0.5,1000.6,7.055
25-Mar-08,0,11.1,0,0.6,0,-2.2,0,0.9,1000.5,6.403
26-Mar-08,0,10.4,0,1.9,0,-0.2,0,0.3,994.2,7.744
27-Mar-08,0,11.4,0,1.7,0,-1.1,0,0.1,992.1,7.819
28-Mar-08,0,11,0,3.2,0,4.9,0,5.2,986.3,8.668
29-Mar-08,0,13.4,0,3.2,0,0.2,0,2.4,987.8,7.044
30-Mar-08,0,12.4,0,3.4,0,-0.7,0,26.3,990.3,8.058
31-Mar-08,0,12.2,0,2.7,0,1.2,0,7,1003,9.422
01-Apr-08,0,13.1,0,7.8,0,5.1,0,0.6,1009.2,9.812
02-Apr-08,0,15.3,0,7.4,0,4.6,0,1.4,1020.9,10.967
03-Apr-08,0,17,0,8.6,0,4.9,0,0,1025.8,12.283
04-Apr-08,0,15.2,0,4,0,5.1,0,0.9,1021.5,12.805
05-Apr-08,0,10.8,0,0.5,0,2.2,0,0.1,1016,9.77
06-Apr-08,0,8,0,-0.9,0,-1,0,0.7,1007.8,7.116
07-Apr-08,0,9.7,0,-0.5,0,-0.9,0,3.7,999.8,7.438
08-Apr-08,0,9.8,0,-0.1,0,-0.9,0,0.1,997.2,7.359
09-Apr-08,0,10,0,2.9,0,2,0,0,994,8.588
10-Apr-08,0,11.3,0,3.5,0,1.1,0,0.7,987.9,9.354
11-Apr-08,0,10.9,0,1.7,0,0.8,0,1.8,986.6,9.585
12-Apr-08,0,8.3,0,1.5,0,1,0,7.4,994.8,8.412
13-Apr-08,0,11.6,0,1.7,0,1.2,0,4,1005.6,9.488
14-Apr-08,0,12.2,0,0.9,0,0.9,0,0,1015.2,9.448
15-Apr-08,0,13.3,0,0.9,0,0,0,0,1017,9.64
16-Apr-08,0,11.3,0,1.7,0,0.6,0,0,1012,9.585
17-Apr-08,0,8.3,0,5.5,0,4.5,0,0,1003.7,8.735
18-Apr-08,0,9,0,4.4,0,2.5,0,0,997.3,7.74
19-Apr-08,0,9.4,0,6.2,0,5.4,0,1,996.9,8.055
20-Apr-08,0,7.9,0,6.3,0,6.2,0,2.2,1000.6,7.7
21-Apr-08,0,12.2,0,7.2,0,6.9,0,0,1004,9.983
22-Apr-08,0,14.6,0,6.1,0,4.3,0,0.8,1003.5,12.172
23-Apr-08,0,17.2,0,5,0,3.9,0,0.3,1005.9,13.01
24-Apr-08,0,14.7,0,7.1,0,6.6,0,4.1,1009.3,12.843
25-Apr-08,0,15.8,0,7.5,0,4.1,0,0.3,1014,12.07
26-Apr-08,0,16.7,0,5.8,0,9.4,0,0.2,1010.4,13.318
27-Apr-08,0,14.3,0,4,0,3.4,0,0.3,1004.5,12.23
28-Apr-08,0,14,0,4.5,0,7.1,0,7.3,995.2,12.398
29-Apr-08,0,12,0,1.5,0,2.3,0,0,989.8,11.852
30-Apr-08,0,11.9,0,4.8,0,5.1,0,0.7,988.1,11.262
01-May-08,0,14.7,0,4.5,0,3.3,0,0.1,997.6,12.347
02-May-08,0,17,0,2.7,0,3,0,0,1008.7,13.017
03-May-08,0,18.3,0,10,0,10.2,0,1.2,1009.6,15.06
04-May-08,0,19.9,0,10.2,0,11.4,0,0.2,1011.8,16.845
05-May-08,0,16.7,0,6.5,0,6,0,0,1018.8,16.55
06-May-08,0,19.7,0,8.6,0,9.5,0,0,1017,18.017
07-May-08,0,20.4,0,7.3,0,7.4,0,0,1012.5,18.565
08-May-08,0,20.4,0,9.5,0,9,0,0.1,1006.8,18.997
09-May-08,0,16,0,12,0,13.8,0,0.7,1007.3,17.177
10-May-08,0,16.8,0,11.4,0,13.3,0,3.5,1013.2,16.29
11-May-08,0,20.1,0,9.1,0,9.4,0,0,1015.2,18.278
12-May-08,0,18.8,0,9.7,0,12.1,0,0,1014.5,19.753
13-May-08,0,15.8,0,9.8,0,8.9,0,0,1015.7,19.283
14-May-08,0,15.5,0,9.4,0,9.6,0,0,1012.1,19.263
15-May-08,0,13.8,0,6.5,0,4.9,0,0,1007.8,18.987
16-May-08,0,15.8,0,5.2,0,3.3,0,0,1004.9,18.86
17-May-08,0,15,0,5.1,0,2.8,0,0.1,1005.7,18.542
18-May-08,0,13.8,0,5.3,0,10.2,0,7,1010.6,17.842
19-May-08,0,15.4,0,4.8,0,3.1,0,0,1012.5,15.538
20-May-08,0,14.3,0,3.8,0,2.3,0,0,1011.4,15.625
21-May-08,0,15.3,0,10.1,0,8.9,0,1.4,1008,17.157
22-May-08,0,13.9,0,9.9,0,10.5,0,11.7,1005.3,14.592
23-May-08,0,17.7,0,9.3,0,7.8,0,0,1007.1,16.263
24-May-08,0,15.9,0,10.6,0,10.9,0,0.1,1011,17.5
25-May-08,0,17.4,0,8.8,0,8.4,0,0.2,1013.4,16.597
26-May-08,0,17,0,9.5,0,10.6,0,0.9,1012.9,17.062
27-May-08,0,11.4,0,8.9,0,10,0,10.9,1007.9,13.682
28-May-08,0,15.9,0,10.5,0,11.1,0,0.1,1001.6,14.613
29-May-08,0,18.1,0,8.6,0,8.1,0,0,1005.9,15.16
30-May-08,0,21.4,0,10.3,0,10.4,0,0,1009.8,17.888
31-May-08,0,22.1,0,8.6,0,8.5,0,0,1012,19.24
01-Jun-08,0,19.8,0,9.6,0,8.7,0,0,1011,19.27
02-Jun-08,0,19.4,0,8.4,0,8.4,0,0,1006.8,19.83
03-Jun-08,0,19.2,0,9.3,0,9.7,0,0,1007.8,19.955
04-Jun-08,0,16,0,8.7,0,7.4,0,9,1008.2,16.592
05-Jun-08,0,13.1,0,6.2,0,6.6,0,1.1,1010.9,15.052
06-Jun-08,0,18,0,7.2,0,8.3,0,0,1013.7,17.462
07-Jun-08,0,19.2,0,7.3,0,7.5,0,0,1016.5,18.132
08-Jun-08,0,20.2,0,8,0,8,0,0,1019.4,18.237
09-Jun-08,0,23.9,0,13,0,12,0,0,1020.2,20.73
10-Jun-08,0,20.5,0,12.7,0,13.9,0,0,1021.7,21.038
11-Jun-08,0,17.2,0,10.2,0,14.5,0,3.2,1018.8,19.253
12-Jun-08,0,16.4,0,7.5,0,9.2,0,0,1017,17.767
13-Jun-08,0,16.2,0,8.6,0,7.2,0,0,1014.4,17.513
14-Jun-08,0,16.5,0,6.7,0,6.4,0,0,1011,17.335
15-Jun-08,0,15.3,0,6.3,0,4.7,0,1.2,1007.8,16.657
16-Jun-08,0,16.2,0,6.2,0,7,0,0,1006.9,16.752
17-Jun-08,0,18.4,0,9.7,0,8.9,0,3,1001.9,17.605
18-Jun-08,0,16.8,0,9.1,0,11.8,0,14.1,995.2,16.765
19-Jun-08,0,18.9,0,7.5,0,7.2,0,3,1001.3,17.222
20-Jun-08,0,18.4,0,7.3,0,3,0,0,1009.8,18.025
21-Jun-08,0,16.5,0,9.2,0,5.3,0,19,1002.8,15.727
22-Jun-08,0,15.8,0,8.9,0,10.9,0,3.3,999.2,16.48
23-Jun-08,0,17,0,6.8,0,2,0,0.5,1012.1,16.22
24-Jun-08,0,15.9,0,10.1,0,8.9,0,2,1006.8,16.283
25-Jun-08,0,19.1,0,11.1,0,9.8,0,0.7,1003.3,18.087
26-Jun-08,0,16.5,0,9.6,0,6.6,0,10.9,1006.7,16.868
27-Jun-08,0,19.9,0,8.4,0,3.9,0,0.6,1006.7,16.948
28-Jun-08,0,20.1,0,13.1,0,11.8,0,0.3,1008.2,18.395
29-Jun-08,0,19.3,0,10.7,0,6.6,0,2.6,1008.8,19.09
30-Jun-08,0,20.2,0,11.4,0,7.8,0,0,1008.1,18.882
01-Jul-08,0,17.9,0,13.2,0,13.1,0,0.2,1000.8,16.927
02-Jul-08,0,18.6,0,10.5,0,10.2,0,1.6,997.7,17.115
03-Jul-08,0,14.5,0,8.6,0,8.1,0,14.3,1002.8,16.533
04-Jul-08,0,18.4,0,7.3,0,2.8,0,2.1,1004.2,17.192
05-Jul-08,0,17.9,0,12.2,0,11.7,0,29.6,996.4,17.858
06-Jul-08,0,17.9,0,11.2,0,11.5,0,10.7,990.9,18.127
07-Jul-08,0,18.8,0,10.7,0,9.1,0,3.5,994.2,18.368
08-Jul-08,0,19.3,0,9.9,0,7.4,0,0,1001,18.837
09-Jul-08,0,17.7,0,11.1,0,8.7,0,5.2,998.6,17.253
10-Jul-08,0,18.2,0,12.5,0,11.1,0,4.4,995.3,18.103
11-Jul-08,0,16.3,0,9.9,0,7.2,0,0,1001.2,17.295
12-Jul-08,0,17.3,0,9.8,0,8.9,0,1.9,1005.8,17.253
13-Jul-08,0,21,0,6.6,0,3.5,0,0,1009,19.298
14-Jul-08,0,22.6,0,15.4,0,15.3,0,0,1014.1,20.45
15-Jul-08,0,21.9,0,12.3,0,13.4,0,0,1018,20.938
16-Jul-08,0,17.3,0,11.8,0,9.1,0,0.5,1015.8,18.575
17-Jul-08,0,17.7,0,12.9,0,11.9,0,0.4,1008.7,18.37
18-Jul-08,0,19.8,0,13.5,0,13,0,0.9,1002.6,18.815
19-Jul-08,0,18.8,0,10,0,9.7,0,0.4,1006.1,18.808
20-Jul-08,0,19.1,0,7.5,0,3.6,0,0,1016.6,18.065
21-Jul-08,0,19.8,0,7,0,2.8,0,0,1020.5,18.802
22-Jul-08,0,21.2,0,14.4,0,13.9,0,0,1019.7,20.645
23-Jul-08,0,21.2,0,13.8,0,11.2,0,0,1016.4,21.713
24-Jul-08,0,20.7,0,14.1,0,13.2,0,0.1,1009.4,20.705
25-Jul-08,0,21.9,0,15.7,0,14.9,0,1.3,1004.3,19.987
26-Jul-08,0,21.6,0,13.2,0,10.6,0,0,1009.5,20.58
27-Jul-08,0,22.1,0,11.4,0,7.8,0,0,1011.8,21.683
28-Jul-08,0,23.3,0,13.4,0,9.8,0,1.3,1007.6,22.583
29-Jul-08,0,21.6,0,14.8,0,14.6,0,7.2,1001.5,22.37
30-Jul-08,0,22.2,0,14.2,0,13,0,11,1003,21.458
31-Jul-08,0,18.4,0,13.2,0,14.2,0,6,1000.4,19.308
01-Aug-08,0,20.5,0,10.3,0,6.7,0,6.4,999,18.177
02-Aug-08,0,20.5,0,12.6,0,8.9,0,7.3,1002.6,19.48
03-Aug-08,0,19.1,0,13.4,0,11,0,1.1,1001.4,19.712
04-Aug-08,0,20,0,13.5,0,10.2,0,0.1,1003,19.51
05-Aug-08,0,17.8,0,13.7,0,12.4,0,8.6,1002.7,18.368
06-Aug-08,0,21.6,0,13.9,0,14.1,0,22.4,999.7,18.698
07-Aug-08,0,18.5,0,12.4,0,9.5,0,2.6,1002,18.103
08-Aug-08,0,18.2,0,11.2,0,11.8,0,0.2,1007.8,18.775
09-Aug-08,0,22.3,0,12.9,0,9.2,0,58.7,997.8,19.075
10-Aug-08,0,19.2,0,12.4,0,10.1,0,0.4,991.4,18.925
11-Aug-08,0,19.6,0,12.4,0,10.5,0,9.5,987.6,18.9
12-Aug-08,0,17.1,0,9.8,0,11.6,0,30.7,982,18.03
13-Aug-08,0,19.8,0,8.8,0,5.8,0,2.6,992.3,17.225
14-Aug-08,0,20,0,9.8,0,7.3,0,0,1003.7,18.245
15-Aug-08,0,18.5,0,11.1,0,7,0,0.6,1003.3,18.01
16-Aug-08,0,16.2,0,11.6,0,12.1,0,16.6,994.6,16.655
17-Aug-08,0,18.9,0,11.5,0,9.6,0,2.2,992.6,17.638
18-Aug-08,0,19.8,0,13.1,0,12.1,0,6.5,986.9,17.65
19-Aug-08,0,19.4,0,12.7,0,10.4,0,1,994.6,18.23
20-Aug-08,0,18.6,0,13.2,0,12.2,0,3.5,1001.9,18.63
21-Aug-08,0,20.2,0,10.4,0,13.1,0,1,1007.2,18.888
22-Aug-08,0,17.8,0,9.9,0,6.9,0,0,1011.8,17.92
23-Aug-08,0,17.2,0,8.5,0,5.7,0,3.5,1004.1,16.312
24-Aug-08,0,20.2,0,11,0,7.6,0,0.1,998.3,18.16
25-Aug-08,0,18.9,0,14.3,0,12.6,0,1.4,1002.2,18.04
26-Aug-08,0,20.5,0,14.9,0,14.1,0,0,1009.3,18.475
27-Aug-08,0,18.5,0,15.3,0,13.8,0,0.1,1013.2,18.13
28-Aug-08,0,22.2,0,14.8,0,14.4,0,0.2,1014.3,18.903
29-Aug-08,0,18.5,0,13.9,0,12.5,0,0,1012.8,18.942
30-Aug-08,0,18.3,0,11.5,0,9.2,0,0,1008,17.568
31-Aug-08,0,18.7,0,11.4,0,8.6,0,0.1,1004.2,17.495
01-Sep-08,0,18.4,0,9.4,0,8.3,0,3.8,999.3,17.235
02-Sep-08,0,17.4,0,8.2,0,5.3,0,4.4,992.1,15.983
03-Sep-08,0,17.2,0,8.6,0,5.2,0,9.1,989.1,14.958
04-Sep-08,0,17.3,0,9.2,0,6.2,0,0.1,989.4,16.138
05-Sep-08,0,15.7,0,8.8,0,6.2,0,45.6,985,14.802
06-Sep-08,0,15.3,0,9.4,0,11.8,0,7.3,993.1,15.233
07-Sep-08,0,18,0,6.8,0,3.4,0,0,1003.5,15.062
08-Sep-08,0,18.2,0,8.9,0,7.2,0,0,1004.5,16.077
09-Sep-08,0,19.5,0,10.7,0,12.3,0,7.4,996.4,16.92
10-Sep-08,0,17.7,0,9.1,0,5.2,0,2.1,993.4,14.76
11-Sep-08,0,17.8,0,9.9,0,10.3,0,1.7,994.4,15.7
12-Sep-08,0,20.3,0,10.3,0,6.6,0,2.5,1006.7,16.26
13-Sep-08,0,19.5,0,9.1,0,7.5,0,0.1,1013.6,16.465
14-Sep-08,0,16.4,0,11.8,0,9.5,0,12,1015.9,16.182
15-Sep-08,0,16,0,11.4,0,12.1,0,5.5,1016.4,16.003
16-Sep-08,0,14.1,0,11.3,0,9.6,0,3.4,1017.7,15.05
17-Sep-08,0,14.3,0,8,0,5.4,0,0.1,1017,14.86
18-Sep-08,0,18.4,0,6.7,0,4.2,0,0.9,1016.7,15.352
19-Sep-08,0,17,0,12.1,0,11.8,0,0,1020.4,16.502
20-Sep-08,0,20.9,0,9.6,0,12.8,0,0,1022.2,17.837
21-Sep-08,0,18.5,0,7.8,0,5.3,0,0,1021.9,15.548
22-Sep-08,0,16,0,6.7,0,3.7,0,0,1024.8,15.19
23-Sep-08,0,14.7,0,4.8,0,2.3,0,0,1024.3,13.6
24-Sep-08,0,15.9,0,5.2,0,2.3,0,0,1024.8,12.845
25-Sep-08,0,17.8,0,7,0,4.1,0,0,1027.9,14.193
26-Sep-08,0,18.7,0,7,0,3.8,0,0,1028.4,13.808
27-Sep-08,0,17.8,0,6.4,0,2.1,0,0,1025.1,13.56
28-Sep-08,0,15.8,0,7.8,0,10,0,0.2,1021.6,15.225
29-Sep-08,0,14.4,0,7.4,0,3.6,0,0.9,1012.6,13.275
30-Sep-08,0,15.1,0,10.4,0,11,0,6.2,998.9,14.155
01-Oct-08,0,12.9,0,5.1,0,5.8,0,1.3,995.4,12.73
02-Oct-08,0,11.8,0,3.5,0,-0.4,0,0.1,1003.8,10.23
03-Oct-08,0,11.7,0,2.6,0,-1.8,0,0.1,1011.6,9.727
04-Oct-08,0,15.8,0,7.5,0,4.1,0,18.2,999.8,11.743
05-Oct-08,0,13.2,0,2.8,0,3.5,0,4.5,996.6,11.562
06-Oct-08,0,17.5,0,2.5,0,-1,0,0.2, ,10.608
07-Oct-08,0,14.3,0,7.1,0,10,0,13.8,996.9,12.528
08-Oct-08,0,16.3,0,5.7,0,1.2,0,0.1,1011.9,10.85
09-Oct-08,0,15.4,0,5.5,0,0.9,0,0.4,1016.2,10.448
10-Oct-08,0,16.6,0,11,0,12.7,0,11.6,1013.2,13.785
11-Oct-08,0,15.5,0,7,0,7.5,0,0,1016.1,13.215
12-Oct-08,0,15.9,0,3.7,0,0.5,0,0,1013.8,10.835
13-Oct-08,0,17.6,0,9.2,0,6.7,0,0,1010.2,12.925
14-Oct-08,0,12.6,0,7.4,0,6.8,0,18.2,1009.7,12.185
15-Oct-08,0,13.8,0,5.6,0,4.2,0,2.8,1006.6,11.235
16-Oct-08,0,12.9,0,4.6,0,0.5,0,0.1,1011.3,9.212
17-Oct-08,0,13.5,0,4.7,0,0.1,0,0,1012.9,9.065
18-Oct-08,0,14.7,0,7.3,0,2.2,0,0.4,1009.6,9.693
19-Oct-08,0,15.1,0,9.9,0,6.1,0,0.1,1000.3,11.148
20-Oct-08,0,14.9,0,5.7,0,7.6,0,1.9,992.9,11.015
21-Oct-08,0,11.6,0,3.8,0,-0.1,0,0.1,1002.7,8.168
22-Oct-08,0,13.3,0,5.2,0,0.5,0,0,1010.5,8.441
23-Oct-08,0,15.4,0,7.3,0,7.5,0,6.6,1001.3,10.833
24-Oct-08,0,12.3,0,5.8,0,2.3,0,0,1012.2,8.773
25-Oct-08,0,13.8,0,9.2,0,4.9,0,10.5,1011.7,9.96
26-Oct-08,0,12.7,0,4,0,5.4,0,1.8,1006.7,10.18
27-Oct-08,0,9.4,0,1.7,0,-1.2,0,0,1007.6,6.486
28-Oct-08,0,5.6,0,-1.2,0,-2.9,0,0,1010,4.431
29-Oct-08,0,6.4,0,-1,0,-5,0,6,998.2,3.477
30-Oct-08,0,7.4,0,3.5,0,0.2,0,6.6,995.4,5.187
31-Oct-08,0,9,0,2,0,-0.7,0,0,1007.9,4.539
01-Nov-08,0,8.9,0,3.1,0,0.5,0,7.8,1011.2,5.199
02-Nov-08,0,11.3,0,1.4,0,-0.3,0,0,1015.2,5.663
03-Nov-08,0,11.6,0,0.3,0,-2.8,0,0,1015.3,5.294
04-Nov-08,0,10.7,0,6.6,0,1.8,0,0,1015.3,7.649
05-Nov-08,0,13.8,0,8.4,0,7.4,0,0,1015.2,9.307
06-Nov-08,0,11.6,0,7.9,0,7,0,0.3,1003.1,9.25
07-Nov-08,0,11.1,0,5.7,0,1.2,0,1.7,991.2,8.552
08-Nov-08,0,13.4,0,4.3,0,2.3,0,11,988.7,8.63
09-Nov-08,0,8.1,0,2.6,0,0.4,0,2.4,990.3,6.163
10-Nov-08,0,9.5,0,3.4,0,-0.1,0,1.4,988.6,5.328
11-Nov-08,0,10.1,0,4,0,2.2,0,1.1,998,5.599
12-Nov-08,0,8.8,0,2.9,0,-0.5,0,0.1,1011.4,4.252
13-Nov-08,0,12.4,0,8.5,0,1.1,0,6.9,1013.1,7.873
14-Nov-08,0,13.5,0,11.3,0,9.7,0,0,1015,10.02
15-Nov-08,0,12.6,0,9.4,0,9.3,0,0.7,1018.3,10.275
16-Nov-08,0,10.5,0,8,0,7.7,0,3.5,1025.5,9.712
17-Nov-08,0,11.7,0,8.4,0,7.5,0,1.6,1018.3,9.602
18-Nov-08,0,10.6,0,6.2,0,2.9,0,0.1,1015.9,8.648
19-Nov-08,0,12.1,0,6.9,0,4,0,0,1018.2,8.18
20-Nov-08,0,12.1,0,9.6,0,6.8,0,0.3,1014.4,9.507
21-Nov-08,0,10.4,0,5.5,0,5,0,2.5,1015.6,8.76
22-Nov-08,0,8.2,0,5.4,0,2.6,0,0.9,1013.7,7.655
23-Nov-08,0,10.4,0,2.7,0,4,0,2.3,998.1,6.979
24-Nov-08,0,7.6,0,1.5,0,0.4,0,5.2,1001.7,5.695
25-Nov-08,0,8.1,0,1.6,0,-3.4,0,0.2,1020.6,3.727
26-Nov-08,0,10.8,0,8,0,-2.2,0,0.5,1017,7.622
27-Nov-08,0,9.6,0,2.3,0,6.5,0,1.1,1002.7,6.582
28-Nov-08,0,5,0,-1.5,0,-4.4,0,0,992.5,2.471
29-Nov-08,0,0.6,0,-2,0,-4.6,0,0,992,1.713
30-Nov-08,0,3,0,-1.4,0,-3,0,0,997.6,1.902
01-Dec-08,0,4.9,0,-1.8,0,-5.6,0,0,1004.5,1.399
02-Dec-08,0,4.7,0,-0.3,0,-4,0,1.7,999.6,1.561
03-Dec-08,0,6.1,0,-2.4,0,-5.7,0,3.6,988.4,1.298
04-Dec-08,0,7.8,0,3.6,0,-5.2,0,6.3,973.7,2.809
05-Dec-08,0,6.8,0,0.9,0,-2.1,0,0.2,986.1,2.207
06-Dec-08,0,4.2,0,-3.1,0,-5.7,0,0,1010,1.227
07-Dec-08,0,7.6,0,-4.3,0,-6.9,0,0,1018,0.728
08-Dec-08,0,8.3,0,0.7,0,-5.8,0,4.2,1015.7,1.786
09-Dec-08,0,5.5,0,-0.1,0,-4.2,0,0,1020.5,1.258
10-Dec-08,0,2.7,0,-1.8,0,-4.1,0,0,1016,1.102
11-Dec-08,0,5.2,0,-2.9,0,-5.1,0,3.8,1007.2,1.234
12-Dec-08,0,10.8,0,0,0,-3.3,0,10.8,992.1,2.932
13-Dec-08,0,6.3,0,1.3,0,-1.3,0,0.1,983.3,3.237
14-Dec-08,0,4.1,0,1.3,0,-1.2,0,0,998.4,2.759
15-Dec-08,0,8.4,0,-0.4,0,-3.7,0,0,1011.6,2.394
16-Dec-08,0,11.4,0,4.4,0,-1.8,0,2.3,1004.4,4.953
17-Dec-08,0,10.9,0,2.1,0,-2.8,0,0.4,1006.7,3.568
18-Dec-08,0,11.6,0,3.9,0,-0.8,0,2.6,1009,6.371
19-Dec-08,0,11.6,0,3.2,0,-1.3,0,2.2,1010.5,4.659
20-Dec-08,0,12.3,0,7.7,0,4.3,0,7.3,1015.7,7.847
21-Dec-08,0,12.6,0,10.3,0,7.9,0,1.6,1020.8,8.67
22-Dec-08,0,11.8,0,5,0,9.3,0,0.2,1026,8.85
23-Dec-08,0,8.4,0,4.6,0,0.9,0,0,1027.8,6.835
24-Dec-08,0,9.8,0,6.2,0,1.2,0,0,1028.4,6.674
25-Dec-08,0,8.9,0,6.1,0,4.7,0,0,1029.5,6.794
26-Dec-08,0,7.1,0,0,0,3.7,0,0,1032.1,5.5
27-Dec-08,0,6.3,0,-2.2,0,-6.1,0,0,1030.2,2.534
28-Dec-08,0,6.8,0,2.4,0,-5.6,0,0,1024.8,2.782
29-Dec-08,0,4.5,0,1.6,0,-2.4,0,0,1021.6,2.26
30-Dec-08,0,4.9,0,2.6,0,-1.2,0,0,1022.2,2.724
31-Dec-08,0,6.2,0,-1,0,-5.3,0,0,1021.8,1.585
01-Jan-09,0,4.8,0,2.9,0,-4.7,0,0,1023.2,2.953
02-Jan-09,0,5.8,0,2.8,0,0.3,0,0,1024.9,3.143
03-Jan-09,0,4.7,0,0.9,0,1.5,0,0,1023.7,2.921
04-Jan-09,0,3.2,0,-2.3,0,-2.1,0,0.6,1018.8,2.562
05-Jan-09,0,5.4,0,-4.1,0,-6.8,0,0.4,1019.9,1.408
06-Jan-09,0,1.6,0,-4.5,0,-4.7,0,0,1022.9,1.16
07-Jan-09,0,2.6,0,-3.2,0,-7.4,0,0,1021.3,0.658
08-Jan-09,0,4.7,0,-2.8,0,-7.3,0,0,1021.5,0.382
09-Jan-09,0,7.1,0,-2.9,0,-7.6,0,0,1018.8,0.255
10-Jan-09,0,9.2,0,1.2,0,-6.8,0,0.1,1011.2,0.493
11-Jan-09,0,11.9,0,8.6,0,5.4,0,8.2,999.6,5.38
12-Jan-09,0,9.5,0,5.5,0,4.4,0,6.2,996.2,5.907
13-Jan-09,0,6.5,0,-0.5,0,0.8,0,2.3,1001.9,4.062
14-Jan-09,0,11.4,0,-1.8,0,-5.1,0,0.6,999,2.995
15-Jan-09,0,11.9,0,5.3,0,1,0,3.1,994.8,6.59
16-Jan-09,0,9.8,0,4.5,0,0.5,0,0.4,995.1,5.298
17-Jan-09,0,8.9,0,0.3,0,0.5,0,9.5,985.6,4.162
18-Jan-09,0,5.9,0,1.3,0,-0.5,0,2.3,981.1,2.53
19-Jan-09,0,5.7,0,1.5,0,-0.7,0,5.9,972.5,2.753
20-Jan-09,0,3.8,0,1.3,0,-0.4,0,2.5,980.9,1.783
21-Jan-09,0,10,0,0.8,0,-2.3,0,1,980.8,2.049
22-Jan-09,0,10.7,0,2.9,0,0.4,0,2.5,972.5,4.427
23-Jan-09,0,6.1,0,0.3,0,-2.2,0,0,972.5,2.605
24-Jan-09,0,8.1,0,1.1,0,-4.5,0,0.4,974.3,1.745
25-Jan-09,0,8.3,0,2.8,0,-1,0,3.8,970.8,3.254
26-Jan-09,0,8.3,0,0.6,0,-2,0,0.8,989.7,2.619
27-Jan-09,0,8.6,0,3.1,0,-1.9,0,2.9,1001.7,4.707
28-Jan-09,0,9.4,0,-0.7,0,-4.3,0,0,1006.2,2.576
29-Jan-09,0,9.7,0,1.3,0,-3.5,0,0.1,1001.5,4.033
30-Jan-09,0,11.2,0,6.3,0,6,0,1.7,996.9,6.418
31-Jan-09,0,6.8,0,5.3,0,4.5,0,1.7,1000,5.617
01-Feb-09,0,6.2,0,1.7,0,0.7,0,0,1005.5,3.366
02-Feb-09,0,3.4,0,-0.5,0,-4.4,0,7.6,998.6,2.005
03-Feb-09,0,3,0,0.2,0,-1.4,0,31.1,984.3,1.402
04-Feb-09,0,4.8,0,0.6,0,-0.2,0,15.5,985.9,1.715
05-Feb-09,0,1.8,0,-0.4,0,-1.3,0,6.5,989,1.222
06-Feb-09,0,3.7,0,-2.5,0,-5.7,0,0,992.6,0.775
07-Feb-09,0,4.8,0,-2.7,0,-4.7,0,0,996.5,0.595
08-Feb-09,0,4.3,0,-3.2,0,-5.7,0,5.4,995,0.578
09-Feb-09,0,3.7,0,-0.6,0,-4.5,0,0,989.3,0.6
10-Feb-09,0,6.5,0,-0.4,0,-2.4,0,0,999.6,0.706
11-Feb-09,0,6,0,0.7,0,-2.9,0,0.1,1014.8,1.136
12-Feb-09,0,8.5,0,0.2,0,-2,0,0.2,1019.2,2.435
13-Feb-09,0,9.3,0,5.2,0,1,0,0.7,1019.2,4.173
14-Feb-09,0,9.5,0,4.3,0,3,0,0,1020.8,4.911
15-Feb-09,0,11.4,0,6.5,0,3.2,0,0,1021.4,5.951
16-Feb-09,0,10.4,0,3.7,0,-0.3,0,0,1021.7,5.485
17-Feb-09,0,12.2,0,5.1,0,0.8,0,0,1023.3,6.265
18-Feb-09,0,8.8,0,5.4,0,3.6,0,0,1022.2,6.162
19-Feb-09,0,9.2,0,5.1,0,1.9,0,1,1023.5,6.003
20-Feb-09,0,10,0,1.4,0,-2.4,0,0,1026.8,5.709
21-Feb-09,0,11,0,4.5,0,0.6,0,0,1026.6,6.431
22-Feb-09,0,11,0,6.8,0,6,0,0.1,1024.6,7.844
23-Feb-09,0,13.4,0,5,0,4.1,0,0,1022.7,7.834
24-Feb-09,0,9.6,0,6.9,0,1.2,0,0,1022.5,7.502
25-Feb-09,0,10.9,0,4.1,0,2.5,0,0.2,1021.3,7.064
26-Feb-09,0,11,0,4.1,0,1.5,0,0,1017.5,6.384
27-Feb-09,0,10.9,0,7.8,0,7.1,0,0,1011.7,7.895
28-Feb-09,0,11.9,0,6.5,0,6.2,0,0.2,1004.5,8.205
01-Mar-09,0,9.8,0,3.2,0,-0.5,0,1.3,1004.2,6.949
02-Mar-09,0,10.9,0,2.3,0,-1.9,0,1,1007.2,5.619
03-Mar-09,0,8.1,0,0,0,2.1,0,4,989.7,5.697
04-Mar-09,0,5.5,0,-1.2,0,-3.8,0,0,976.7,3.977
05-Mar-09,0,9.4,0,-1.6,0,-5.6,0,0.1,989,4.151
06-Mar-09,0,9.8,0,-0.2,0,-4,0,0.2,999.4,4.651
07-Mar-09,0,14.6,0,4.8,0,3,0,3.2,996.3,7.648
08-Mar-09,0,6.4,0,1.6,0,0.4,0,2.3,995.3,5.818
09-Mar-09,0,9.5,0,2.5,0,0.4,0,3,1000.3,5.154
10-Mar-09,0,9.6,0,5.1,0,4.7,0,0.3,1004.6,7.038
11-Mar-09,0,15.2,0,6.6,0,2.2,0,0,1011.9,9.031
12-Mar-09,0,12.8,0,3.7,0,7.1,0,0.4,1012.4,9.487
13-Mar-09,0,10.9,0,3.3,0,0.8,0,0.4,1007,7.993
14-Mar-09,0,12.9,0,5.9,0,3.5,0,0,1010.7,8.438
15-Mar-09,0,13,0,6,0,2.1,0,0,1023.5,9.075
16-Mar-09,0,12.3,0,4.6,0,1,0,0,1025.9,9.138
17-Mar-09,0,13.7,0,5.3,0,6.9,0,0,1027.8,10.055
18-Mar-09,0,16,0,0.4,0,-3.2,0,0,1024.8,8.635
19-Mar-09,0,10.8,0,2.8,0,3.1,0,0.1,1022.2,8.995
20-Mar-09,0,14.9,0,3.5,0,-0.9,0,0.1,1023.5,8.602
21-Mar-09,0,13.4,0,3,0,-0.9,0,0,1028.1,7.814
22-Mar-09,0,12.6,0,3.7,0,0,0,0,1027.3,7.702
23-Mar-09,0,11,0,3.2,0,4.2,0,0.5,1018.4,7.964
24-Mar-09,0,11.5,0,1,0,-3,0,0.6,1010,6.828
25-Mar-09,0,12.4,0,6.3,0,3.9,0,0.1,1001.8,8.863
26-Mar-09,0,10.4,0,3.2,0,6.8,0,2.4,995.6,9.642
27-Mar-09,0,9.9,0,2.9,0,0.9,0,0.8,991.3,7.708
28-Mar-09,0,8.3,0,-1.5,0,2.7,0,0,1000.4,6.961
29-Mar-09,0,10.7,0,-2,0,-5.5,0,0,1005.5,6.538
30-Mar-09,0,13.5,0,7.3,0,5.2,0,0.1,1011.2,9.435
31-Mar-09,0,15.6,0,7.6,0,4.1,0,0,1016.3,10.745
01-Apr-09,0,13,0,2.7,0,-0.7,0,0,1017.8,9.812
02-Apr-09,0,15.4,0,2.7,0,-1.4,0,0,1015.2,10.352
03-Apr-09,0,15.1,0,1.4,0,-2.8,0,6.2,1008.3,9.374
04-Apr-09,0,12.9,0,3.2,0,4,0,0.2,1011.1,10.76
05-Apr-09,0,13.2,0,0.9,0,-2.9,0,0,1012.2,9.071
06-Apr-09,0,9.4,0,5.4,0,5.6,0,2.5,1000.5,8.46
07-Apr-09,0,13.3,0,3.7,0,-1,0,2.4,987.3,8.361
08-Apr-09,0,15,0,5.4,0,3.2,0,0.8,990.2,10.02
09-Apr-09,0,13.6,0,8.4,0,6.3,0,0.3,992.1,10.5
10-Apr-09,0,12.9,0,3.1,0,4.3,0,1.1,993.7,11.493
11-Apr-09,0,14.4,0,0.3,0,-3.8,0,0,1003,10.734
12-Apr-09,0,15.4,0,2.3,0,-1,0,0,1007.2,11.378
13-Apr-09,0,10,0,6.6,0,2.7,0,2.4,1001.9,9.552
14-Apr-09,0,13.5,0,4.6,0,3,0,0.1,1002,10.63
15-Apr-09,0,10.5,0,5.6,0,0.7,0,11.2,1003.3,9.29
16-Apr-09,0,10.4,0,8.1,0,7.9,0,10,1003.8,9.448
17-Apr-09,0,10.7,0,7.7,0,7.2,0,3.3,1008.4,9.26
18-Apr-09,0,12,0,3.2,0,4.6,0,0,1014.9,10.92
19-Apr-09,0,14.7,0,1.8,0,-2,0,0,1019.5,11.078
20-Apr-09,0,16.6,0,4.2,0,0.3,0,0,1021.4,12.595
21-Apr-09,0,17.8,0,7,0,2.2,0,0.4,1020.9,13.275
22-Apr-09,0,15.5,0,6.3,0,4.2,0,0,1017.6,13.097
23-Apr-09,0,11.9,0,9.3,0,9.3,0,4.2,1010.2,12.748
24-Apr-09,0,12.3,0,8.5,0,7,0,8.4,1003.4,11.315
25-Apr-09,0,13.1,0,5,0,7.2,0,2,998.5,11.722
26-Apr-09,0,12.9,0,3.5,0,0.2,0,3.7,995.9,10.375
27-Apr-09,0,12.3,0,3.2,0,2,0,3.4,989.7,11.538
28-Apr-09,0,13.7,0,1.5,0,-2.2,0,0,996.1,11.343
29-Apr-09,0,12.4,0,8,0,7.6,0,7.3,997.7,11.825
30-Apr-09,0,15.8,0,6.4,0,8.4,0,1.4,1004.4,13.163
01-May-09,0,16.5,0,5.7,0,2.4,0,1.6,1014.2,13.032
02-May-09,0,15.7,0,5.1,0,0.4,0,1,1021,12.682
03-May-09,0,13.5,0,3.3,0,0,0,1.9,1022.4,13.17
04-May-09,0,13.8,0,6.4,0,3.1,0,1.4,1018.8,12.305
05-May-09,0,16.9,0,10.6,0,9.6,0,0,1012.6,14.355
06-May-09,0,16.2,0,7.8,0,10.5,0,0.7,1005.3,14.112
07-May-09,0,14.4,0,5.4,0,3.5,0,2.5,998.3,12.41
08-May-09,0,14.5,0,5.3,0,3.2,0,1,999.1,12.597
09-May-09,0,14.9,0,4.7,0,2.6,0,1.8,1006.4,13.278
10-May-09,0,14.2,0,4.8,0,2.3,0,0,1014.3,14.19
11-May-09,0,13.4,0,6.4,0,1.9,0,0,1018.8,13.943
12-May-09,0,13.8,0,6.9,0,5.6,0,0,1017.3,13.185
13-May-09,0,11.9,0,7.4,0,5.2,0,1.1,1010.3,11.885
14-May-09,0,12.4,0,9.6,0,9.3,0,8.2,1002.3,12.89
15-May-09,0,14.2,0,5.8,0,9,0,11.7,995.2,13.285
16-May-09,0,13.8,0,5.4,0,3.2,0,4.1,988.9,12.477
17-May-09,0,11.8,0,7.4,0,4,0,6.7,992.4,11.97
18-May-09,0,15.1,0,8.2,0,5.1,0,9.6,996.3,13.4
19-May-09,0,15.8,0,9.3,0,7.6,0,3.4,1004.3,14.142
20-May-09,0,14.3,0,8.7,0,6.7,0,0.9,1008.2,14.517
21-May-09,0,16.4,0,5.8,0,2.4,0,1.1,1007.6,15.32
22-May-09,0,20,0,8.7,0,7.4,0,0.8,1007.2,16.185
23-May-09,0,16,0,6.8,0,7.7,0,0.7,1010,15.86
24-May-09,0,20,0,4.4,0,1,0,0,1013.3,16.695
25-May-09,0,17.6,0,8.8,0,7,0,0.9,1009.8,16.655
26-May-09,0,15.8,0,4.5,0,0.7,0,0.2,1010.8,16.105
27-May-09,0,16.8,0,8.9,0,5.9,0,1.1,1011.8,15.475
28-May-09,0,21.9,0,11.1,0,12.6,0,0,1021.5,18.335
29-May-09,0,22.4,0,10.5,0,6.7,0,0,1022,19.507
30-May-09,0,21.4,0,9.4,0,7.7,0,0,1019.8,20.073
31-May-09,0,20.2,0,8.4,0,4.3,0,0,1022.1,20.062
01-Jun-09,0,22.9,0,9.4,0,6.1,0,0,1022.4,20.968
02-Jun-09,0,25.4,0,9.9,0,5.8,0,0,1021.2,21.993
03-Jun-09,0,17.6,0,9.3,0,8.3,0,0,1018,21.862
04-Jun-09,0,18.7,0,7.4,0,2.7,0,0,1012.8,20.888
05-Jun-09,0,15.6,0,7.1,0,6.5,0,0,1006,19.425
06-Jun-09,0,9.4,0,6.1,0,2,0,41.3,999.3,13.36
07-Jun-09,0,14.1,0,8.6,0,7.3,0,0.9,1000.1,14.597
08-Jun-09,0,13.7,0,9.8,0,7.5,0,0,1002.3,14.765
09-Jun-09,0,14.6,0,6.8,0,10.1,0,0,1004.8,16.355
10-Jun-09,0,16.9,0,5.5,0,2,0,1.4,1006.9,16.737
11-Jun-09,0,16.9,0,7.1,0,3.5,0,0,1011.8,17.272
12-Jun-09,0,15,0,6.2,0,1.7,0,0.7,1012.7,15.51
13-Jun-09,0,20.8,0,8.5,0,3.6,0,0,1010.4,18.317
14-Jun-09,0,20.4,0,8.3,0,3.8,0,0,1011.2,18.792
15-Jun-09,0,19,0,7.9,0,3.4,0,6.1,1011,17.708
16-Jun-09,0,22.5,0,7.7,0,3.8,0,1,1012.8,18.155
17-Jun-09,0,17.6,0,9.3,0,11.2,0,16.3,1006,17.65
18-Jun-09,0,17.9,0,8.7,0,5,0,0.2,1009.4,17.403
19-Jun-09,0,17.2,0,8.4,0,5.4,0,0.2,1015.2,16.757
20-Jun-09,0,17.9,0,11,0,10.1,0,0.2,1020,17.66
21-Jun-09,0,22,0,11.5,0,8.9,0,0.7,1020.9,18.243
22-Jun-09,0,23.2,0,15,0,13.3,0,0,1022.5,20.323
23-Jun-09,0,22.4,0,13.3,0,13.7,0,0,1021.6,22.087
24-Jun-09,0,20.5,0,10.9,0,9.1,0,0,1015.9,22.78
25-Jun-09,0,18.9,0,10.5,0,7.1,0,0,1009.9,21.743
26-Jun-09,0,20.6,0,12.6,0,9.9,0,1.1,1007.7,21.78
27-Jun-09,0,21.7,0,13,0,9.6,0,0,1009.5,23.19
28-Jun-09,0,20.8,0,11.8,0,7.8,0,3.3,1009.5,22.195
29-Jun-09,0,22.5,0,12.1,0,10.4,0,0.1,1011,20.748
30-Jun-09,0,21.9,0,10.5,0,7,0,0,1014.1,21.06
01-Jul-09,0,22.8,0,15.9,0,15,0,9.4,1015,21.475
02-Jul-09,0,20.2,0,15.4,0,15.1,0,27.5,1010.7,19.76
03-Jul-09,0,23.1,0,14.4,0,14.1,0,0.1,1005.3,21.195
04-Jul-09,0,21.5,0,13.2,0,11.1,0,1.4,1002.4,19.997
05-Jul-09,0,19.5,0,12.2,0,8.4,0,6,998.2,18.353
06-Jul-09,0,19,0,8.8,0,5.2,0,1.6,996.9,18.688
07-Jul-09,0,19.1,0,12.8,0,11.8,0,1.3,1003.1,18.462
08-Jul-09,0,17.6,0,11.9,0,10,0,0,1010.2,17.885
09-Jul-09,0,18,0,8.9,0,10.9,0,0,1012.8,17.975
10-Jul-09,0,16.8,0,8.6,0,4.7,0,0,1010,17.542
11-Jul-09,0,20.3,0,13,0,11.9,0,6.4,999.4,18.21
12-Jul-09,0,19.5,0,12.5,0,10.2,0,1.2,996,18.895
13-Jul-09,0,18.4,0,10.8,0,7.3,0,5.7,997,17.09
14-Jul-09,0,17.5,0,10.7,0,7.9,0,9.6,996.9,16.45
15-Jul-09,0,21.3,0,9.4,0,6,0,0.1,1003.5,18.165
16-Jul-09,0,18.6,0,9.8,0,6.1,0,1.2,1009.1,17.693
17-Jul-09,0,19.1,0,10.5,0,11,0,0,1007.6,17.465
18-Jul-09,0,16.9,0,8.7,0,4.1,0,3.4,1005.2,16.737
19-Jul-09,0,19.4,0,10.5,0,11.5,0,7.9,1003.4,18.755
20-Jul-09,0,18.8,0,9.3,0,5.6,0,0.4,1004.2,17.347
21-Jul-09,0,21.5,0,9.5,0,5.8,0,13.4,995.5,17.785
22-Jul-09,0,20.7,0,12.6,0,10.5,0,12,987.7,18.76
23-Jul-09,0,20,0,12.2,0,10.4,0,4.7,994.1,18.772
24-Jul-09,0,19.8,0,11.4,0,9.6,0,1.4,1004.6,18.6
25-Jul-09,0,22,0,8.2,0,4.4,0,0.4,1011.7,18.298
26-Jul-09,0,19.8,0,13.4,0,11.7,0,2.8,1004.4,18.552
27-Jul-09,0,20.2,0,12.4,0,10.2,0,0.3,1002.2,18.577
28-Jul-09,0,18.7,0,12.1,0,10,0,1.5,1002,16.955
29-Jul-09,0,20.6,0,9.2,0,4.2,0,2.4,1003.7,16.97
30-Jul-09,0,19.3,0,9.5,0,6.8,0,0,1010.4,17.465
31-Jul-09,0,16.6,0,10.3,0,6.5,0,0.2,1006.4,15.38
01-Aug-09,0,18.9,0,10.6,0,8,0,0.6,1000.8,17.438
02-Aug-09,0,18.8,0,9.1,0,4.6,0,1,1004,16.653
03-Aug-09,0,21.6,0,13.7,0,11.8,0,4.8,1001.3,17.975
04-Aug-09,0,21,0,13.7,0,13.5,0,0,1002.4,18.917
05-Aug-09,0,21.3,0,12.7,0,8.7,0,0,1008.3,18.413
06-Aug-09,0,21.1,0,8.8,0,5,0,0,1013.2,18.1
07-Aug-09,0,20.3,0,11.1,0,7.8,0,0,1015.5,18.92
08-Aug-09,0,21.5,0,12.6,0,9.2,0,0.3,1014.2,19.55
09-Aug-09,0,20.8,0,12.9,0,10,0,1.3,1010.2,19.263
10-Aug-09,0,20.8,0,14.1,0,13.3,0,1.1,1008.9,19.395
11-Aug-09,0,21.7,0,10.5,0,6.7,0,0.1,1015.3,19.545
12-Aug-09,0,21.4,0,13.6,0,15,0,2.3,1014,19.895
13-Aug-09,0,17.4,0,12.4,0,11.6,0,0,1014,18.235
14-Aug-09,0,22.2,0,13.1,0,11,0,1.4,1006.8,18.842
15-Aug-09,0,20,0,13.5,0,15,0,6.7,1003.2,18.935
16-Aug-09,0,18.3,0,13.5,0,9.9,0,0.1,1007.1,17.78
17-Aug-09,0,21.7,0,12.9,0,10.3,0,0.6,1008.2,18.987
18-Aug-09,0,20.8,0,12.4,0,9.3,0,0.7,1006.8,18.183
19-Aug-09,0,22,0,16.3,0,14,0,4.1,1000.6,18.548
20-Aug-09,0,18.6,0,12.1,0,12.8,0,21,1000.1,18.47
21-Aug-09,0,18.8,0,10.1,0,7.6,0,0.1,1010.8,17.137
22-Aug-09,0,21.1,0,8.9,0,4.1,0,1.8,1010.9,17.267
23-Aug-09,0,21,0,10.4,0,14.3,0,0.6,1001.9,18.138
24-Aug-09,0,17.7,0,7.9,0,3.7,0,2.2,997.5,15.648
25-Aug-09,0,19.3,0,9.3,0,5,0,0,997.8,16.65
26-Aug-09,0,20.2,0,11.3,0,12.2,0,2.5,996.5,17.757
27-Aug-09,0,19.3,0,10.5,0,7.3,0,0.5,1000.5,16.253
28-Aug-09,0,17.1,0,9.1,0,7.7,0,0.8,1006.5,15.433
29-Aug-09,0,17.4,0,8.5,0,5.2,0,1,1013.2,14.65
30-Aug-09,0,21.2,0,8.3,0,4.5,0,1.5,1005.8,15.86
31-Aug-09,0,18.8,0,12,0,14.7,0,8.5,996.3,16.665
01-Sep-09,0,17.6,0,10.4,0,7.2,0,1,996.5,15.087
02-Sep-09,0,15.4,0,9.7,0,6.6,0,12.9,992.6,13.807
03-Sep-09,0,16.6,0,8.3,0,7.3,0,0.7,994.1,14.483
04-Sep-09,0,17.3,0,7.2,0,4.3,0,0.6,1005.5,13.618
05-Sep-09,0,17.1,0,8.4,0,5.2,0,0,1013.6,14.497
06-Sep-09,0,17.5,0,12.4,0,10.9,0,3.7,1008.8,14.42
07-Sep-09,0,19.2,0,11.3,0,7.8,0,0.2,1006.5,16.028
08-Sep-09,0,19.3,0,8.9,0,13.3,0,3.1,1008.7,16.575
09-Sep-09,0,18.8,0,7.3,0,3.1,0,0.1,1024.6,14.765
10-Sep-09,0,18.5,0,6.1,0,2.6,0,0,1033,14.725
11-Sep-09,0,18.5,0,6.5,0,2.9,0,0,1032.2,14.827
12-Sep-09,0,19.6,0,5,0,1.9,0,0,1027.8,14.995
13-Sep-09,0,18.4,0,5,0,1,0,0,1025.6,14.827
14-Sep-09,0,16.4,0,8,0,4.3,0,0,1025.4,14.568
15-Sep-09,0,16.6,0,8.8,0,4.8,0,0,1023.5,14.565
16-Sep-09,0,16.2,0,8.6,0,4.2,0,0,1022.6,13.86
17-Sep-09,0,14.1,0,7.6,0,6.9,0,0,1019,13.965
18-Sep-09,0,15.8,0,6.1,0,2.5,0,0,1013.2,13.02
19-Sep-09,0,16.4,0,5.9,0,4.1,0,0,1012.9,13.512
20-Sep-09,0,16.7,0,4.6,0,0.1,0,0,1018.1,12.673
21-Sep-09,0,19.4,0,12,0,8.1,0,0,1014.6,14.02
22-Sep-09,0,18,0,10.9,0,10.2,0,0.8,1014.7,14.895
23-Sep-09,0,17.9,0,8,0,7,0,0,1019.2,14.155
24-Sep-09,0,16.5,0,7.2,0,3.2,0,0,1020.8,13.58
25-Sep-09,0,18.7,0,9.8,0,5,0,0,1020.8,14.517
26-Sep-09,0,18.5,0,12.1,0,9.9,0,0,1022.3,15.98
27-Sep-09,0,18.4,0,11.8,0,7.2,0,0,1023,15.845
28-Sep-09,0,18.8,0,12.3,0,12.4,0,0,1021.6,15.89
29-Sep-09,0,16.9,0,12,0,9.9,0,0,1018.7,15.368
30-Sep-09,0,19.2,0,11.9,0,11,0,1,1015.6,16.523
01-Oct-09,0,13.8,0,8.8,0,5.4,0,0,1016.2,14.385
02-Oct-09,0,16.5,0,8.6,0,6.2,0,0,1010.8,13.812
03-Oct-09,0,14.9,0,8.1,0,9.9,0,1.3,1001,13.825
04-Oct-09,0,14.2,0,4.9,0,0.2,0,0,1005.4,11.747
05-Oct-09,0,17,0,5.3,0,1.3,0,0,1002.5,12.58
06-Oct-09,0,13.2,0,3.3,0,3.5,0,18.4,999.3,12.375
07-Oct-09,0,13,0,1.6,0,-2,0,0,1006.8,9.155
08-Oct-09,0,13.9,0,4.7,0,0.5,0,0,1012.3,10.012
09-Oct-09,0,13.2,0,6.4,0,0.7,0,5.1,1006.8,10.26
10-Oct-09,0,15.2,0,9.2,0,4.2,0,0.1,1007.9,11.59
11-Oct-09,0,15.8,0,6.3,0,9.2,0,2.1,1014.3,12.695
12-Oct-09,0,15.7,0,3.5,0,-0.5,0,0.1,1022.6,10.047
13-Oct-09,0,15.8,0,5.2,0,1.3,0,0.2,1024.6,11.365
14-Oct-09,0,14.4,0,12.1,0,11.4,0,0.2,1025.2,13.087
15-Oct-09,0,15.8,0,10.9,0,9.6,0,0,1028.4,13.767
16-Oct-09,0,14.6,0,4.7,0,2.7,0,0.1,1030.7,12.292
17-Oct-09,0,14.5,0,2.6,0,-0.6,0,0,1025.6,9.945
18-Oct-09,0,14.5,0,5.4,0,1.3,0,0.6,1014.4,11.045
19-Oct-09,0,13.9,0,10.9,0,8.9,0,0.2,997.8,11.735
20-Oct-09,0,15.4,0,8.6,0,9.2,0,2,984.1,11.325
21-Oct-09,0,13.4,0,9.5,0,4.6,0,22.8,982.3,11.043
22-Oct-09,0,14.1,0,8.7,0,10.2,0,5.9,987.2,12.052
23-Oct-09,0,14.3,0,8.1,0,3.5,0,0.5,995.6,11.093
24-Oct-09,0,17.8,0,11.2,0,9.8,0,0.8,990.6,13.05
25-Oct-09,0,14.1,0,9.8,0,8.9,0,2.2,1001.3,12.052
26-Oct-09,0,14.7,0,10.1,0,7.4,0,0,1009.1,12.21
27-Oct-09,0,18,0,13,0,11.7,0,0.8,1005.1,12.97
28-Oct-09,0,18,0,9.4,0,8,0,0.1,1007.5,12.3
29-Oct-09,0,16.7,0,9.4,0,5.5,0,0.3,1009.7,12.35
30-Oct-09,0,17.1,0,12.3,0,13.8,0,4.6,1007.5,13.613
31-Oct-09,0,16.6,0,10.5,0,6.5,0,5.4,1008.3,11.943
01-Nov-09,0,13.6,0,5.9,0,7.5,0,20.3,995.5,11.468
02-Nov-09,0,10.5,0,5.7,0,3.3,0,0.8,988.5,8.448
03-Nov-09,0,10.9,0,5.8,0,4.6,0,4.8,979.7,9.335
04-Nov-09,0,9.9,0,5.6,0,2.9,0,3.2,979.7,7.602
05-Nov-09,0,10.6,0,6.2,0,3.2,0,0.4,990.4,7.633
06-Nov-09,0,11.4,0,4,0,4,0,5,991.6,8.182
07-Nov-09,0,9.8,0,3.6,0,0.8,0,0.4,987.3,6.305
08-Nov-09,0,11.6,0,2.1,0,-0.3,0,0.1,1003.4,6.007
09-Nov-09,0,10.5,0,0.3,0,-3.2,0,10.2,1009.8,5.605
10-Nov-09,0,11.4,0,1.1,0,0.8,0,1.2,1005.8,7.266
11-Nov-09,0,10.3,0,1.1,0,-2.4,0,13.1,994.7,5.788
12-Nov-09,0,12.6,0,5.9,0,0,0,2,983.2,7.025
13-Nov-09,0,10.5,0,2.5,0,-1.6,0,14.2,979.8,5.852
14-Nov-09,0,10.6,0,3.2,0,1,0,1.4,979.6,7.125
15-Nov-09,0,12.7,0,4,0,-1.2,0,0.1,990.8,5.933
16-Nov-09,0,11.7,0,7.1,0,6.9,0,7.7,985.5,8.225
17-Nov-09,0,10.9,0,5.7,0,1.8,0,1.2,992.7,6.432
18-Nov-09,0,14,0,5.5,0,3.9,0,16,991.8,8.302
19-Nov-09,0,14.8,0,13,0,6.6,0,15.9,988.5,10.89
20-Nov-09,0,13.1,0,3.9,0,6.3,0,2.7,997.1,9.152
21-Nov-09,0,15.2,0,8.8,0,-0.4,0,5.3,995.9,8.491
22-Nov-09,0,9.7,0,7,0,4.9,0,1.6,982.7,7.332
23-Nov-09,0,10.2,0,7.1,0,5.4,0,2.9,990.4,7.505
24-Nov-09,0,13.7,0,6.1,0,4.2,0,5.9,989.2,8.837
25-Nov-09,0,8.4,0,5.7,0,3.6,0,2,982.4,6.168
26-Nov-09,0,7.5,0,3.4,0,2.6,0,0.2,987.5,4.991
27-Nov-09,0,7.1,0,0.8,0,-0.2,0,0.1,988.5,3.708
28-Nov-09,0,6.2,0,-0.2,0,-2.6,0,1.8,984.5,3.421
29-Nov-09,0,6.5,0,2.4,0,0.3,0,32.3,987.6,5.033
30-Nov-09,0,3.8,0,-2.2,0,-4.2,0,0,1002,2.385
01-Dec-09,0,8.7,0,-2.2,0,-6.3,0,0.7,998.1,2.649
02-Dec-09,0,9.7,0,4.4,0,-0.5,0,0.2,986.8,4.062
03-Dec-09,0,6.4,0,0.8,0,-1,0,0.2,995.1,3.418
04-Dec-09,0,10.9,0,-0.6,0,-5.7,0,6.4,993.1,3.084
05-Dec-09,0,12.4,0,5.9,0,1.7,0,1.9,981.2,5.86
06-Dec-09,0,8.7,0,5.5,0,3.2,0,0.1,981.5,4.816
07-Dec-09,0,8.8,0,4.6,0,3.1,0,0.8,987.4,5.115
08-Dec-09,0,13.9,0,4.3,0,0.5,0,0.5,996.4,5.242
09-Dec-09,0,11.8,0,4.9,0,4,0,3.4,1006.6,5.851
10-Dec-09,0,9.1,0,1.5,0,-2.5,0,0.2,1018.8,3.533
11-Dec-09,0,10.1,0,6.3,0,-2.1,0,0,1025.3,5.122
12-Dec-09,0,8,0,1.9,0,-2.2,0,0,1027.8,3.976
13-Dec-09,0,6.9,0,-1,0,-3.5,0,0,1026.8,3.534
14-Dec-09,0,6.8,0,-0.7,0,-3.6,0,0.3,1019.8,3.648
15-Dec-09,0,7.8,0,4.5,0,0.3,0,1.6,1014.3,5.067
16-Dec-09,0,7,0,2.1,0,-1.7,0,1.5,1010.3,4.398
17-Dec-09,0,6.7,0,0.2,0,-2,0,6.9,1012.2,3.986
18-Dec-09,0,3,0,-0.9,0,-2.2,0,0,1017.1,2.132
19-Dec-09,0,3.8,0,-1.2,0,-3,0,0.7,1007.8,1.855
20-Dec-09,0,2,0,-2.7,0,-6.8,0,0,993.5,1.321
21-Dec-09,0,2.1,0,-1,0,-2.9,0,0,982.8,1.069
22-Dec-09,0,2.2,0,-1.5,0,-4.7,0,0,979.7,1.024
23-Dec-09,0,3.7,0,-3.5,0,-8,0,2.4,981.2,0.543
24-Dec-09,0,2.4,0,-2.1,0,-7.7,0,0,983.9,0.481
25-Dec-09,0,3.4,0,-5,0,-7.4,0,0.5,990,0.044
26-Dec-09,0,7.5,0,-1.1,0,-7.4,0,1.6,985.8,-0.015
27-Dec-09,0,4.6,0,-1.7,0,-1.3,0,0.6,991.5,0.266
28-Dec-09,0,4.2,0,-4,0,-7.4,0,0,996.7,0.148
29-Dec-09,0,5.3,0,3.2,0,-6.6,0,14.9,990.3,0.185
30-Dec-09,0,4.5,0,2.6,0,2.3,0,33.2,990.9,1.227
31-Dec-09,0,4.9,0,-0.6,0,1.8,0,4.3,999.7,1.964
01-Jan-10,0,0.5,0,-3.3,0,-10.2,0,2.8,1005.6,0.973
02-Jan-10,0,3,0,-3.4,0,-9.3,0,0.1,1012.6,0.873
03-Jan-10,0,3.5,0,-1.6,0,-5.5,0,0,1018.1,0.956
04-Jan-10,0,0.6,0,-3.6,0,-9.4,0,0,1013.1,0.954
05-Jan-10,0,0.7,0,-2.5,0,-8.8,0,0.7,1003.3,0.933
06-Jan-10,0,2.3,0,-5.9,0,-9.5,0,7.4,1005.8,0.947
07-Jan-10,0,-2.2,0,-7.3,0,-9,0,0,1012.7,0.967
08-Jan-10,0,-2.2,0,-9.9,0,-8.3,0,0.1,1021,0.945
09-Jan-10,0,1.5,0,-9.2,0,-9,0,2.8,1024.8,0.899
10-Jan-10,0,4.1,0,-0.4,0,-2.9,0,4.4,1018.8,1.005
11-Jan-10,0,3.4,0,1.1,0,-0.4,0,2.2,1011.1,0.942
12-Jan-10,0,4,0,1.1,0,-3.4,0,5.8,998.5,0.89
13-Jan-10,0,4.4,0,0.8,0,0.4,0,2.4,991.1,1.046
14-Jan-10,0,6.7,0,-1,0,-3,0,0,996.6,1.212
15-Jan-10,0,11.6,0,6.3,0,-2.6,0,4.3,994.9,3.977
16-Jan-10,0,9.3,0,3.6,0,1.4,0,6.4,992.6,5.08
17-Jan-10,0,8.3,0,3.9,0,-0.9,0,0,1005.7,2.687
18-Jan-10,0,9.6,0,0.7,0,1,0,0,1014.8,3.799
19-Jan-10,0,7.3,0,0.7,0,-3.2,0,0.6,1007.9,3.069
20-Jan-10,0,6.9,0,1.8,0,3.1,0,0.7,1003.4,4.553
21-Jan-10,0,10.3,0,-0.8,0,-4,0,3.9,1003,4.222
22-Jan-10,0,9,0,1.6,0,-2.1,0,0.1,1008.5,3.858
23-Jan-10,0,2.3,0,-0.1,0,-3.4,0,0,1017.7,2.609
24-Jan-10,0,1.7,0,-0.7,0,-0.4,0,0,1020.6,2.833
25-Jan-10,0,5.5,0,-1.2,0,-2,0,0,1028.3,2.838
26-Jan-10,0,6.6,0,-1.8,0,-4.7,0,0,1035.2,2.975
27-Jan-10,0,9.3,0,4.1,0,-3.8,0,0,1027.4,4.569
28-Jan-10,0,7.8,0,2.9,0,-0.1,0,1.6,1005.6,4.053
29-Jan-10,0,8,0,0.1,0,0.8,0,1.4,993,4.19
30-Jan-10,0,3.6,0,-2.8,0,-7.4,0,0,998.6,1.685
31-Jan-10,0,4,0,-1.7,0,-6.6,0,0,1003.8,1.158
01-Feb-10,0,6.2,0,-1.4,0,-6.1,0,0,1007.3,1.136
02-Feb-10,0,9.4,0,3.3,0,-0.8,0,3.9,1000.9,4.134
03-Feb-10,0,8.2,0,2.4,0,1.5,0,5.8,999.3,3.977
04-Feb-10,0,9.6,0,1.2,0,-2.5,0,1.4,990.9,3.631
05-Feb-10,0,10.4,0,1.7,0,-2,0,2.6,991.6,4.5
06-Feb-10,0,6.9,0,1.9,0,-1,0,1.4,1008.7,4.467
07-Feb-10,0,6.3,0,1.7,0,-2,0,0,1016.2,4.339
08-Feb-10,0,4.9,0,2,0,1.5,0,0.2,1012.2,4.038
09-Feb-10,0,6.5,0,1.4,0,-0.2,0,0.5,1013.1,3.569
10-Feb-10,0,6.1,0,-2.8,0,-6,0,0.2,1017.8,2.561
11-Feb-10,0,6.2,0,-4.3,0,-8,0,0,1021.7,1.78
12-Feb-10,0,7.2,0,-1.6,0,-5.8,0,0,1022.7,2.204
13-Feb-10,0,5.9,0,-1.4,0,-2.7,0,0,1021.1,3.061
14-Feb-10,0,6.2,0,-1,0,-4.5,0,0.4,1013.5,3.09
15-Feb-10,0,7.8,0,1,0,-0.3,0,1.6,998.7,4.589
16-Feb-10,0,6.1,0,-0.6,0,-4,0,0,985.9,3.308
17-Feb-10,0,6.4,0,-2.4,0,-7.2,0,0,985,2.41
18-Feb-10,0,5.4,0,-2.3,0,-8,0,0,987.6,2.099
19-Feb-10,0,4.3,0,-1.3,0,-5.7,0,0.4,990.3,2.219
20-Feb-10,0,5.6,0,-2.4,0,-7.6,0,5,989.4,2.605
21-Feb-10,0,0.8,0,-3.1,0,-1.6,0,0,985.9,2.523
22-Feb-10,0,5.1,0,-3.1,0,-6.8,0,0,984.7,2.11
23-Feb-10,0,3.8,0,1,0,-1,0,5.5,983,2.085
24-Feb-10,0,6.6,0,2.5,0,0,0,2.8,980.9,4.032
25-Feb-10,0,3.2,0,0.1,0,-0.1,0,3.9,981.3,3.564
26-Feb-10,0,7,0,0.2,0,-1.9,0,0.5,983.4,3.843
27-Feb-10,0,8.1,0,-1.1,0,-3.9,0,0,985.7,3.706
28-Feb-10,0,5.1,0,-1.1,0,-3.4,0,0.1,991.5,3.39
01-Mar-10,0,8.9,0,-1.6,0,-6.5,0,0,1005.6,3.619
02-Mar-10,0,7.6,0,-3.8,0,-8.5,0,0,1015,3.226
03-Mar-10,0,6.7,0,1,0,-0.3,0,0,1013.6,3.989
04-Mar-10,0,7.2,0,-3.4,0,-7,0,0,1020.8,3.513
05-Mar-10,0,10.6,0,-3,0,-8.1,0,0,1026.7,3.764
06-Mar-10,0,8.7,0,1.5,0,-4.1,0,0,1024,4.414
07-Mar-10,0,6.7,0,-2.8,0,-7.4,0,0,1026.1,4.053
08-Mar-10,0,6.8,0,-4.9,0,-9.3,0,0,1025.7,2.763
09-Mar-10,0,9.1,0,-4.5,0,-8.7,0,0,1027.4,2.27
10-Mar-10,0,8.3,0,-4,0,-8.1,0,0,1026.8,2.372
11-Mar-10,0,8.7,0,-4.5,0,-8.8,0,0,1022.5,2.556
12-Mar-10,0,10.5,0,3,0,-3.9,0,0,1022.2,4.364
13-Mar-10,0,9.6,0,1.3,0,-4.2,0,0,1027,5.18
14-Mar-10,0,13.1,0,1.3,0,-4.3,0,0,1026.7,5.425
15-Mar-10,0,9.9,0,2.1,0,-5.5,0,0.2,1022.8,5.01
16-Mar-10,0,9.4,0,-1,0,-5.1,0,0,1014.5,4.456
17-Mar-10,0,15.2,0,8.1,0,1.9,0,0,1008,7.234
18-Mar-10,0,13.7,0,9.8,0,6.2,0,0.2,999.8,7.935
19-Mar-10,0,11.3,0,6.1,0,1.9,0,1.7,999.9,7.506
20-Mar-10,0,12.3,0,0.9,0,5,0,4.2,1000.3,7.773
21-Mar-10,0,15.1,0,0.4,0,-3.9,0,0,1005.9,7.299
22-Mar-10,0,12.1,0,1.6,0,5.1,0,4.9,1004.4,8.587
23-Mar-10,0,10.7,0,1.2,0,-2.9,0,0.5,1002.8,6.582
24-Mar-10,0,13.2,0,6.6,0,3.2,0,1.5,993.3,8.557
25-Mar-10,0,13.3,0,6.5,0,4.5,0,10.5,989.7,9.538
26-Mar-10,0,14,0,5.8,0,4.1,0,2.9,989.6,9.54
27-Mar-10,0,12.5,0,3.8,0,-1.2,0,0,998.1,9.035
28-Mar-10,0,11.9,0,4.1,0,0,0,0,999.9,8.611
29-Mar-10,0,10.7,0,4.1,0,2.1,0,15.5,988.2,7.688
30-Mar-10,0,4.2,0,0.4,0,-0.1,0,15.2,977.4,5.884
31-Mar-10,0,7.6,0,0.7,0,0,0,0.8,990.5,5.86
01-Apr-10,0,10.7,0,0.1,0,-3.7,0,0,997.5,5.842
02-Apr-10,0,9.2,0,0.6,0,-3.4,0,2,991.2,6.169
03-Apr-10,0,10.4,0,0,0,-3.3,0,4.1,995.8,7.05
04-Apr-10,0,10.2,0,0,0,-2.5,0,0.6,1005.2,6.82
05-Apr-10,0,14.7,0,8,0,5.6,0,1.9,1002.5,9.585
06-Apr-10,0,11.6,0,5.9,0,7.9,0,5.7,1002.7,9.84
07-Apr-10,0,13.1,0,3,0,-0.5,0,0.1,1015.2,9.564
08-Apr-10,0,15.1,0,5.3,0,0.5,0,0,1024.2,10.182
09-Apr-10,0,15.4,0,4.3,0,0.7,0,0,1026.4,11.06
10-Apr-10,0,16.8,0,2.1,0,-1.8,0,0,1026.8,10.158
11-Apr-10,0,16.9,0,2.7,0,-0.4,0,0,1025.4,10.988
12-Apr-10,0,14.3,0,5.1,0,0.7,0,0,1024.6,11.657
13-Apr-10,0,12.7,0,3.9,0,0.1,0,0,1022.8,11.35
14-Apr-10,0,10.4,0,2.1,0,1.3,0,0,1020.4,10.703
15-Apr-10,0,10.3,0,0.1,0,-2.5,0,0,1021.9,8.64
16-Apr-10,0,13.7,0,0.5,0,-2.7,0,0,1022.9,9.96
17-Apr-10,0,17.3,0,2.3,0,-1.9,0,0,1015.8,11.618
18-Apr-10,0,13.1,0,2,0,-0.8,0,0,1011.8,10.93
19-Apr-10,0,10.3,0,1.7,0,1.4,0,0,1013.5,10.622
20-Apr-10,0,11.8,0,1.4,0,-3.1,0,0,1016.3,9.551
21-Apr-10,0,11.1,0,-1.3,0,-4.6,0,0,1017.7,10.447
22-Apr-10,0,12.3,0,0,0,-2.9,0,0,1013.4,11.135
23-Apr-10,0,16.2,0,5.4,0,-0.2,0,0,1008.7,13.13
24-Apr-10,0,17.3,0,2.4,0,-0.9,0,0.1,1007.3,12.542
25-Apr-10,0,18.7,0,9.4,0,8.8,0,3,1010.2,13.792
26-Apr-10,0,18.7,0,8.5,0,4.9,0,0,1017.3,14.097
27-Apr-10,0,16.5,0,8,0,4.5,0,0.1,1015.7,13.565
28-Apr-10,0,18.2,0,10.9,0,9.1,0,2.1,1008.3,14.99
29-Apr-10,0,14.2,0,7.2,0,6,0,0.2,1003.6,13.95
30-Apr-10,0,15,0,6.9,0,3.5,0,3.2,1001.2,13.185
01-May-10,0,12,0,5.5,0,3,0,5.2,1005.4,11.592
02-May-10,0,10.8,0,3.8,0,6.3,0,1.6,1013.5,10.957
03-May-10,0,12.4,0,2.2,0,0,0,0,1022.7,9.82
04-May-10,0,13.1,0,2.6,0,-0.3,0,0,1024.7,10.35
05-May-10,0,16.9,0,8.1,0,8.1,0,3.8,1017.5,12.337
06-May-10,0,13.9,0,9.2,0,10,0,3,1010.5,12.743
07-May-10,0,12.1,0,7,0,6.2,0,1.7,1011.5,11.855
08-May-10,0,12.9,0,5.1,0,3.6,0,0,1013.2,12.012
09-May-10,0,13.3,0,3.1,0,0,0,0,1010.8,13.023
10-May-10,0,10.4,0,3,0,2.1,0,1.4,1010.6,12.08
11-May-10,0,11.1,0,0.6,0,-1.3,0,3.7,1010.8,10.565
12-May-10,0,10.1,0,0.3,0,-1.1,0,0.6,1011.2,10.495
13-May-10,0,13.5,0,2,0,0.5,0,1.5,1005.2,11.675
14-May-10,0,15.3,0,5.7,0,3.8,0,0.8,1005.2,13.263
15-May-10,0,15.8,0,3.9,0,1.2,0,0,1009.5,13.11
16-May-10,0,15.8,0,4.7,0,1.8,0,0,1012,14.245
17-May-10,0,15.4,0,5.2,0,2.2,0,0,1018.6,14.335
18-May-10,0,16.5,0,6.4,0,4.1,0,2.8,1020.2,14.425
19-May-10,0,19.2,0,11,0,11.2,0,1.1,1021,15.608
20-May-10,0,20.6,0,11.6,0,10.7,0,0,1024.9,17.47
21-May-10,0,21.4,0,9.7,0,9.6,0,0,1025.1,18.167
22-May-10,0,22.1,0,8.3,0,6.7,0,0,1022.8,18.892
23-May-10,0,24.6,0,10.2,0,9.1,0,0,1017.1,19.905
24-May-10,0,18.8,0,9.1,0,9.9,0,0,1011.9,18.895
25-May-10,0,15.4,0,4.1,0,2.3,0,0,1009.8,17.487
26-May-10,0,15.4,0,5.3,0,3.9,0,0,1007.4,17.17
27-May-10,0,15.6,0,3.5,0,1.2,0,0,1005.6,16.305
28-May-10,0,16.8,0,3.5,0,0.5,0,0,1006.8,15.705
29-May-10,0,12.8,0,9,0,9.4,0,8.4,1001,14.682
30-May-10,0,17.1,0,5.8,0,3.8,0,0,1009.5,15.4
31-May-10,0,17.8,0,8.2,0,6,0,9,1012.6,16.52
01-Jun-10,0,19.7,0,9.5,0,9.6,0,13,1010.8,17.273
02-Jun-10,0,19.1,0,9.1,0,7.2,0,0,1015.7,17.837
03-Jun-10,0,21.9,0,9.3,0,7.2,0,0,1014.4,18.405
04-Jun-10,0,23.5,0,10.9,0,9.6,0,0,1011.8,19.44
05-Jun-10,0,21.7,0,11.9,0,10.2,0,0,1011.8,19.84
06-Jun-10,0,15.8,0,11.2,0,10.6,0,12.6,1008.8,17.743
07-Jun-10,0,17.5,0,11.3,0,11,0,12.8,1001.2,16.528
08-Jun-10,0,15.4,0,12.1,0,12.3,0,1.1,995.8,15.925
09-Jun-10,0,16.8,0,12.3,0,13,0,0,1002.5,16.125
10-Jun-10,0,16.3,0,8,0,11.1,0,0,1008.8,14.818
11-Jun-10,0,19.8,0,6.3,0,4.2,0,0,1009.3,15.413
12-Jun-10,0,18.7,0,10.9,0,10.2,0,0,1013,17.475
13-Jun-10,0,17.6,0,8.4,0,8.7,0,12.1,1010.2,16.965
14-Jun-10,0,17,0,6.9,0,4.8,0,0.1,1017.7,16.212
15-Jun-10,0,19,0,6.7,0,5.6,0,0,1024.2,18.028
16-Jun-10,0,21.8,0,8.2,0,7,0,0,1022.3,19.29
17-Jun-10,0,19.5,0,11.2,0,10.9,0,0,1019.5,19.265
18-Jun-10,0,20,0,10.6,0,8.8,0,0,1017.2,18.795
19-Jun-10,0,16.6,0,6.4,0,4.4,0,0,1016.2,18.82
20-Jun-10,0,20.9,0,5.6,0,3.6,0,0,1017.6,20.068
21-Jun-10,0,23.5,0,12.1,0,10.7,0,0,1016.2,22.198
22-Jun-10,0,22.7,0,11,0,9.1,0,0,1016.1,22.432
23-Jun-10,0,21.7,0,11.6,0,9.3,0,0,1013.8,21.25
24-Jun-10,0,19.9,0,12.1,0,10.7,0,0,1014,20.567
25-Jun-10,0,20.9,0,10.8,0,8.8,0,0,1011.7,19.552
26-Jun-10,0,23.2,0,11.9,0,10,0,0,1008.8,20.48
27-Jun-10,0,24,0,12.7,0,12.2,0,0,1010.5,22.083
28-Jun-10,0,21,0,12.1,0,9.4,0,2.3,1010.8,20.318
29-Jun-10,0,21,0,11.6,0,10.1,0,0,1012.8,21.825
30-Jun-10,0,23,0,12.6,0,10.5,0,0.5,1008.4,21.38
01-Jul-10,0,23.4,0,15.6,0,14.7,0,2.2,999.9,21.535
02-Jul-10,0,21.8,0,12,0,11.1,0,0.1,1002.5,21.055
03-Jul-10,0,21.1,0,11.1,0,7.9,0,0,1010,20.858
04-Jul-10,0,21.8,0,11.9,0,13.8,0,1,1008.2,21.882
05-Jul-10,0,19.5,0,9.8,0,7.7,0,0.1,1016.9,21.003
06-Jul-10,0,18.9,0,9.5,0,8.3,0,0,1014.2,19.72
07-Jul-10,0,21.6,0,13.2,0,14,0,1,1007.8,20.917
08-Jul-10,0,18.8,0,12.8,0,11,0,2.3,1008.8,19.847
09-Jul-10,0,18.6,0,13.8,0,14.1,0,13.2,1006.5,19.225
10-Jul-10,0,20.5,0,15.1,0,13.9,0,6.7,1002.9,19.083
11-Jul-10,0,19.3,0,10.5,0,10,0,0,1004.8,19.032
12-Jul-10,0,18.9,0,10.9,0,10.1,0,0,1007.9,18.615
13-Jul-10,0,17.4,0,11.4,0,10.7,0,5.8,999.7,17.555
14-Jul-10,0,19.7,0,13.3,0,13.8,0,1.8,990.2,18.443
15-Jul-10,0,20.8,0,10.6,0,10,0,7.7,989,19.145
16-Jul-10,0,18.4,0,10.2,0,10.9,0,15.4,996.1,18.307
17-Jul-10,0,18.7,0,11.1,0,9.7,0,8.2,1009.3,17.875
18-Jul-10,0,22.2,0,14.9,0,13,0,2.8,1010.4,18.99
19-Jul-10,0,20.9,0,15.9,0,15.5,0,2.4,1008.5,19.315
20-Jul-10,0,19.4,0,13.9,0,14,0,2.6,1002.1,19.513
21-Jul-10,0,19.7,0,12.9,0,14.5,0,0.1,999.1,19.502
22-Jul-10,0,16.3,0,12.7,0,10.8,0,0.5,1007.8,18.022
23-Jul-10,0,20.7,0,11,0,7.8,0,0,1015.4,19.285
24-Jul-10,0,22.4,0,13.1,0,9.2,0,0.4,1014,19.18
25-Jul-10,0,21.8,0,13.5,0,10.6,0,0,1013.3,18.952
26-Jul-10,0,24.7,0,16.6,0,16.6,0,0,1012.4,21.38
27-Jul-10,0,21.1,0,12.6,0,15,0,0.8,1012,21.062
28-Jul-10,0,19.8,0,12.6,0,8.4,0,0,1013,20.39
29-Jul-10,0,19.3,0,13.3,0,13.1,0,0,1012,19.715
30-Jul-10,0,19.4,0,13.9,0,11.8,0,5.2,1006.9,19.525
31-Jul-10,0,19.3,0,12.8,0,11.2,0,3.3,1005.2,18.955
01-Aug-10,0,19.2,0,12.2,0,10.4,0,1.4,1009.5,19.1
02-Aug-10,0,16.7,0,9.2,0,5.1,0,0,1013.2,17.58
03-Aug-10,0,17.9,0,10.9,0,12.7,0,1.9,1007.7,18.235
04-Aug-10,0,19.1,0,10.9,0,11.1,0,3.8,1004.7,18.233
05-Aug-10,0,20.3,0,12.1,0,10.1,0,0,1006.4,18.823
06-Aug-10,0,19.3,0,13.8,0,13.1,0,0.8,1003.3,18.74
07-Aug-10,0,19.8,0,13.9,0,11.1,0,0.6,1010.2,18.628
08-Aug-10,0,21.5,0,13.1,0,12.5,0,0,1012.8,19.74
09-Aug-10,0,20,0,9.8,0,11.5,0,1.2,1006.2,20.163
10-Aug-10,0,20.6,0,9.6,0,5.2,0,0,1004.1,19.142
11-Aug-10,0,18.6,0,8.5,0,4.6,0,1.1,1009.6,17.948
12-Aug-10,0,16.9,0,11,0,7,0,0.1,1015,17.12
13-Aug-10,0,18.4,0,10.3,0,6.3,0,0,1017.6,17.432
14-Aug-10,0,19.5,0,8.2,0,3.6,0,0,1017.2,17.573
15-Aug-10,0,21.2,0,10,0,6,0,0,1019,19.228
16-Aug-10,0,18.2,0,11.4,0,7,0,3.9,1011.8,17.975
17-Aug-10,0,18.8,0,13.1,0,14.1,0,0.4,1005.3,18.85
18-Aug-10,0,18.8,0,10.4,0,6.1,0,2.5,1001.2,18.175
19-Aug-10,0,19.1,0,11.2,0,7.6,0,3.2,998.6,16.65
20-Aug-10,0,21.6,0,9.7,0,14.4,0,2.9,1001.5,18.888
21-Aug-10,0,20.6,0,9.6,0,6.2,0,0,1008.2,17.483
22-Aug-10,0,21.7,0,12.1,0,8.4,0,3.2,1003.6,18.33
23-Aug-10,0,17,0,10.3,0,12.8,0,6.4,995.2,17.888
24-Aug-10,0,19.2,0,8.2,0,7.4,0,0.7,1002.1,16.267
25-Aug-10,0,16.5,0,6.2,0,2.4,0,0,1006.1,15.705
26-Aug-10,0,17.9,0,9.7,0,4.6,0,0,1003.9,16.38
27-Aug-10,0,19.9,0,7.9,0,2.9,0,0.3,1010.1,16.807
28-Aug-10,0,18.9,0,8.4,0,3.3,0,0,1016,16.282
29-Aug-10,0,17.1,0,6.3,0,11.2,0,0.2,1016.6,17.175
30-Aug-10,0,17.1,0,3.7,0,-1.7,0,0,1021.6,15.995
31-Aug-10,0,18.7,0,4.4,0,-0.6,0,0,1018.7,16.225
01-Sep-10,0,19.6,0,6.7,0,2.3,0,0,1015,16.602
02-Sep-10,0,22.1,0,7.8,0,2.5,0,0,1014.4,17.538
03-Sep-10,0,21.8,0,8.5,0,3.5,0,0,1013.3,17.952
04-Sep-10,0,17.6,0,12.8,0,7.7,0,9.1,1011.2,16.642
05-Sep-10,0,16.6,0,14.8,0,11.4,0,0.9,1005.2,16.263
06-Sep-10,0,15.6,0,13.2,0,13.6,0,15.7,994.7,15.395
07-Sep-10,0,17.6,0,9.9,0,9.3,0,1.2,990.8,15.86
08-Sep-10,0,20,0,9.9,0,4.6,0,0.2,998,15.448
09-Sep-10,0,19.9,0,12.1,0,8.4,0,4.6,1006,16.66
10-Sep-10,0,21.5,0,15.2,0,13.5,0,9.2,1003.3,18.205
11-Sep-10,0,18.8,0,9.7,0,7.8,0,3.3,1007.6,17.417
12-Sep-10,0,18.2,0,8.4,0,4.3,0,1,1016.7,15.597
13-Sep-10,0,20.1,0,13.2,0,12,0,5.5,1013.5,16.278
14-Sep-10,0,18,0,9.3,0,15.2,0,7.3,1007.2,16.903
15-Sep-10,0,17.1,0,8.9,0,5.3,0,0.3,1006.1,14.3
16-Sep-10,0,16.9,0,9.4,0,5.7,0,1.1,1009.8,14.722
17-Sep-10,0,14.7,0,5.7,0,1.2,0,0,1014.1,13.092
18-Sep-10,0,14.6,0,5.1,0,1.1,0,3.1,1011.6,12.743
19-Sep-10,0,18,0,12.9,0,11.7,0,8.6,1004,14.698
20-Sep-10,0,20.8,0,12.6,0,9.8,0,0.2,1004.8,16.09
21-Sep-10,0,20.1,0,12.2,0,8.3,0,0,1008.7,15.675
22-Sep-10,0,21.1,0,13,0,10.4,0,14.2,1004,16.395
23-Sep-10,0,16.5,0,11.5,0,9.9,0,6,1000.4,15.97
24-Sep-10,0,13.9,0,5.2,0,8.2,0,0,1008.9,13.693
25-Sep-10,0,11.5,0,3.1,0,-1.2,0,0,1015.9,10.872
26-Sep-10,0,13.8,0,7.2,0,5.4,0,0,1013.6,12.752
27-Sep-10,0,15.8,0,3.7,0,-0.1,0,0,1010,12.843
28-Sep-10,0,17.3,0,7.5,0,2.5,0,2.4,1007.2,13.035
29-Sep-10,0,17.1,0,8.6,0,8.5,0,2.9,1006.7,14.267
30-Sep-10,0,15.9,0,6.2,0,1.3,0,0.1,1000.4,12.21
01-Oct-10,0,17.8,0,7.3,0,10.7,0,0.7,988.6,13.79
02-Oct-10,0,15,0,10.2,0,1.8,0,0.5,989.7,11.98
03-Oct-10,0,17.8,0,8.2,0,6.2,0,0,988.1,13.668
04-Oct-10,0,16.8,0,7.1,0,0.8,0,0,987.5,12.065
05-Oct-10,0,16.4,0,10.7,0,6.8,0,0,987.2,12.552
06-Oct-10,0,17,0,6.9,0,0.9,0,0,996.4,12.195
07-Oct-10,0,17.5,0,8.7,0,3.2,0,0,1005.7,12.318
08-Oct-10,0,19.2,0,14.2,0,11.4,0,0.1,1005.8,14.733
09-Oct-10,0,16.4,0,13.2,0,9.8,0,0,1008.6,14.255
10-Oct-10,0,14.4,0,11.7,0,11,0,0,1011.2,13.042
11-Oct-10,0,16,0,6.1,0,0.9,0,0.2,1015.8,11.545
12-Oct-10,0,14.9,0,4.7,0,-0.3,0,0,1017.4,11.015
13-Oct-10,0,10.8,0,9.2,0,1.4,0,0,1017.7,11.26
14-Oct-10,0,11.4,0,9.2,0,8.6,0,0,1018.4,11.15
15-Oct-10,0,15.1,0,6.8,0,2.4,0,0,1016.9,11.605
16-Oct-10,0,13.4,0,3.5,0,-1,0,0,1019.1,9.688
17-Oct-10,0,13.3,0,1.6,0,-2.9,0,0,1019.4,8.809
18-Oct-10,0,13.3,0,7.8,0,2.9,0,0.5,1013.5,10.78
19-Oct-10,0,12.1,0,2.3,0,0.6,0,0.2,1011.2,9.24
20-Oct-10,0,10.2,0,-0.3,0,-5.5,0,0,1016.8,6.668
21-Oct-10,0,13.2,0,3.8,0,-2.7,0,0,1015,7.895
22-Oct-10,0,12.5,0,6.5,0,0.9,0,2.8,1005.7,8.442
23-Oct-10,0,12.4,0,4.9,0,3.1,0,0.1,1002.2,9.475
24-Oct-10,0,10.6,0,-0.3,0,-5.8,0,0.1,1014.5,6.67
25-Oct-10,0,12.4,0,-2.1,0,-6.5,0,0.3,1017.2,5.966
26-Oct-10,0,17.7,0,10.9,0,2.3,0,1.8,1006.4,10.965
27-Oct-10,0,14.1,0,8.7,0,6.1,0,4.5,1003.7,10.108
28-Oct-10,0,16,0,7.7,0,3.2,0,0.4,996.4,9.507
29-Oct-10,0,15.7,0,6.4,0,9.8,0,9.7,981.9,10.74
30-Oct-10,0,13.3,0,3.1,0,-1.5,0,0.5,986.1,7.452
31-Oct-10,0,11.6,0,5,0,0.6,0,3,998.1,9.075
01-Nov-10,0,14.1,0,3.6,0,-0.9,0,0.8,1003.2,7.92
02-Nov-10,0,12.8,0,9.3,0,7.1,0,7.4,995.2,9.56
03-Nov-10,0,14.9,0,8.1,0,3.5,0,3.5,1000.7,9.327
04-Nov-10,0,16.6,0,12,0,9.9,0,7.3,1004.7,12.802
05-Nov-10,0,12,0,8.3,0,7.1,0,3.7,1011.2,10.61
06-Nov-10,0,8.4,0,2.7,0,-2,0,3.9,1010.8,8.385
07-Nov-10,0,7.1,0,2.1,0,-1.6,0,4,988.1,6.803
08-Nov-10,0,9.8,0,3.2,0,-1.1,0,7,962.2,6.72
09-Nov-10,0,9.2,0,3,0,0.5,0,6.8,978.3,7.044
10-Nov-10,0,9.2,0,-1.1,0,-5.8,0,0.6,990.7,4.485
11-Nov-10,0,11.8,0,7.8,0,-2.2,0,5.5,976.6,7.269
12-Nov-10,0,9.9,0,5.7,0,4.5,0,2.7,981.2,6.818
13-Nov-10,0,8.2,0,4.3,0,-0.4,0,1.9,983.5,5.589
14-Nov-10,0,6.6,0,-1.2,0,-4,0,0,991.5,4.414
15-Nov-10,0,8.5,0,-2.1,0,-6,0,0,1005.8,2.962
16-Nov-10,0,10.4,0,1.6,0,-5,0,2.7,1002.4,3.968
17-Nov-10,0,11.9,0,6.7,0,-0.1,0,8.1,989.5,7.105
18-Nov-10,0,11.3,0,5,0,4.9,0,0,992.2,7.103
19-Nov-10,0,10.5,0,1.4,0,-3.8,0,1.1,1002.2,4.279
20-Nov-10,0,9.5,0,5.5,0,-2.4,0,0.1,1008.8,5.738
21-Nov-10,0,7.7,0,2.6,0,1,0,2,1010.8,5.439
22-Nov-10,0,6.6,0,1,0,-1.2,0,16.7,1009.1,4.413
23-Nov-10,0,6.7,0,2.5,0,-0.8,0,1.3,1010.4,4.264
24-Nov-10,0,5.6,0,-0.5,0,-4,0,0.2,1008.6,2.824
25-Nov-10,0,4.1,0,-1.7,0,-8.2,0,0.9,1009.5,1.49
26-Nov-10,0,3.8,0,-1.9,0,-5.4,0,0,1004.2,1.679
27-Nov-10,0,3.2,0,-2.6,0,-8,0,4.4,1003.3,1.364
28-Nov-10,0,-1.1,0,-7.2,0,-8.4,0,1,1003.2,1.289
29-Nov-10,0,0.7,0,-8.2,0,-10.1,0,2.4,1008.9,1.036
30-Nov-10,0,4.1,0,-1.4,0,-9.4,0,6.8,1012.2,1.204
01-Dec-10,0,0.9,0,-2.7,0,-4.5,0,9.4,1011,1.311
02-Dec-10,0,1.3,0,-7.6,0,-2.7,0,5.4,1010.2,1.395
03-Dec-10,0,2.4,0,-8.3,0,-1.8,0,0,1003.2,1.495
04-Dec-10,0,2.2,0,-1.3,0,-1.5,0,2.2,998.4,1.561
05-Dec-10,0,-0.8,0,-2.4,0,-0.1,0,0,1001,1.537
06-Dec-10,0,-0.1,0,-6.7,0,-4.2,0,1.9,997.2,1.461
07-Dec-10,0,3,0,-3.7,0,-5.4,0,5.1,1002.2,1.499
08-Dec-10,0,-1.5,0,-6.9,0,-4,0,0,1015.9,1.285
09-Dec-10,0,3.8,0,-2.2,0,-4.1,0,0,1026.3,1.364
10-Dec-10,0,5.7,0,3,0,-1.3,0,0.1,1027.4,1.382
11-Dec-10,0,5.9,0,-0.4,0,-0.1,0,0.3,1023.2,1.182
12-Dec-10,0,6.7,0,-1,0,-5.1,0,0,1019.7,1.161
13-Dec-10,0,6,0,3.3,0,-5,0,0,1023.8,1.226
14-Dec-10,0,4.9,0,-1.1,0,-4.8,0,0,1031.4,1.178
15-Dec-10,0,5.1,0,1.6,0,-4.5,0,0.1,1030.9,1.8
16-Dec-10,0,7.8,0,-2.1,0,1.7,0,0.5,1014.1,3.257
17-Dec-10,0,0.7,0,-2.6,0,-7.2,0,0.1,994.2,1.251
18-Dec-10,0,0,0,-7.5,0,-6.9,0,0,986.8,0.97
19-Dec-10,0,2.8,0,-8.4,0,-13.2,0,0,991,0.37
20-Dec-10,0,0,0,-7.3,0,-12.7,0,0.8,995.8,0.102
21-Dec-10,0,1.1,0,-9.4,0,-12.2,0,12.3,999.8,-0.005
22-Dec-10,0,0.2,0,-9.8,0,-9.4,0,0,1005.7,0.169
23-Dec-10,0,0.3,0,-8.8,0,-2.6,0,10.8,1013.4,0.298
24-Dec-10,0,-4.8,0,-10.6,0,-2,0,0.2,1019.7,0.441
25-Dec-10,0,-5.8,0,-10.8,0,-2.3,0,0,1023.4,0.54
26-Dec-10,0,5.1,0,-8.4,0,-2.6,0,4,1013.1,0.587
27-Dec-10,0,9.4,0,4.7,0,-1.7,0,10.6,1000.1,0.602
28-Dec-10,0,11.7,0,3.2,0,-0.4,0,0,1001,1.596
29-Dec-10,0,9.8,0,5.3,0,-0.2,0,0,1010.6,3.713
30-Dec-10,0,9.1,0,7.3,0,0.4,0,0.2,1017.6,5.527
31-Dec-10,0,8,0,5.5,0,5.4,0,0,1020.9,5.74
01-Jan-11,0,7.8,0,2.5,0,3.8,0,0,1022.7,5.111
02-Jan-11,0,3.9,0,0.6,0,-1.3,0,0.1,1024.4,3.353
03-Jan-11,0,2.4,0,-2.8,0,-0.8,0,0,1017.4,2.168
04-Jan-11,0,5.7,0,2,0,-7.3,0,0.8,1002,2.114
05-Jan-11,0,5.8,0,0.6,0,-0.7,0,0.7,989,2.397
06-Jan-11,0,3.6,0,-4.6,0,-5,0,0,992.5,1.452
07-Jan-11,0,5,0,-5.2,0,-10.6,0,10.6,990.1,0.998
08-Jan-11,0,3.9,0,-1.3,0,-4.1,0,0.2,990.5,1.181
09-Jan-11,0,5,0,0.4,0,-2.3,0,0,1001.4,1.017
10-Jan-11,0,9,0,4.4,0,-5.1,0,3.2,995.3,1.96
11-Jan-11,0,8.1,0,1.7,0,-1.7,0,1.7,997.5,2.71
12-Jan-11,0,12.1,0,8.1,0,-1.6,0,1.5,997.7,5.695
13-Jan-11,0,12,0,9.5,0,7.2,0,1.5,997.9,7.28
14-Jan-11,0,10.8,0,6.1,0,5.7,0,1.6,997.4,5.915
15-Jan-11,0,12.8,0,8.7,0,1.8,0,4.3,994.6,7.395
16-Jan-11,0,12,0,5.8,0,5,0,0,1001.5,7.296
17-Jan-11,0,7.3,0,1,0,-3.2,0,0,1014.1,3.814
18-Jan-11,0,5.3,0,-0.7,0,-6.3,0,0,1024.3,2.122
19-Jan-11,0,6,0,-3.9,0,-9.1,0,0,1030.6,1.294
20-Jan-11,0,3.1,0,-5.8,0,-10.1,0,0,1033.2,0.553
21-Jan-11,0,3.9,0,-4.2,0,-9,0,0,1035.8,0.319
22-Jan-11,0,5.9,0,-1.5,0,-7.6,0,0,1036.4,0.509
23-Jan-11,0,4.3,0,1.2,0,-0.6,0,0,1035.1,1.039
24-Jan-11,0,6.8,0,2.3,0,0.5,0,0,1028.7,2.835
25-Jan-11,0,9.2,0,5,0,2.3,0,1.6,1015.9,4.598
26-Jan-11,0,6.9,0,4.8,0,0.9,0,0.3,1011.5,4.527
27-Jan-11,0,5.2,0,2.6,0,-0.6,0,0.4,1017.8,3.38
28-Jan-11,0,3.8,0,-0.5,0,-4.5,0,0,1019.8,2.22
29-Jan-11,0,4.8,0,-0.1,0,-4.7,0,0,1019.2,2.237
30-Jan-11,0,3.1,0,-3.2,0,-3.6,0,0,1018.7,2.346
31-Jan-11,0,8.6,0,-3.4,0,-8.1,0,0.2,1015.7,1.986
01-Feb-11,0,10.6,0,5.7,0,-5,0,0.8,1015,4.444
02-Feb-11,0,12.7,0,4,0,-0.4,0,1,1009.6,5.608
03-Feb-11,0,9.9,0,2.9,0,-0.7,0,4.9,1006.3,4.236
04-Feb-11,0,13.3,0,7.8,0,-0.5,0,6.1,998.8,7.132
05-Feb-11,0,12.1,0,6.6,0,7.1,0,25,1001.7,7.92
06-Feb-11,0,12.2,0,6.5,0,5.8,0,11.8,1002.7,7.637
07-Feb-11,0,11.2,0,1.7,0,6.2,0,1.4,1000.2,7.221
08-Feb-11,0,10.7,0,-1.8,0,-7.1,0,0.1,1008.8,4.299
09-Feb-11,0,12.2,0,6.9,0,-3.3,0,6.9,1003.1,7.184
10-Feb-11,0,8.9,0,5.6,0,3.4,0,0.1,1003.3,6.896
11-Feb-11,0,10.6,0,4.7,0,0.1,0,1.1,1001.5,6.706
12-Feb-11,0,9,0,0.1,0,-5.2,0,0.1,997.1,4.957
13-Feb-11,0,8.9,0,1.6,0,-3,0,0.9,987.5,6.202
14-Feb-11,0,7.5,0,0.4,0,-2.4,0,0,988,4.959
15-Feb-11,0,7.3,0,3.4,0,-4.3,0,11.7,979.4,4.558
16-Feb-11,0,8.7,0,-0.5,0,-5.5,0,2,984.6,4.492
17-Feb-11,0,7.3,0,3,0,-3.4,0,3.1,996.9,5.71
18-Feb-11,0,8.2,0,1.9,0,-2.4,0,0.5,998.5,4.74
19-Feb-11,0,13.1,0,2.3,0,-1.6,0,0,1000,6.182
20-Feb-11,0,9.1,0,2.4,0,-2.2,0,0.5,1003.7,5.844
21-Feb-11,0,11.2,0,5.1,0,2,0,3,1003.8,6.785
22-Feb-11,0,11.3,0,4.9,0,-0.2,0,1.1,1005.7,6.859
23-Feb-11,0,14.1,0,9.2,0,6,0,0.4,1005.9,8.755
24-Feb-11,0,15.7,0,7.9,0,2.4,0,0,1010.2,8.465
25-Feb-11,0,13.9,0,8.9,0,6,0,0.3,1010,9.337
26-Feb-11,0,10.8,0,2.7,0,2.1,0,0.6,1011.4,8.083
27-Feb-11,0,10.3,0,1.3,0,-0.8,0,0.9,1020.3,5.938
28-Feb-11,0,9.9,0,-0.8,0,-6.1,0,0,1028.6,4.734
01-Mar-11,0,10.7,0,-2.2,0,-6.3,0,0,1032.9,4.669
02-Mar-11,0,9.2,0,-3.5,0,-8,0,0,1032.3,4.057
03-Mar-11,0,8.9,0,-3.1,0,-7.7,0,0,1031.8,4.161
04-Mar-11,0,10.4,0,0,0,-4.2,0,0,1028.4,5.523
05-Mar-11,0,9.1,0,5.2,0,4.1,0,0,1026.4,6.719
06-Mar-11,0,7.9,0,1.5,0,5.1,0,0.4,1025.1,6.654
07-Mar-11,0,10.6,0,-0.4,0,-4.7,0,0,1021.9,5.775
08-Mar-11,0,10.5,0,-1.5,0,-7.2,0,0,1012.2,5.064
09-Mar-11,0,11.5,0,4.1,0,1.5,0,1.2,1005.1,6.466
10-Mar-11,0,11,0,3.6,0,5.7,0,0.9,1002.6,7.047
11-Mar-11,0,9.6,0,2.7,0,-0.8,0,9.6,1000.9,5.282
12-Mar-11,0,12.1,0,2.2,0,0.3,0,0,992.6,6.828
13-Mar-11,0,9.1,0,0.3,0,-2.2,0,0,996.8,5.629
14-Mar-11,0,9.1,0,-0.7,0,-4.7,0,0.1,1007,5.83
15-Mar-11,0,10.4,0,-0.1,0,2.6,0,3,1011.1,6.912
16-Mar-11,0,9.4,0,-1.4,0,-4.8,0,0,1009.8,5.896
17-Mar-11,0,10.4,0,1.3,0,-4.2,0,0.5,1011.1,6.521
18-Mar-11,0,11.9,0,-1.3,0,-4.6,0,0,1019.8,6.92
19-Mar-11,0,12.8,0,0.8,0,-4.4,0,0.6,1023.7,7.431
20-Mar-11,0,15.8,0,4.4,0,5.6,0,0.1,1022,9.457
21-Mar-11,0,15,0,4.9,0,-1.5,0,0.1,1027.3,9.448
22-Mar-11,0,15.4,0,4.1,0,-1.3,0,0,1032.3,9.974
23-Mar-11,0,14.5,0,1.3,0,-2.7,0,0,1033.9,8.948
24-Mar-11,0,14.7,0,0.9,0,-3.7,0,0,1027.7,8.691
25-Mar-11,0,11.9,0,1.8,0,-2.6,0,0,1017.8,8.642
26-Mar-11,0,9.4,0,-0.7,0,-5.2,0,0,1011.1,6.96
27-Mar-11,0,11.4,0,2.9,0,-1.5,0,0,1010.2,8.539
28-Mar-11,0,10.9,0,1.3,0,-3.1,0,0,1009.2,8.688
29-Mar-11,0,12.3,0,4.5,0,0.1,0,0.1,1004.5,9.09
30-Mar-11,0,16,0,6.2,0,1.6,0,1,998.5,10.818
31-Mar-11,0,16.2,0,9.9,0,8.8,0,1.1,996.3,11.733
01-Apr-11,0,15,0,12.1,0,7.7,0,0,998.2,11.9
02-Apr-11,0,15.3,0,5.8,0,3.4,0,10.6,997.9,11.452
03-Apr-11,0,12.7,0,4.3,0,-0.3,0,0.4,1006,9.778
04-Apr-11,0,16.7,0,3.6,0,-1.6,0,3.9,1005.3,9.976
05-Apr-11,0,18.1,0,10.8,0,9.5,0,3.7,1005.8,12.48
06-Apr-11,0,19.4,0,12.1,0,9.8,0,0.4,1013.8,13.337
07-Apr-11,0,16.4,0,6.3,0,8.9,0,0.3,1021.2,13.123
08-Apr-11,0,16.8,0,3.4,0,-0.1,0,0,1022.3,11.98
09-Apr-11,0,19.3,0,7.4,0,3.5,0,0,1017.4,12.75
10-Apr-11,0,21.1,0,7.2,0,3.7,0,0,1017.5,14.33
11-Apr-11,0,13.9,0,3.9,0,5.3,0,0.3,1020,13.5
12-Apr-11,0,13.7,0,3.5,0,-1.5,0,0.1,1022.2,11.312
13-Apr-11,0,13.9,0,6.1,0,4.9,0,2.3,1012.2,11.762
14-Apr-11,0,13.8,0,7.3,0,2.6,0,0.1,1010.1,12.023
15-Apr-11,0,15.6,0,9.1,0,8.7,0,0,1013.3,13.673
16-Apr-11,0,15.2,0,5.9,0,1.8,0,0.2,1017.2,13.102
17-Apr-11,0,13.5,0,1.8,0,-1.5,0,0,1018.8,11.615
18-Apr-11,0,17.5,0,4.9,0,0.6,0,0,1012.2,12.135
19-Apr-11,0,17.3,0,3.8,0,-0.3,0,0,1009.2,13.023
20-Apr-11,0,19,0,3.9,0,0,0,0,1010.2,13.93
21-Apr-11,0,18.8,0,8.1,0,4.5,0,0,1006.1,15.497
22-Apr-11,0,21,0,7.5,0,3.3,0,0,1000.8,14.548
23-Apr-11,0,16.6,0,5.3,0,7.9,0,0,1008.3,15.71
24-Apr-11,0,17.1,0,4.1,0,0.2,0,0,1016.7,14.573
25-Apr-11,0,13,0,6.3,0,6.5,0,0,1022.5,14.03
26-Apr-11,0,13,0,6.9,0,3.4,0,1.1,1023,13.368
27-Apr-11,0,15.9,0,3.5,0,0.4,0,0,1021.3,14.195
28-Apr-11,0,16,0,4.1,0,0.1,0,0,1017.5,14.575
29-Apr-11,0,16.4,0,3.2,0,0,0,0,1011.6,14.562
30-Apr-11,0,16.8,0,9.5,0,6.5,0,0,1007.8,14.797
01-May-11,0,16.9,0,8.8,0,5.4,0,0,1006.2,14.853
02-May-11,0,15.2,0,8.9,0,6,0,0,1008.1,14.725
03-May-11,0,13.6,0,7.2,0,4.7,0,0,1010.6,14.368
04-May-11,0,14.9,0,8.2,0,4.2,0,3.2,1010.3,14.938
05-May-11,0,15.2,0,10.4,0,8.9,0,0.9,1005.9,13.847
06-May-11,0,17.4,0,10,0,6.4,0,1.2,1002.5,13.927
07-May-11,0,17.9,0,11,0,6.6,0,9.9,999.2,14.185
08-May-11,0,16.7,0,10.6,0,9.3,0,0.1,999,14.627
09-May-11,0,17.4,0,11.2,0,8.5,0,0.3,1005.5,14.552
10-May-11,0,18.2,0,9.4,0,7.3,0,0.7,1011.4,15.82
11-May-11,0,16.3,0,8.3,0,4,0,1.3,1013.9,15.163
12-May-11,0,15.8,0,7.8,0,6.9,0,0.2,1013.2,15.245
13-May-11,0,13.5,0,5.8,0,3.8,0,4.5,1012.6,14.523
14-May-11,0,14,0,5.9,0,2.3,0,3.3,1017.2,13.195
15-May-11,0,14.7,0,5.9,0,2.7,0,1,1019.5,12.79
16-May-11,0,16.4,0,10.9,0,9.5,0,0.6,1016,13.985
17-May-11,0,16.6,0,11.7,0,11.6,0,0.3,1010.2,15.155
18-May-11,0,16,0,6.2,0,6.3,0,1,1008,15.325
19-May-11,0,14.4,0,4.3,0,-0.2,0,0.1,1011.1,13.695
20-May-11,0,15.6,0,5.8,0,4.8,0,0.6,1009.5,14.555
21-May-11,0,16,0,4.7,0,1.4,0,4.9,1004.7,13.2
22-May-11,0,15.6,0,7.9,0,4.7,0,2.1,1002.8,13.57
23-May-11,0,14.8,0,6.3,0,7.6,0,3.3,1005,14.415
24-May-11,0,16.1,0,5.4,0,2.4,0,0.5,1016.2,14.29
25-May-11,0,15.1,0,8.4,0,4.1,0,0.5,1007.8,13.43
26-May-11,0,14.4,0,5.8,0,9.1,0,3.9,1004.6,13.92
27-May-11,0,13.9,0,4.8,0,0.4,0,0.5,1010.8,12.997
28-May-11,0,16,0,9.6,0,9.6,0,0.8,1003.2,14.882
29-May-11,0,17.3,0,9.4,0,10,0,0.2,1000.6,16.343
30-May-11,0,14.4,0,4.4,0,7.6,0,2.1,1006.2,16.323
31-May-11,0,17.4,0,3.8,0,-1,0,0.1,1014.2,15.505
01-Jun-11,0,20.2,0,10.8,0,8.3,0,0.1,1022.4,16.538
02-Jun-11,0,20.7,0,9.5,0,9.4,0,0,1028.4,18.99
03-Jun-11,0,22.4,0,8.6,0,2.9,0,0,1027.6,20.105
04-Jun-11,0,19.2,0,9,0,4.1,0,0,1020.8,19.91
05-Jun-11,0,13.2,0,7.5,0,11.4,0,0.7,1010.5,16.66
06-Jun-11,0,15.9,0,5,0,-0.6,0,0,1000,16.305
07-Jun-11,0,14.9,0,7.7,0,6.9,0,2.1,992.4,17.017
08-Jun-11,0,15.9,0,6.6,0,2.9,0,3.6,997.9,16.022
09-Jun-11,0,14.5,0,3.8,0,-0.4,0,4,1006.1,15.042
10-Jun-11,0,14,0,1.9,0,-1.9,0,1.1,1009.1,13.948
11-Jun-11,0,15.9,0,4.8,0,0.8,0,0.1,1010.2,14.807
12-Jun-11,0,11.9,0,4.6,0,-0.6,0,10.6,1001.3,12.767
13-Jun-11,0,19.1,0,6.6,0,9.6,0,0.1,1004.1,16.17
14-Jun-11,0,18.8,0,4.4,0,0.2,0,0,1008.2,16.275
15-Jun-11,0,20.1,0,9.6,0,10.3,0,0,1003.3,18.855
16-Jun-11,0,17.4,0,7,0,2.2,0,2.3,1001.2,17.27
17-Jun-11,0,16,0,8.2,0,4.5,0,8.1,994.5,15.15
18-Jun-11,0,17.7,0,7.4,0,2.8,0,5.2,996.3,15.595
19-Jun-11,0,17.1,0,7.6,0,4,0,0,1004.3,15.775
20-Jun-11,0,17.9,0,6,0,1.7,0,8.5,1002.9,15.15
21-Jun-11,0,18.9,0,10.9,0,10.3,0,2.6,997.9,16.263
22-Jun-11,0,18.8,0,10.2,0,9.2,0,1.4,1001.7,16.44
23-Jun-11,0,17.9,0,8.7,0,4.2,0,0.5,1010.7,16.653
24-Jun-11,0,15.1,0,6.2,0,0.3,0,12.8,1010.8,14.43
25-Jun-11,0,22.8,0,15,0,11.1,0,0.3,1009.3,17.558
26-Jun-11,0,24,0,15,0,12.1,0,0,1010.3,19.145
27-Jun-11,0,17.8,0,9.4,0,12.9,0,0,1010.2,18.858
28-Jun-11,0,18.1,0,7.5,0,3.3,0,0.8,1013.7,18.743
29-Jun-11,0,17.7,0,6.6,0,2.6,0,1.9,1018,17.477
30-Jun-11,0,18.3,0,8.5,0,7.7,0,0,1021.8,17.693
01-Jul-11,0,17.5,0,8.1,0,4.7,0,0,1020.5,18.288
02-Jul-11,0,18.9,0,8.4,0,4.9,0,0,1014.8,18.188
03-Jul-11,0,20.2,0,8.2,0,3.6,0,0,1011.2,19.36
04-Jul-11,0,22.4,0,10.7,0,6.7,0,0,1006.8,20.58
05-Jul-11,0,21.5,0,12.6,0,12.6,0,1.8,1000.4,20.835
06-Jul-11,0,18.2,0,8.6,0,10.3,0,5.7,992.4,18.61
07-Jul-11,0,19.4,0,8.3,0,5,0,0.3,989.2,17.093
08-Jul-11,0,16.4,0,10.8,0,10.4,0,6.6,994,17.195
09-Jul-11,0,20.2,0,9.4,0,5.2,0,0.1,1004.7,17.657
10-Jul-11,0,18.8,0,10.9,0,7.6,0,0,1012.6,18.058
11-Jul-11,0,17.5,0,9,0,5.5,0,0,1016.2,17.632
12-Jul-11,0,18.5,0,10,0,8.4,0,0,1016.4,18.717
13-Jul-11,0,19.3,0,7.5,0,4,0,0,1016.5,19.88
14-Jul-11,0,22.3,0,8.6,0,4.8,0,0.3,1014.7,20.062
15-Jul-11,0,18.6,0,12.1,0,8.3,0,0.9,1004.9,19.163
16-Jul-11,0,19.5,0,11.7,0,12.6,0,10.6,991.1,19.333
17-Jul-11,0,15.8,0,11.2,0,9.7,0,0.7,987.6,16.712
18-Jul-11,0,17.4,0,12.2,0,12,0,0.6,992.7,16.69
19-Jul-11,0,16.6,0,9.7,0,12.1,0,0,999.8,16.337
20-Jul-11,0,16.5,0,9.4,0,7.2,0,0.3,1006,16.405
21-Jul-11,0,13.8,0,7.5,0,10.8,0,9.3,1012.1,15.243
22-Jul-11,0,17.8,0,6.4,0,3,0,0,1013.8,15.7
23-Jul-11,0,20.7,0,7.1,0,4.2,0,0,1010.7,17.827
24-Jul-11,0,21.9,0,11.9,0,10.4,0,0,1006.8,19.425
25-Jul-11,0,20.5,0,10.4,0,8.3,0,0,1006.6,18.318
26-Jul-11,0,20.5,0,13.5,0,14.3,0,0.6,1011.6,18.897
27-Jul-11,0,22.9,0,11.3,0,8.5,0,6.5,1016.3,20.397
28-Jul-11,0,17.2,0,12.7,0,14.6,0,2,1019.6,18.392
29-Jul-11,0,17.2,0,11.8,0,11.8,0,0.7,1019.4,16.355
30-Jul-11,0,20.5,0,10.6,0,8.3,0,0,1013.3,17.378
31-Jul-11,0,21.5,0,14.4,0,13.1,0,0.9,1006.3,18.173
01-Aug-11,0,18.7,0,13.5,0,14.4,0,0.1,1005.5,18.315
02-Aug-11,0,20.1,0,10.6,0,12.1,0,0.1,1007.7,18.68
03-Aug-11,0,19.8,0,10.1,0,7.4,0,0,1006.1,18.118
04-Aug-11,0,23.6,0,11.9,0,13.1,0,0.4,1002.9,19.785
05-Aug-11,0,18.1,0,8,0,2.7,0,0,1005.4,17.81
06-Aug-11,0,17.6,0,10.3,0,7.3,0,11.8,998.5,17.478
07-Aug-11,0,17.6,0,10.1,0,7.2,0,2,995.3,17.075
08-Aug-11,0,20.1,0,9.4,0,6.3,0,0.1,1006.3,16.772
09-Aug-11,0,18.1,0,7.6,0,2.2,0,0,1018.1,16.56
10-Aug-11,0,18.5,0,13.4,0,11.1,0,3.1,1010.3,16.807
11-Aug-11,0,21.5,0,15.4,0,14.8,0,1.7,1001.7,18.52
12-Aug-11,0,20.5,0,14.2,0,13.5,0,1,1000.3,18.57
13-Aug-11,0,18.5,0,13.1,0,10.6,0,0.1,997.1,17.818
14-Aug-11,0,19.1,0,10.6,0,9.7,0,0.2,1002,18.198
15-Aug-11,0,18.9,0,9.4,0,4.4,0,7,1006.3,16.728
16-Aug-11,0,19.9,0,8.6,0,12.4,0,0.7,1007.2,17.673
17-Aug-11,0,19.1,0,6.2,0,0.9,0,0,1012.8,16.375
18-Aug-11,0,17.2,0,7.9,0,3.5,0,7.6,1012,15.715
19-Aug-11,0,17.1,0,8.4,0,3.3,0,0.1,1009,14.76
20-Aug-11,0,18.7,0,9.4,0,3.7,0,0,1006.6,15.21
21-Aug-11,0,20.2,0,10.1,0,7.4,0,0,1008.6,16.532
22-Aug-11,0,18.6,0,7.1,0,1.5,0,0,1013.7,15.952
23-Aug-11,0,19.1,0,7.3,0,2,0,0,1008.2,16.335
24-Aug-11,0,18.8,0,9.4,0,5,0,0.2,1002.8,16.965
25-Aug-11,0,17.6,0,8.6,0,3.2,0,2.1,999.4,15.487
26-Aug-11,0,19.5,0,7.6,0,2.6,0,0,1002.4,16.058
27-Aug-11,0,17.8,0,9.2,0,6.8,0,3.8,1008,16.142
28-Aug-11,0,17.6,0,8.5,0,6.4,0,1.4,1012.2,15.66
29-Aug-11,0,16.2,0,5.4,0,0.1,0,0,1014.4,14.267
30-Aug-11,0,16,0,10.1,0,9.9,0,0,1012.6,15.42
31-Aug-11,0,15.9,0,7.2,0,9.9,0,0,1010.7,15.587
01-Sep-11,0,19.7,0,6.2,0,1.4,0,0,1005.8,15.602
02-Sep-11,0,19.4,0,14.6,0,11.5,0,0.5,1000.3,17.403
03-Sep-11,0,16.9,0,7.4,0,13.5,0,6.3,997.7,16.483
04-Sep-11,0,15.9,0,6.5,0,1,0,2.5,996.4,13.14
05-Sep-11,0,16.2,0,8.8,0,5.5,0,4.6,997.2,14.14
06-Sep-11,0,16.5,0,12.1,0,10.5,0,3.8,994.3,15.01
07-Sep-11,0,15.8,0,10.7,0,9.7,0,4,1001.5,14.595
08-Sep-11,0,18.8,0,11.7,0,10.6,0,0.2,998.9,15.575
09-Sep-11,0,22.3,0,14.1,0,13.5,0,0.3,996.3,17.522
10-Sep-11,0,20.2,0,13.1,0,15.6,0,0.7,989.5,17.595
11-Sep-11,0,17,0,11.9,0,9.2,0,2.5,987.4,15.22
12-Sep-11,0,17.6,0,12,0,12.2,0,0.2,989.1,15.497
13-Sep-11,0,15.8,0,9.5,0,6.8,0,0.4,1003.1,14.112
14-Sep-11,0,16.2,0,8.2,0,4.6,0,0,1011.1,13.61
15-Sep-11,0,17.1,0,10.4,0,8.6,0,0,1012,14.66
16-Sep-11,0,18.4,0,10.9,0,7.8,0,8.1,1003.6,15.255
17-Sep-11,0,16.2,0,10.1,0,8.6,0,2.2,996.3,14.425
18-Sep-11,0,15.6,0,10.1,0,7.9,0,1.5,1000.7,13.792
19-Sep-11,0,18.2,0,10.1,0,8.2,0,1.3,1003.7,14.343
20-Sep-11,0,15,0,7,0,2.1,0,0,1007.4,13.253
21-Sep-11,0,16,0,9.1,0,4.2,0,1.4,1005.6,12.903
22-Sep-11,0,17.2,0,8.4,0,3.2,0,0.3,1010.6,12.188
23-Sep-11,0,17.5,0,12.1,0,9.9,0,0,1006,13.823
24-Sep-11,0,18.8,0,10.4,0,5.2,0,0.1,1002.7,14.708
25-Sep-11,0,17.9,0,11.3,0,8,0,1.2,1002.7,13.833
26-Sep-11,0,18.2,0,7.2,0,2.4,0,0,1010.7,13.355
27-Sep-11,0,20.4,0,12,0,7.8,0,0,1016.8,14.833
28-Sep-11,0,25.6,0,12.5,0,9.1,0,0,1013.5,16.145
29-Sep-11,0,22.4,0,14.9,0,11.1,0,0,1011.4,17.308
30-Sep-11,0,21.5,0,14.8,0,12.1,0,15.2,1011.7,16.208
01-Oct-11,0,14.9,0,13.7,0,13.8,0,35.4,1016,15.278
02-Oct-11,0,18.8,0,13.9,0,13.8,0,1.3,1014.3,15.827
03-Oct-11,0,21.1,0,8.6,0,11.5,0,0.1,1008,15.97
04-Oct-11,0,16.4,0,8.8,0,3.4,0,0,1009.5,13.68
05-Oct-11,0,20.8,0,9.3,0,11.8,0,1.5,1002.6,15.127
06-Oct-11,0,13.2,0,6.4,0,3.3,0,1.4,1006.3,11.835
07-Oct-11,0,14.8,0,7.5,0,7.5,0,0.2,1015.9,12.363
08-Oct-11,0,19.5,0,8.6,0,2.7,0,0.2,1016.5,13.818
09-Oct-11,0,17.7,0,15.5,0,14.1,0,0,1009.2,15.363
10-Oct-11,0,16.9,0,15.1,0,14.3,0,2.5,1005.7,15.3
11-Oct-11,0,17,0,14.8,0,13.4,0,0.6,1009.5,15.333
12-Oct-11,0,19.1,0,12.6,0,11.8,0,0.2,1015.2,15.698
13-Oct-11,0,17.9,0,9.4,0,12.1,0,0.1,1020.7,15.148
14-Oct-11,0,16.3,0,6.7,0,3.8,0,0.2,1019.2,12.995
15-Oct-11,0,15.6,0,9.6,0,11.3,0,1.9,1015.3,13.568
16-Oct-11,0,15.1,0,6.3,0,2.5,0,0.1,1013,12.007
17-Oct-11,0,15,0,5.1,0,4.3,0,4.6,1002.2,10.648
18-Oct-11,0,12,0,4.8,0,2.2,0,0.2,1005.4,8.515
19-Oct-11,0,11.6,0,3.2,0,0.5,0,0.1,1015.7,7.81
20-Oct-11,0,11.5,0,2.5,0,-0.9,0,0,1017.5,7.594
21-Oct-11,0,14.2,0,11.1,0,7.5,0,0,1009.2,10.515
22-Oct-11,0,13.7,0,8,0,8.1,0,2.1,999.8,10.667
23-Oct-11,0,15.4,0,8,0,6.1,0,16.7,986.8,10.568
24-Oct-11,0,15.8,0,7.9,0,9.3,0,71.3,980.2,11.717
25-Oct-11,0,12.7,0,5.2,0,2.2,0,4.1,985.8,10.177
26-Oct-11,0,11.7,0,4.7,0,0,0,0,992.5,8.104
27-Oct-11,0,12.9,0,3.7,0,2.2,0,0,1002.8,8.329
28-Oct-11,0,13.4,0,2.1,0,-1.2,0,0.1,1012,7.171
29-Oct-11,0,16.5,0,10.6,0,1.2,0,4.4,1005,11.057
30-Oct-11,0,17.5,0,10.4,0,5.4,0,0.1,1003.8,11.182
31-Oct-11,0,17.7,0,9.8,0,9.9,0,3.7,998,12.457
01-Nov-11,0,13.8,0,5.2,0,1.1,0,0,997.5,9.222
02-Nov-11,0,15,0,12.9,0,3.3,0,1.6,987.3,11.097
03-Nov-11,0,16,0,8.5,0,10.2,0,1.8,979.1,11.66
04-Nov-11,0,13.1,0,2.5,0,1.1,0,0.1,989.4,9.012
05-Nov-11,0,9.9,0,2.2,0,-3.1,0,0.1,1007.3,5.967
06-Nov-11,0,12.3,0,-1,0,-5.8,0,0,1020.1,4.505
07-Nov-11,0,11.2,0,-1.7,0,-6.5,0,0,1016.7,4.311
08-Nov-11,0,11.5,0,10.6,0,-3.4,0,0.6,1006.9,8.318
09-Nov-11,0,15.7,0,9.4,0,8.5,0,0.2,1001.9,10.248
10-Nov-11,0,15.1,0,6.5,0,-0.1,0,0,1006.3,8.325
11-Nov-11,0,13.8,0,10.8,0,5.3,0,10.4,1001.6,10.35
12-Nov-11,0,13.9,0,6.2,0,1.5,0,0.2,1011.4,8.935
13-Nov-11,0,15.2,0,12.5,0,6.8,0,0,1016.4,10.507
14-Nov-11,0,13.8,0,9.3,0,9.5,0,0,1014.2,10.46
15-Nov-11,0,12.7,0,6.8,0,6,0,0,1010.8,9.705
16-Nov-11,0,11.7,0,8.3,0,0.5,0,9.2,1006.5,8.727
17-Nov-11,0,14,0,5.3,0,-0.5,0,1.1,1002.5,8.797
18-Nov-11,0,15.4,0,13.1,0,9.1,0,0.1,1001.2,11.038
19-Nov-11,0,13.6,0,11.6,0,10.1,0,0,1005.9,10.815
20-Nov-11,0,13.5,0,9.1,0,4.8,0,0,1007.3,10.438
21-Nov-11,0,12.5,0,6.6,0,1.2,0,0,1006.8,9.365
22-Nov-11,0,9.9,0,2.3,0,-2.5,0,0,1012.3,6.591
23-Nov-11,0,13.2,0,9.6,0,-2.4,0,0,1014,8.26
24-Nov-11,0,13.2,0,6.8,0,9,0,7.8,1009.5,9.92
25-Nov-11,0,8.9,0,5.3,0,1.6,0,0.3,1013.9,7.01
26-Nov-11,0,13.9,0,8.5,0,-0.1,0,0,1008.5,8.68
27-Nov-11,0,13.7,0,4.2,0,3.4,0,4.5,1009.3,7.55
28-Nov-11,0,13.8,0,4.8,0,-1.6,0,0.9,1006.2,7.405
29-Nov-11,0,13.5,0,4.2,0,7.8,0,10,993.5,8.452
30-Nov-11,0,10.9,0,4.4,0,-0.1,0,5.2,997.8,5.903
01-Dec-11,0,6.8,0,1.6,0,-1.2,0,0,997.9,4.841
02-Dec-11,0,10.4,0,1.4,0,-5,0,1.8,999.8,3.847
03-Dec-11,0,9.9,0,5.4,0,1.4,0,0.5,995.3,5.803
04-Dec-11,0,5.8,0,0.8,0,1,0,1.3,995.5,4.176
05-Dec-11,0,4.6,0,0.8,0,-2.5,0,0,999.1,2.319
06-Dec-11,0,7.8,0,1.5,0,-1.9,0,0.9,997.8,2.819
07-Dec-11,0,6.3,0,3.2,0,-0.1,0,0.2,1002.1,3.028
08-Dec-11,0,11.2,0,1.8,0,-1.1,0,3.7,999.1,4.802
09-Dec-11,0,4.6,0,-0.1,0,-2,0,0,1004.3,2.02
10-Dec-11,0,8.2,0,-0.2,0,-5.7,0,0.1,1004.8,1.64
11-Dec-11,0,8.5,0,2.4,0,-2.6,0,2.6,996.5,4.066
12-Dec-11,0,10.2,0,2.7,0,-1.6,0,3.3,983.6,2.92
13-Dec-11,0,5.8,0,1.1,0,-0.2,0,2.1,974.7,2.751
14-Dec-11,0,5.2,0,1.2,0,-1.5,0,3.2,980.1,1.556
15-Dec-11,0,5.2,0,-1.4,0,-2.9,0,1.4,987.4,1.912
16-Dec-11,0,3.6,0,-1.9,0,-7.5,0,0.1,992.1,1.227
17-Dec-11,0,4.4,0,-0.1,0,-5.9,0,0.1,1007.8,1.105
18-Dec-11,0,3.9,0,-0.4,0,-5,0,0,1013.2,0.779
19-Dec-11,0,9.1,0,3.4,0,-3.6,0,4.9,1007.6,2.276
20-Dec-11,0,10.6,0,4.9,0,1.5,0,4.2,1009.5,4.278
21-Dec-11,0,12.1,0,10.4,0,4,0,0.1,1012,7.534
22-Dec-11,0,13,0,9.4,0,5.1,0,0,1012.8,7.828
23-Dec-11,0,11.9,0,1.7,0,5.3,0,5.2,1013.6,6.633
24-Dec-11,0,10.1,0,2.8,0,-1.3,0,0.6,1017.2,4.856
25-Dec-11,0,13.5,0,10,0,4.1,0,0.4,1015,8.368
26-Dec-11,0,13.6,0,10,0,8.8,0,0,1019.2,8.73
27-Dec-11,0,10.9,0,8.8,0,3.9,0,1.6,1014.5,8.347
28-Dec-11,0,9.4,0,3.5,0,3.1,0,1.8,1012,6.01
29-Dec-11,0,9,0,4.1,0,0.6,0,5.5,1014.8,5.359
30-Dec-11,0,11.9,0,4.7,0,0,0,3.5,1008.5,6.224
31-Dec-11,0,13.2,0,9.7,0,6.1,0,0,998.3,9
01-Jan-12,0,10.3,0,2.7,0,3.9,0,2,992.1,6.253
02-Jan-12,0,7.4,0,1.4,0,-2.2,0,3.4,992.1,3.198
03-Jan-12,0,12,0,3.1,0,-1.1,0,5.4,991,5.215
04-Jan-12,0,10.2,0,3.1,0,-0.2,0,4.1,1002.3,4.257
05-Jan-12,0,10,0,4.2,0,3.9,0,6.6,1006.1,5.948
06-Jan-12,0,10.6,0,3.2,0,-0.9,0,2.6,1016.7,5.251
07-Jan-12,0,8.7,0,5.7,0,2.6,0,0,1017.2,6.044
08-Jan-12,0,11.7,0,7,0,3,0,0,1020.5,7.261
09-Jan-12,0,10.1,0,5.5,0,5.9,0,0.6,1021.7,7.449
10-Jan-12,0,11.4,0,6.8,0,-0.5,0,0.1,1023.5,7.23
11-Jan-12,0,12.2,0,9.7,0,7.9,0,0.3,1022.6,8.865
12-Jan-12,0,11.2,0,2.4,0,4.5,0,1.1,1022.8,7.967
13-Jan-12,0,6.7,0,-0.7,0,-5.1,0,0,1027,3.327
14-Jan-12,0,7.3,0,-1.3,0,-6.5,0,0,1020.2,2.953
15-Jan-12,0,6.4,0,4.9,0,-2.6,0,0,1014.5,4.096
16-Jan-12,0,6.8,0,0.4,0,-5,0,0,1016.2,3.21
17-Jan-12,0,11.2,0,2.5,0,-4.5,0,0,1014.1,4.563
18-Jan-12,0,11.8,0,5.8,0,5.5,0,0.1,1013.5,7.445
19-Jan-12,0,8.1,0,4,0,-1.2,0,2,1013.3,5.796
20-Jan-12,0,11.2,0,4.4,0,0.9,0,0.1,1012.2,6.224
21-Jan-12,0,10.8,0,5.6,0,6,0,0.2,1008.1,7.299
22-Jan-12,0,9.7,0,4.8,0,2.8,0,0,1009.1,6.207
23-Jan-12,0,8.2,0,2,0,-0.4,0,0.1,1014,5.188
24-Jan-12,0,11.8,0,5.3,0,-3.9,0,5.8,1010.2,7.291
25-Jan-12,0,11.9,0,1.6,0,7,0,6.3,999.7,8.1
26-Jan-12,0,5.5,0,0.9,0,-4.4,0,2.4,998.4,4.589
27-Jan-12,0,6.6,0,0.9,0,-1.4,0,0.9,1013.7,3.496
28-Jan-12,0,4.8,0,-1.3,0,-6.8,0,0.4,1024.2,2.582
29-Jan-12,0,8.5,0,4,0,-3.1,0,23.6,1021.2,5.293
30-Jan-12,0,5,0,3.9,0,3.3,0,1,1017.2,4.938
31-Jan-12,0,4.6,0,3.2,0,2.3,0,0.1,1020.9,4.121
01-Feb-12,0,4.4,0,-3.5,0,-6.1,0,0,1028.9,2.678
02-Feb-12,0,4.2,0,-4.4,0,-10.3,0,0,1031.3,1.079
03-Feb-12,0,5.7,0,-5.3,0,-10.4,0,0,1030.6,0.445
04-Feb-12,0,9.2,0,1.3,0,-5.4,0,3.9,1022.5,1.878
05-Feb-12,0,7.3,0,2.5,0,-0.3,0,0.1,1023,3.323
06-Feb-12,0,9.5,0,4.5,0,2.6,0,0.3,1028.2,5.34
07-Feb-12,0,8.6,0,1.7,0,-2.5,0,0,1032,4.382
08-Feb-12,0,5.5,0,3.1,0,-3.2,0,0,1032.3,3.745
09-Feb-12,0,9.6,0,4.7,0,2.3,0,3.2,1029.2,5.832
10-Feb-12,0,9.6,0,6.7,0,6.8,0,1.3,1026.3,7.445
11-Feb-12,0,9.6,0,5.6,0,4.3,0,1.5,1027.2,7.108
12-Feb-12,0,7.9,0,3.7,0,-1.3,0,0,1030.3,6.524
13-Feb-12,0,8.9,0,4.6,0,0.7,0,0,1027.9,6.25
14-Feb-12,0,9.4,0,5.1,0,-1.2,0,0,1026.9,6.069
15-Feb-12,0,10.2,0,6.8,0,3.6,0,0,1026.9,6.961
16-Feb-12,0,10.4,0,6.8,0,5.5,0,0,1023.1,7.258
17-Feb-12,0,11.9,0,8.2,0,7.6,0,0.9,1012.6,8.735
18-Feb-12,0,8.4,0,0.9,0,4.2,0,2.6,1006.1,7.378
19-Feb-12,0,7.8,0,-0.2,0,-3.6,0,0.1,1019.2,4.647
20-Feb-12,0,9.5,0,0.2,0,-4.4,0,0.1,1020.3,5.227
21-Feb-12,0,13.2,0,8.9,0,6.3,0,0,1014.8,7.945
22-Feb-12,0,14.6,0,10.6,0,8.5,0,1.9,1008.8,9.665
23-Feb-12,0,15,0,11.3,0,9.7,0,0.1,1014.5,10.695
24-Feb-12,0,11.9,0,6.4,0,9.4,0,1.8,1020.5,10.495
25-Feb-12,0,9.7,0,2.7,0,-1.7,0,0,1023.2,8.064
26-Feb-12,0,12.8,0,6.4,0,4.9,0,0.6,1020.2,9.438
27-Feb-12,0,11.5,0,9.1,0,6.6,0,1,1016,9.637
28-Feb-12,0,12.1,0,8.8,0,9.1,0,0,1017.2,10.128
29-Feb-12,0,13.3,0,8.5,0,7,0,0,1015.2,9.72
01-Mar-12,0,14.9,0,4.7,0,0.9,0,0,1017.8,9.033
02-Mar-12,0,12.3,0,5.6,0,-0.8,0,0,1014.2,8.653
03-Mar-12,0,11.9,0,4.1,0,-0.6,0,2.7,1006.7,8.935
04-Mar-12,0,8.5,0,0.3,0,-2.9,0,0.6,1015.5,7.241
05-Mar-12,0,11,0,1,0,-4.3,0,0,1022.3,6.167
06-Mar-12,0,11.8,0,0.4,0,-4,0,0.2,1012.7,5.958
07-Mar-12,0,11.8,0,3.7,0,3.7,0,0.3,1009.9,8.231
08-Mar-12,0,13.2,0,3.6,0,-0.6,0,0,1020.9,7.098
09-Mar-12,0,13.6,0,9.2,0,4.2,0,0,1025.2,9.035
10-Mar-12,0,13.1,0,10.3,0,6.6,0,0,1030.9,10.51
11-Mar-12,0,11.1,0,7.8,0,8.4,0,0,1032.6,10.512
12-Mar-12,0,13.6,0,8.7,0,8.1,0,0,1029.7,11.012
13-Mar-12,0,9.7,0,2.8,0,5.8,0,0,1027.8,9.825
14-Mar-12,0,11.3,0,0.1,0,-4,0,0,1023.4,7.864
15-Mar-12,0,12.4,0,6.5,0,4.4,0,0,1015.8,9.675
16-Mar-12,0,11.5,0,6.6,0,8.1,0,6.5,1007.2,9.938
17-Mar-12,0,9.4,0,2.3,0,-1.4,0,12.6,1004.6,7.276
18-Mar-12,0,11.7,0,1.6,0,-1.7,0,4.7,1014.8,7.989
19-Mar-12,0,13.1,0,0.7,0,-4.8,0,0,1024.2,7.909
20-Mar-12,0,13.4,0,7.9,0,2.4,0,0,1026.2,8.654
21-Mar-12,0,11.6,0,3.5,0,4.9,0,0,1026.9,9.505
22-Mar-12,0,12.6,0,2.8,0,-2.6,0,0,1022.8,7.937
23-Mar-12,0,13.1,0,7.1,0,1,0,0.5,1018.6,9.355
24-Mar-12,0,17.5,0,6.2,0,0.6,0,0,1020.8,9.917
25-Mar-12,0,20.7,0,6.6,0,0.9,0,0,1025.5,11.32
26-Mar-12,0,16.3,0,2.9,0,-2,0,0,1029.5,10.68
27-Mar-12,0,18.6,0,2.8,0,-1.7,0,0,1030.2,11.055
28-Mar-12,0,19.9,0,1.2,0,-3,0,0,1028.6,11.45
29-Mar-12,0,18.5,0,3.5,0,-1,0,0,1026.4,11.845
30-Mar-12,0,12.7,0,8.5,0,2.5,0,0,1022,11.925
31-Mar-12,0,12,0,2.5,0,5.3,0,0,1017.8,11.325
01-Apr-12,0,12.8,0,-0.4,0,-3.7,0,0,1015.5,9.9
02-Apr-12,0,10.6,0,6.2,0,5.3,0,2.6,1007.1,10.43
03-Apr-12,0,8.3,0,1.9,0,1.9,0,3,1003,8.592
04-Apr-12,0,8,0,1.4,0,0,0,0,1013,6.896
05-Apr-12,0,9,0,1.3,0,-2.5,0,0,1018,8.215
06-Apr-12,0,11.4,0,3.1,0,-1,0,0,1012.6,9.358
07-Apr-12,0,13.8,0,7.9,0,4.8,0,0,1010.1,11.282
08-Apr-12,0,12.6,0,7.4,0,7.2,0,0,1004.3,11.427
09-Apr-12,0,11.7,0,4.2,0,6.4,0,9.2,986.6,10.602
10-Apr-12,0,11.3,0,2.1,0,-0.6,0,0,982.8,9.484
11-Apr-12,0,13.8,0,1.6,0,-0.9,0,0,992.9,9.887
12-Apr-12,0,12.4,0,1.8,0,-1.6,0,0.1,999.5,9.745
13-Apr-12,0,10.3,0,1.7,0,-1.2,0,0,1001.2,9.935
14-Apr-12,0,9.5,0,1.9,0,-1.3,0,0,1008.4,8.75
15-Apr-12,0,8.7,0,-0.7,0,-5.7,0,0,1018,7.726
16-Apr-12,0,11,0,2.3,0,-3.5,0,1,1007,8.786
17-Apr-12,0,12.1,0,4.6,0,1.6,0,10.8,983.3,10.2
18-Apr-12,0,11.4,0,3.6,0,4.5,0,6.4,977.8,10.392
19-Apr-12,0,13,0,2.2,0,-2.3,0,4.2,984.8,9.294
20-Apr-12,0,11.2,0,3.9,0,0.4,0,2.7,987.8,9.71
21-Apr-12,0,14.1,0,3.4,0,-0.5,0,0.5,992.4,10.958
22-Apr-12,0,13.1,0,4.7,0,0,0,1.9,994.5,11.552
23-Apr-12,0,11.2,0,4.2,0,0.2,0,5.2,992,10.312
24-Apr-12,0,11.4,0,3.5,0,-1.2,0,4.1,991.2,9.707
25-Apr-12,0,8.2,0,6,0,2.1,0,22.3,981.5,8.3
26-Apr-12,0,9.7,0,6.4,0,6.1,0,6.5,989.6,8.45
27-Apr-12,0,9.5,0,2.8,0,4.5,0,0.2,1007.4,9.068
28-Apr-12,0,10.6,0,2.6,0,-1.6,0,0,1015.8,8.628
29-Apr-12,0,7.9,0,4.6,0,0.1,0,12,1008.6,7.432
30-Apr-12,0,13.1,0,6.5,0,4.5,0,0.3,1006.8,8.63
01-May-12,0,10.8,0,8.6,0,7.2,0,22.7,1014.6,9.38
02-May-12,0,12,0,7,0,7,0,0,1016.7,10.96
03-May-12,0,11.7,0,5.8,0,3.9,0,0,1009.3,11.34
04-May-12,0,10.9,0,5.8,0,2.1,0,0.2,1004.3,10.44
05-May-12,0,8.8,0,1.8,0,1,0,2.3,1007.6,10.365
06-May-12,0,9.3,0,-1.6,0,-5.5,0,0,1008,8.856
07-May-12,0,14.6,0,4.3,0,1.4,0,4.2,1002.5,10.58
08-May-12,0,13.7,0,4.3,0,-0.4,0,1.9,998.9,11.548
09-May-12,0,10.7,0,2.3,0,-0.8,0,4.9,998.2,10.238
10-May-12,0,11.2,0,7.3,0,7.3,0,9.7,999.2,10.967
11-May-12,0,12.6,0,3.8,0,5.5,0,1.1,1019.2,11.89
12-May-12,0,15.7,0,2,0,-2.4,0,0,1032.9,11.842
13-May-12,0,15.9,0,4.4,0,-0.9,0,0.1,1020.4,11.852
14-May-12,0,13.8,0,4.4,0,-0.6,0,1.1,1008.6,12.83
15-May-12,0,13.5,0,1.8,0,-0.5,0,0.3,1015.4,12.287
16-May-12,0,11.6,0,1.5,0,-2.8,0,0.8,1018.4,11.648
17-May-12,0,11.7,0,6.4,0,6.8,0,1.4,1010.2,11.472
18-May-12,0,12.2,0,7.5,0,5.6,0,2.9,1003.8,11.39
19-May-12,0,10.6,0,4.3,0,7.6,0,1,1006.5,10.43
20-May-12,0,13.6,0,5.5,0,0.1,0,0,1007.2,11.788
21-May-12,0,16.3,0,7.8,0,4.6,0,0,1006.7,14.602
22-May-12,0,19.5,0,6.3,0,2.1,0,0,1012,15.767
23-May-12,0,21.2,0,9.3,0,5.3,0,0,1019,18.108
24-May-12,0,21.1,0,8.7,0,3.6,0,0,1022.5,19.427
25-May-12,0,21.6,0,10.4,0,6.4,0,0,1018.8,20.04
26-May-12,0,21.5,0,12.3,0,6.8,0,0,1015.2,20.49
27-May-12,0,21.4,0,11.2,0,6.2,0,0,1013.1,21.2
28-May-12,0,22.8,0,10.5,0,7.2,0,0,1011.9,22.503
29-May-12,0,17.4,0,8.6,0,3.1,0,0,1011.8,18.432
30-May-12,0,20.1,0,10,0,5.2,0,1.9,1011.6,17.595
31-May-12,0,17.6,0,12.1,0,11.8,0,4.9,1012.8,17.483
01-Jun-12,0,18.2,0,12.4,0,14,0,0.7,1013.4,17.722
02-Jun-12,0,16.2,0,11.4,0,11.6,0,11.8,1006.5,16.542
03-Jun-12,0,11.4,0,7.9,0,9.8,0,18.7,1004.4,12.855
04-Jun-12,0,14.1,0,7.3,0,5.8,0,0,1011.4,15.323
05-Jun-12,0,13.4,0,7.6,0,6.1,0,1.9,1002.1,14.09
06-Jun-12,0,19,0,10.7,0,11.8,0,1.2,992.7,16.38
07-Jun-12,0,14.1,0,10.5,0,8.3,0,18,984.9,14.215
08-Jun-12,0,13.1,0,8.7,0,12.5,0,16.2,988.8,13.61
09-Jun-12,0,17.9,0,8.1,0,9.2,0,0.4,1001.8,14.738
10-Jun-12,0,17.7,0,7.1,0,4.7,0,0,1002.5,16.177
11-Jun-12,0,17.7,0,10.8,0,10.6,0,0,1001.7,18.76
12-Jun-12,0,14.1,0,9.4,0,9.6,0,2.4,1006,16.37
13-Jun-12,0,14.6,0,8.9,0,9,0,1.9,1009,15.13
14-Jun-12,0,14.7,0,10.6,0,7.2,0,13,1002.6,14.337
15-Jun-12,0,16.4,0,11.2,0,11.1,0,3,992.3,14.387
16-Jun-12,0,16,0,10.4,0,10.3,0,7.4,995.7,15.47
17-Jun-12,0,15.1,0,8.1,0,9.1,0,0.6,1007.6,15.587
18-Jun-12,0,17.3,0,6.2,0,3.2,0,4.2,1009.1,15.585
19-Jun-12,0,18.8,0,6.4,0,3,0,0,1010.7,16.295
20-Jun-12,0,17.1,0,7.2,0,4.5,0,2.1,1008.2,17.608
21-Jun-12,0,15.7,0,10.5,0,12.1,0,12.9,999.3,15.985
22-Jun-12,0,16.5,0,10.1,0,12.3,0,8.3,1000.6,15.198
23-Jun-12,0,17.7,0,10.2,0,8.3,0,1.2,1006.2,15.34
24-Jun-12,0,19.1,0,9.7,0,11.6,0,3.9,1007.1,17.265
25-Jun-12,0,16.8,0,8.1,0,6.4,0,0,1012,16.77
26-Jun-12,0,23,0,12.6,0,10.5,0,0,1010.2,18.233
27-Jun-12,0,23.8,0,15.2,0,14,0,12.2,1006.5,20.475
28-Jun-12,0,21.9,0,13.7,0,14.1,0,17.1,995.5,20.045
29-Jun-12,0,20.6,0,13,0,11.1,0,0.8,989.2,19.615
30-Jun-12,0,15.8,0,10,0,12.1,0,4.6,997.1,18.288
01-Jul-12,0,17.3,0,10.3,0,7.4,0,0.7,1002.8,17.148
02-Jul-12,0,20.8,0,13.8,0,13.2,0,4,1001.6,18.302
03-Jul-12,0,17.4,0,13.4,0,10.6,0,2.6,1000.4,17.432
04-Jul-12,0,19.7,0,11.7,0,13.2,0,3.8,1000.4,17.965
05-Jul-12,0,20.3,0,10.3,0,5.9,0,0,1004.3,18.387
06-Jul-12,0,17.3,0,10.3,0,6.5,0,14.3,1003,16.055
07-Jul-12,0,19.8,0,13.2,0,13.2,0,0,1002.3,18.538
08-Jul-12,0,14.6,0,11.1,0,10,0,2.7,1004.2,16.498
09-Jul-12,0,17,0,10.2,0,10,0,8.4,1006.2,16.065
10-Jul-12,0,18.7,0,9.4,0,8.3,0,0.5,1005.8,16.915
11-Jul-12,0,17.2,0,7.9,0,9.5,0,2.2,1006.6,17.76
12-Jul-12,0,16.1,0,6.4,0,3,0,2.5,1003.1,15.682
13-Jul-12,0,16.7,0,10.8,0,10.6,0,1.6,997.3,15.812
14-Jul-12,0,15.4,0,9.6,0,8.2,0,0,1002.7,15.86
15-Jul-12,0,18.3,0,7.2,0,3.4,0,1,1008.8,16.22
16-Jul-12,0,19.6,0,12.9,0,10.6,0,12.2,1010.5,17.253
17-Jul-12,0,24.2,0,13.5,0,13.6,0,9.3,1011.2,20.005
18-Jul-12,0,19.5,0,11.8,0,13.4,0,0.6,1004.7,19.253
19-Jul-12,0,17.2,0,9.7,0,6.5,0,0,1006.8,17.225
20-Jul-12,0,17.6,0,8.2,0,9.5,0,0,1013.6,17.485
21-Jul-12,0,20.6,0,6.3,0,2.4,0,0,1017.8,18.147
22-Jul-12,0,21.9,0,13,0,10.2,0,0,1014.9,19.167
23-Jul-12,0,24.3,0,16.7,0,16.9,0,1.5,1010.3,23.042
24-Jul-12,0,18.6,0,15.2,0,16.8,0,13.4,1011.6,20.423
25-Jul-12,0,19.1,0,10,0,13.5,0,0.6,1014.5,19.57
26-Jul-12,0,22.2,0,8.9,0,5.2,0,0,1013.8,19.055
27-Jul-12,0,19.2,0,9,0,6.1,0,0.1,1010.4,19.093
28-Jul-12,0,17.4,0,8.5,0,3.9,0,5.3,1005.9,17.288
29-Jul-12,0,17.1,0,9.1,0,6.4,0,5.1,1005.9,17.17
30-Jul-12,0,19.1,0,8.1,0,3.6,0,0.5,1007.6,17.478
31-Jul-12,0,16.7,0,11.2,0,10.6,0,5.4,1001.8,16.79
01-Aug-12,0,20.3,0,11.2,0,12.9,0,1.6,994.7,17.632
02-Aug-12,0,20.9,0,9.8,0,5.1,0,0,999.6,17.573
03-Aug-12,0,20.6,0,13.2,0,11.1,0,4.9,999.4,17.66
04-Aug-12,0,18.5,0,10.7,0,12.7,0,1.9,999.9,17.995
05-Aug-12,0,17.9,0,10,0,5.6,0,1.4,1000.9,16.683
06-Aug-12,0,18.1,0,10.9,0,11.4,0,1.5,1004.9,17.403
07-Aug-12,0,18.3,0,11.2,0,11.9,0,0,1011.8,17.353
08-Aug-12,0,19.1,0,9.4,0,5.7,0,0,1017.6,17.698
09-Aug-12,0,21.7,0,13,0,13,0,0,1020.9,19.14
10-Aug-12,0,22,0,12,0,8.5,0,0,1019.8,20.025
11-Aug-12,0,20.3,0,12.8,0,8.5,0,0,1012.1,20.017
12-Aug-12,0,18.9,0,15.1,0,13.3,0,3,1003.4,18.62
13-Aug-12,0,23.4,0,15.1,0,13.9,0,2.8,997.7,19.783
14-Aug-12,0,23.4,0,14.2,0,11.3,0,0.1,1001,19.84
15-Aug-12,0,18.8,0,15.3,0,13.4,0,13.5,993.7,17.542
16-Aug-12,0,20.6,0,14.4,0,11.4,0,3.3,996.1,17.513
17-Aug-12,0,22.7,0,15,0,14.4,0,2.9,998.5,19.158
18-Aug-12,0,22.6,0,15.9,0,13.4,0,0,1005.2,20.4
19-Aug-12,0,20.7,0,12.2,0,8.1,0,0,1009,18.4
20-Aug-12,0,23.1,0,12.3,0,7.9,0,0,1010.4,19.587
21-Aug-12,0,21.4,0,12.2,0,9.6,0,5.3,1008.6,19.385
22-Aug-12,0,20.5,0,11.9,0,8.6,0,0,1008.8,18.347
23-Aug-12,0,18.6,0,12.4,0,10.2,0,0,1005,17.415
24-Aug-12,0,16.4,0,12,0,10.1,0,4.2,996.5,16.038
25-Aug-12,0,18.7,0,9.6,0,12.8,0,3.5,999.8,16.88
26-Aug-12,0,19.5,0,8.4,0,3.4,0,0,1007.1,16.04
27-Aug-12,0,19.6,0,11.7,0,11.9,0,7.6,998.8,16.972
28-Aug-12,0,19.2,0,10.7,0,6.8,0,0.1,1000.9,15.52
29-Aug-12,0,18.8,0,11.9,0,10,0,6.5,999.5,16.235
30-Aug-12,0,17.4,0,8.2,0,7.4,0,0.1,1014.2,15.577
31-Aug-12,0,16.7,0,7.8,0,3.6,0,0.2,1023.1,14.528
01-Sep-12,0,21.3,0,12.5,0,9.9,0,0,1017.5,17.065
02-Sep-12,0,20.3,0,11.9,0,14.1,0,0.1,1018.2,18.885
03-Sep-12,0,23.1,0,10.2,0,6.2,0,0,1019.2,18.403
04-Sep-12,0,19.2,0,8.9,0,14.1,0,1.1,1020,19.077
05-Sep-12,0,19.1,0,7.4,0,2.5,0,0,1024.6,16.573
06-Sep-12,0,21.4,0,7.2,0,2.2,0,0,1020.8,17.097
07-Sep-12,0,21.8,0,12.8,0,10.2,0,0,1018.2,19.29
08-Sep-12,0,22.2,0,9.4,0,12.8,0,0,1011.4,20.612
09-Sep-12,0,20.7,0,8.4,0,4.3,0,0,1000.4,16.945
10-Sep-12,0,15.7,0,8.9,0,10,0,6.2,999.7,16.38
11-Sep-12,0,14.8,0,6.7,0,2.2,0,0.2,1005.9,14.095
12-Sep-12,0,17.5,0,6.6,0,3.3,0,1.3,1010.9,14.743
13-Sep-12,0,18.6,0,5.6,0,1.2,0,0,1009.7,14.592
14-Sep-12,0,18.3,0,10.1,0,9,0,1.5,1007.9,15.987
15-Sep-12,0,17.1,0,11.2,0,5.1,0,0,1009.3,15.22
16-Sep-12,0,18.5,0,8.9,0,10.3,0,2.3,1003.4,15.552
17-Sep-12,0,16.1,0,8.4,0,3.8,0,0.1,1002.8,13.535
18-Sep-12,0,14.9,0,6.2,0,1.3,0,0.9,1010,12.65
19-Sep-12,0,15.5,0,4.7,0,-0.8,0,0.4,1015.8,11.948
20-Sep-12,0,15.9,0,10.1,0,6.6,0,0.4,1011.6,13.767
21-Sep-12,0,13.9,0,3.3,0,5.9,0,5.2,1012.8,13.485
22-Sep-12,0,14.5,0,1.7,0,-3,0,0,1013.3,10.575
23-Sep-12,0,14.4,0,3,0,-1.6,0,0.1,1002.1,10.275
24-Sep-12,0,10.4,0,8.5,0,4.2,0,32.6,987,10.955
25-Sep-12,0,11,0,8.5,0,8.2,0,12.8,980,10.855
26-Sep-12,0,15.2,0,7.1,0,8.8,0,11.3,991.2,11.9
27-Sep-12,0,13.7,0,6.6,0,1.9,0,0,1003,11.257
28-Sep-12,0,14.5,0,6.9,0,4,0,3.9,1005.2,11.825
29-Sep-12,0,15.6,0,5.4,0,0.4,0,0.1,1010.8,10.778
30-Sep-12,0,17,0,10.1,0,9.8,0,1.9,1005.1,13.45
01-Oct-12,0,15.5,0,8.5,0,3.3,0,0.9,1000.7,12.307
02-Oct-12,0,15.6,0,7.4,0,3.9,0,1.6,995,11.435
03-Oct-12,0,13.6,0,5.3,0,2.2,0,3.5,995.3,10.312
04-Oct-12,0,13.6,0,6.4,0,-0.3,0,3.6,998.2,11.14
05-Oct-12,0,12.2,0,5.9,0,1.3,0,0.1,999.7,10.195
06-Oct-12,0,15.2,0,3.2,0,-1.8,0,0,1009.3,9.889
07-Oct-12,0,13.2,0,3.2,0,-1.4,0,0,1014.8,10.04
08-Oct-12,0,12.4,0,6.4,0,8,0,3.6,1010.7,11.163
09-Oct-12,0,13.4,0,2.3,0,-2.4,0,0,1010.7,9.167
10-Oct-12,0,14.8,0,3.2,0,-1.8,0,0,1004.7,9.99
11-Oct-12,0,13.9,0,5.3,0,11.5,0,9.5,996.3,11.953
12-Oct-12,0,13.2,0,3.7,0,-0.9,0,0.1,999.8,9.3
13-Oct-12,0,12.5,0,2.5,0,-2.3,0,0.4,999.3,8.198
14-Oct-12,0,10.5,0,3.3,0,-2.8,0,5.1,998,8.134
15-Oct-12,0,11,0,5.5,0,1.3,0,3.6,990.1,9.793
16-Oct-12,0,13,0,5.5,0,2.7,0,0.5,986.9,9.997
17-Oct-12,0,13.1,0,5.8,0,0.2,0,24,983.1,10.055
18-Oct-12,0,15.3,0,6.4,0,3.5,0,5,988.5,10.075
19-Oct-12,0,12.9,0,4.7,0,-0.1,0,0.1,999.7,10.065
20-Oct-12,0,15.1,0,7.6,0,7.2,0,0,1006.5,10.96
21-Oct-12,0,13.8,0,5.3,0,-0.8,0,0,1012.4,8.762
22-Oct-12,0,14.8,0,5.4,0,-0.1,0,0,1016.8,9.472
23-Oct-12,0,12.6,0,11.5,0,9.7,0,1.2,1020.4,11.592
24-Oct-12,0,13.1,0,11.6,0,11,0,0.4,1017.3,11.783
25-Oct-12,0,12.4,0,9.8,0,10.6,0,0.3,1013.4,11.398
26-Oct-12,0,9.8,0,1.9,0,4.8,0,1.3,1015,8.601
27-Oct-12,0,8.8,0,0.1,0,-3.6,0,0,1018.4,5.741
28-Oct-12,0,8.6,0,6,0,-1.7,0,3.2,1006.8,7.927
29-Oct-12,0,9.3,0,2.9,0,-0.8,0,0,1002.6,8.09
30-Oct-12,0,10.1,0,2.4,0,-2.9,0,0.1,994.4,6.887
31-Oct-12,0,8.7,0,0.7,0,4.8,0,4.6,977.1,7.4
01-Nov-12,0,7.3,0,0.5,0,-5.2,0,1.3,972.9,5.325
02-Nov-12,0,8.8,0,1.9,0,-1.2,0,0.3,980.4,4.996
03-Nov-12,0,7.9,0,0.5,0,-5.6,0,0,984.9,3.663
04-Nov-12,0,8.3,0,5.2,0,-1.1,0,5.1,988.4,4.99
05-Nov-12,0,10.1,0,1.4,0,-4.1,0,0,1004.7,4.682
06-Nov-12,0,11.6,0,2.3,0,-4.1,0,0.1,1016.8,5.741
07-Nov-12,0,11.5,0,8.1,0,2.7,0,0.2,1016,7.941
08-Nov-12,0,11,0,6.9,0,2,0,0,1009.4,8.118
09-Nov-12,0,10.4,0,4.9,0,1.7,0,5.1,998.1,7.827
10-Nov-12,0,8.8,0,2.4,0,-3.5,0,0.2,992.7,5.064
11-Nov-12,0,8.6,0,1.7,0,-3,0,0.6,1003.8,4.388
12-Nov-12,0,14.2,0,6.2,0,-1,0,1.3,1007.4,8.328
13-Nov-12,0,14,0,12.1,0,7.7,0,1,1011.5,10.182
14-Nov-12,0,14,0,5.8,0,6.7,0,0,1016.3,10.04
15-Nov-12,0,13.1,0,5.9,0,0.2,0,0,1015,8.512
16-Nov-12,0,8.3,0,4.2,0,-0.3,0,0.4,1006.7,7.253
17-Nov-12,0,8,0,2.7,0,-0.8,0,0.6,1003,6.327
18-Nov-12,0,11.5,0,-0.5,0,-6.2,0,3.4,1000.2,4.051
19-Nov-12,0,14.5,0,8.9,0,-2.2,0,1.8,991.1,8.625
20-Nov-12,0,13.3,0,6.8,0,2.4,0,0,993,7.855
21-Nov-12,0,11,0,2.9,0,-1.4,0,2.6,998.2,5.632
22-Nov-12,0,12.7,0,5.3,0,-0.6,0,7,991.8,6.906
23-Nov-12,0,7.9,0,0.4,0,-2,0,0,1000.8,3.915
24-Nov-12,0,5.6,0,-1.7,0,-6.2,0,5.5,1002.1,2.433
25-Nov-12,0,6,0,-0.1,0,-3,0,21,994.9,3.888
26-Nov-12,0,7.6,0,4.2,0,-2.3,0,8.2,1000.2,4.676
27-Nov-12,0,6.9,0,0.8,0,-1.4,0,0,1010,2.612
28-Nov-12,0,7,0,-1.4,0,-6.8,0,0,1015.2,1.359
29-Nov-12,0,4.6,0,-0.6,0,-6.7,0,0,1010.4,0.922
30-Nov-12,0,7.9,0,-1,0,-5.8,0,0,1007.7,1.138
01-Dec-12,0,5.2,0,-0.1,0,-5.6,0,0,1012,1.358
02-Dec-12,0,9.9,0,-0.8,0,-7,0,3.9,1006.9,1.574
03-Dec-12,0,9.9,0,2.3,0,-0.2,0,0.5,1000.9,3.314
04-Dec-12,0,6.1,0,1.8,0,-1.8,0,0.1,998.4,2.105
05-Dec-12,0,3.8,0,-1.4,0,-7.3,0,0.5,1006.4,1.901
06-Dec-12,0,6.5,0,-1.2,0,-7.2,0,7,1001.9,1.963
07-Dec-12,0,7.4,0,0.7,0,-1.7,0,0.6,1006.2,1.792
08-Dec-12,0,7.4,0,-0.3,0,-6.2,0,0.1,1019.4,2.016
09-Dec-12,0,8.1,0,0,0,-1.5,0,0,1017.3,4.181
10-Dec-12,0,5.4,0,-2.4,0,-8.6,0,0,1021.2,1.531
11-Dec-12,0,3.7,0,-3.4,0,-8.9,0,0,1021.4,0.805
12-Dec-12,0,6.7,0,-1.4,0,-7.6,0,0.2,1009.9,0.605
13-Dec-12,0,5.3,0,-0.9,0,-6.6,0,0,993.6,1.141
14-Dec-12,0,8.2,0,5,0,-2.9,0,2.3,975.4,4.053
15-Dec-12,0,9.1,0,4.8,0,1.3,0,0.1,979,3.609
16-Dec-12,0,9.8,0,4.5,0,-2.2,0,2,985.9,2.618
17-Dec-12,0,7.7,0,5.7,0,0.5,0,2,995.2,4.06
18-Dec-12,0,7.7,0,2.1,0,-2.9,0,0,1007.8,3.667
19-Dec-12,0,9.9,0,6.7,0,-0.5,0,2.7,1002.6,5.379
20-Dec-12,0,8.3,0,6.2,0,3.6,0,2,994.6,6.282
21-Dec-12,0,8.9,0,4.2,0,1.3,0,2.2,1000.5,6.055
22-Dec-12,0,14.1,0,8.1,0,-0.7,0,6.1,990.1,7.677
23-Dec-12,0,13,0,6.5,0,4.3,0,0.5,988.5,7.021
24-Dec-12,0,9.4,0,5.2,0,1.2,0,0.2,988.9,5.552
25-Dec-12,0,7.5,0,3.6,0,-1.3,0,1.6,987.6,4.717
26-Dec-12,0,8.8,0,4.5,0,-0.5,0,2.5,991.1,3.851
27-Dec-12,0,7.2,0,3.4,0,-0.2,0,0.9,998.6,3.247
28-Dec-12,0,12.9,0,5.5,0,-0.8,0,3.5,996.7,6.411
29-Dec-12,0,10.2,0,2.7,0,2,0,1.3,988.6,6.107
30-Dec-12,0,11,0,2.2,0,-0.5,0,2,994,4.272
31-Dec-12,0,11.1,0,2.9,0,1.5,0,2.7,989.6,6.202
01-Jan-13,0,6.2,0,1.8,0,-2.2,0,0.1,1003.6,2.998
02-Jan-13,0,12.2,0,5.7,0,-1.6,0,0,1016,6.214
03-Jan-13,0,12.9,0,10.4,0,8.7,0,0,1024,8.533
04-Jan-13,0,11,0,4.5,0,1.1,0,0,1027.4,7.775
05-Jan-13,0,12,0,4,0,-0.8,0,0,1023.9,6.516
06-Jan-13,0,11.2,0,4.2,0,-0.9,0,0.1,1021.6,6.551
07-Jan-13,0,12,0,8.6,0,5.6,0,1.7,1014.2,8.02
08-Jan-13,0,12.3,0,1.2,0,8.6,0,1,1014.8,8.004
09-Jan-13,0,6,0,-1.9,0,-7.5,0,0,1015.5,2.842
10-Jan-13,0,6.6,0,-2.1,0,-8,0,1.6,1009.9,2.148
11-Jan-13,0,8,0,-1.1,0,-7.4,0,0,1007.7,2.08
12-Jan-13,0,7.4,0,3.5,0,-2.3,0,0.1,1007.4,3.72
13-Jan-13,0,3.6,0,-1.7,0,-6.7,0,1.2,1014.2,2.406
14-Jan-13,0,5.9,0,0.6,0,-3.5,0,2,1010,3.125
15-Jan-13,0,4.1,0,-1.2,0,-6.5,0,0,1004.8,1.559
16-Jan-13,0,5.6,0,3.6,0,-3.7,0,3.9,1003.3,2.681
17-Jan-13,0,8.8,0,4.2,0,-0.5,0,0.8,1000.2,4.729
18-Jan-13,0,5.3,0,1.5,0,0.2,0,18.3,989.7,3.841
19-Jan-13,0,3.9,0,1.5,0,0.8,0,2,991.4,3.507
20-Jan-13,0,3.2,0,1.9,0,0.1,0,0.1,992.7,2.514
21-Jan-13,0,3.2,0,-0.6,0,-0.1,0,8.6,988.5,2.079
22-Jan-13,0,1.7,0,-3.9,0,-9.4,0,0,995.4,1.286
23-Jan-13,0,4.1,0,-1.4,0,-6.9,0,0.1,1003.2,1.444
24-Jan-13,0,5.5,0,1.4,0,-0.5,0,0,1008,2.596
25-Jan-13,0,8.7,0,4.8,0,1.1,0,18.4,997.8,4.385
26-Jan-13,0,12.1,0,2.1,0,-4.1,0,1.7,987.8,3.98
27-Jan-13,0,11.9,0,2.3,0,-1.9,0,5.9,983.6,4.628
28-Jan-13,0,10.9,0,2.5,0,-1.3,0,1.5,986.7,3.539
29-Jan-13,0,14.1,0,6.4,0,0.9,0,3.6,986.3,5.971
30-Jan-13,0,9.4,0,5,0,1.5,0,3.8,996,4.924
31-Jan-13,0,10,0,4.3,0,1.2,0,7.1,997.8,4.746
01-Feb-13,0,7.2,0,1,0,-0.3,0,0,999.1,3.765
02-Feb-13,0,6.6,0,-0.8,0,-7.5,0,0,1013.5,2.243
03-Feb-13,0,10.7,0,4.7,0,-6.1,0,2.7,1010.2,5.306
04-Feb-13,0,9.6,0,0.6,0,2.5,0,3.6,1003.7,5.692
05-Feb-13,0,6.9,0,-0.1,0,-2.9,0,0.7,996.5,3.278
06-Feb-13,0,6.7,0,-0.3,0,-4.4,0,0,1010.7,2.551
07-Feb-13,0,7,0,0.1,0,-7.1,0,5.7,1013.6,2.201
08-Feb-13,0,7.8,0,3.2,0,-0.9,0,0,1018.5,3.673
09-Feb-13,0,10.1,0,4.8,0,0.7,0,2.8,1008.6,5.664
10-Feb-13,0,7.3,0,4.4,0,3,0,19.2,991.6,5.976
11-Feb-13,0,4.7,0,3.5,0,3.1,0,1.8,994.5,4.9
12-Feb-13,0,5.5,0,3.4,0,2.6,0,1.4,1007.2,4.948
13-Feb-13,0,12.3,0,5.2,0,3.3,0,7,1003.9,6.424
14-Feb-13,0,10.2,0,4.1,0,-0.1,0,0.2,1005.7,5.946
15-Feb-13,0,10.4,0,3,0,-1.5,0,0,1013.3,4.953
16-Feb-13,0,12.6,0,4.1,0,-1.7,0,0.6,1012.6,6.654
17-Feb-13,0,10.3,0,5.4,0,4.3,0,0,1010.2,6.941
18-Feb-13,0,8.7,0,3.1,0,-0.9,0,0,1011.2,5.313
19-Feb-13,0,8.7,0,-2.2,0,-7.9,0,0,1012.3,3.911
20-Feb-13,0,8,0,0.9,0,-5.6,0,0,1013.7,3.752
21-Feb-13,0,4.2,0,1.8,0,1.2,0,0,1016,3.733
22-Feb-13,0,2.8,0,1,0,-1.8,0,0,1017.1,2.741
23-Feb-13,0,2.8,0,0.9,0,-0.6,0,0.3,1020,2.604
24-Feb-13,0,5.1,0,-1.4,0,-7.5,0,0.6,1023.7,2.295
25-Feb-13,0,7.4,0,-2.3,0,-7.1,0,0,1027.6,2.95
26-Feb-13,0,6.4,0,-1.3,0,-6.9,0,0,1030.4,3.224
27-Feb-13,0,7,0,1.7,0,3.8,0,0,1031.9,5.033
28-Feb-13,0,7,0,0,0,-4,0,0,1028.9,4.597
01-Mar-13,0,8.9,0,0,0,-5.2,0,0,1027.1,5.102
02-Mar-13,0,7.8,0,-3,0,-8.5,0,0,1023.3,4.036
03-Mar-13,0,8.9,0,3.1,0,1.4,0,0,1016,5.565
04-Mar-13,0,7.5,0,0.2,0,-3.3,0,0,1006.4,5.186
05-Mar-13,0,9.4,0,-2.7,0,-7.7,0,0,998.1,4.443
06-Mar-13,0,8.6,0,5.1,0,2.4,0,13.2,993.6,6.255
07-Mar-13,0,8,0,6.9,0,6.3,0,9,989.1,6.901
08-Mar-13,0,10,0,7,0,6.7,0,3.5,989.5,7.803
09-Mar-13,0,7.9,0,4.5,0,6.9,0,3.9,996.6,7.331
10-Mar-13,0,4.6,0,1.1,0,2.7,0,0.2,1004.2,4.664
11-Mar-13,0,2.7,0,-1.9,0,-2.5,0,1,1010.4,2.358
12-Mar-13,0,5,0,-2,0,-5.3,0,0,1011.7,3.174
13-Mar-13,0,8.6,0,-1.3,0,-7.8,0,0.6,1010.9,3.824
14-Mar-13,0,9.1,0,-1.9,0,-8.5,0,1.4,1006.8,4.204
15-Mar-13,0,10.6,0,-0.3,0,1.4,0,0.9,994.4,6.21
16-Mar-13,0,8.8,0,-2.3,0,-7.1,0,0,986.9,4.956
17-Mar-13,0,5.7,0,0.1,0,-4.9,0,7.9,983.5,3.865
18-Mar-13,0,7.4,0,0.6,0,-4.2,0,4.6,986.8,4.727
19-Mar-13,0,3.8,0,0.7,0,0.5,0,5.1,992.8,4.183
20-Mar-13,0,7.3,0,0.3,0,-2.9,0,0.2,1000.3,5.001
21-Mar-13,0,6,0,3.6,0,-2,0,16.5,1001.1,4.57
22-Mar-13,0,5.2,0,3.2,0,3.5,0,18.3,996.7,4.693
23-Mar-13,0,4.2,0,2.4,0,2.7,0,0.7,1003.6,4.207
24-Mar-13,0,2.6,0,1.4,0,0.9,0,0,1009.8,2.705
25-Mar-13,0,3.8,0,1.5,0,-0.1,0,0,1012.9,2.334
26-Mar-13,0,3.9,0,-0.1,0,-0.8,0,2.8,1012.2,2.518
27-Mar-13,0,3.3,0,-0.3,0,-2.7,0,5.3,1010.4,1.895
28-Mar-13,0,5.2,0,-0.6,0,-2.1,0,2,1009,3.305
29-Mar-13,0,4.3,0,1.4,0,-1.2,0,0,1005.9,4.062
30-Mar-13,0,5.6,0,0.6,0,-2.4,0,0,1007,4.643
31-Mar-13,0,5,0,2.6,0,-5.7,0,0,1006.2,3.731
01-Apr-13,0,4.3,0,2.2,0,-2.1,0,0,1006.3,2.827
02-Apr-13,0,7.1,0,0.9,0,-3.4,0,0,1012,4.549
03-Apr-13,0,7.3,0,0.8,0,-5.7,0,0,1016.5,5.069
04-Apr-13,0,7.8,0,-1.5,0,-8.9,0,0,1016.7,4.935
05-Apr-13,0,6.9,0,-1.7,0,-6.2,0,1,1018.2,4.776
06-Apr-13,0,9.2,0,-3.8,0,-9.6,0,0,1019.3,5.534
07-Apr-13,0,8.3,0,-0.9,0,-7.7,0,0,1010.2,5.669
08-Apr-13,0,9,0,4.1,0,-2.3,0,0,998.1,7.059
09-Apr-13,0,7.2,0,2.8,0,-0.5,0,0,995,5.648
10-Apr-13,0,8.9,0,4.3,0,-2.6,0,0.5,994.6,6.349
11-Apr-13,0,9.6,0,5.7,0,1.3,0,14.2,988.5,7.337
12-Apr-13,0,12.2,0,4.5,0,-0.1,0,0.8,992.8,8.75
13-Apr-13,0,14,0,2.7,0,-3.1,0,0.3,994.8,8.06
14-Apr-13,0,14.6,0,9.3,0,8.3,0,3,992.5,11.09
15-Apr-13,0,16.6,0,9.6,0,5.4,0,0.3,998.1,11.34
16-Apr-13,0,14.9,0,5.8,0,5.4,0,0.1,999.9,11.735
17-Apr-13,0,15.2,0,8.4,0,-0.1,0,1,994.8,11.552
18-Apr-13,0,11.9,0,5.3,0,4.1,0,6.8,1000.1,10.65
19-Apr-13,0,13.7,0,3.3,0,-1.2,0,0.1,1020.6,10.275
20-Apr-13,0,14.2,0,2.1,0,-2.2,0,0,1021.2,9.792
21-Apr-13,0,13.6,0,5.9,0,3.9,0,3.1,1012.4,11.14
22-Apr-13,0,15.8,0,6.2,0,0.3,0,0.3,1006.4,11.035
23-Apr-13,0,17,0,7.6,0,3.5,0,0,1011.7,12.44
24-Apr-13,0,14.6,0,7.3,0,5.3,0,4.8,1015.1,12.455
25-Apr-13,0,13.1,0,4.4,0,7.3,0,8.6,1015.6,11.788
26-Apr-13,0,10.7,0,2,0,-0.6,0,0.6,1013.9,10.097
27-Apr-13,0,11.3,0,2.5,0,-0.5,0,0,1015.1,10.37
28-Apr-13,0,13.1,0,4.3,0,4.4,0,0.7,1009.2,11.198
29-Apr-13,0,13.6,0,3.6,0,1,0,0.2,1013.6,11.115
30-Apr-13,0,11.9,0,1.6,0,-3.5,0,0,1021.1,10.615
01-May-13,0,15.7,0,3.5,0,-2.2,0,0.1,1019.6,12.315
02-May-13,0,16.4,0,2.7,0,-2.5,0,0,1017.3,13.125
03-May-13,0,14.8,0,8.6,0,8.2,0,2.2,1009.9,12.99
04-May-13,0,15.8,0,7.5,0,5.1,0,0.3,1007.2,13.54
05-May-13,0,17.5,0,10.6,0,8.3,0,0,1011.8,15.185
06-May-13,0,18.8,0,7.4,0,7.6,0,0.3,1011.7,16.972
07-May-13,0,17.7,0,6.2,0,1.6,0,0.1,1004.6,16.532
08-May-13,0,16.6,0,7.7,0,9.6,0,7.6,992.6,14.922
09-May-13,0,13.2,0,7.7,0,4.5,0,3.4,989.8,12.052
10-May-13,0,14.7,0,5.7,0,6.7,0,2.4,998.9,13.24
11-May-13,0,12.1,0,5.1,0,1,0,3.2,1004.4,12.635
12-May-13,0,15.1,0,5,0,1.1,0,1.3,1006.1,12.045
13-May-13,0,11.8,0,4.8,0,2.1,0,1.8,1002.6,12.14
14-May-13,0,14.5,0,3.8,0,-0.1,0,0,994.7,12.422
15-May-13,0,12.5,0,4.4,0,0.9,0,1.2,993,12.757
16-May-13,0,10.3,0,2.1,0,-1.9,0,0.9,995.5,11.37
17-May-13,0,13.6,0,1.2,0,-3.2,0,0,1003,12.163
18-May-13,0,12.1,0,6.6,0,3,0,1.1,1004.3,12.375
19-May-13,0,16,0,8.6,0,7.3,0,0.1,1007.6,15.74
20-May-13,0,15.4,0,9.8,0,9.1,0,0,1013.1,15.307
21-May-13,0,17.8,0,8.6,0,8.5,0,0,1015.8,16.35
22-May-13,0,14.2,0,6.8,0,4.1,0,0,1018.1,16.045
23-May-13,0,11.8,0,3.8,0,-0.6,0,0,1015,13.693
24-May-13,0,14.1,0,4.3,0,2.3,0,0.1,1014.8,14.12
25-May-13,0,16.2,0,2.8,0,-1.5,0,0.1,1016.8,15.958
26-May-13,0,17.9,0,9.5,0,5.3,0,0.7,1008.8,17.835
27-May-13,0,14.6,0,5.7,0,8.4,0,8.4,996.4,15.948
28-May-13,0,14.3,0,4.5,0,-1,0,3.2,996.8,14.725
29-May-13,0,19.5,0,9.1,0,8.4,0,3.9,1005,16.337
30-May-13,0,20.4,0,8.4,0,3.4,0,0,1012.8,17.858
31-May-13,0,16.1,0,5.8,0,1.1,0,0,1017.9,16.513
01-Jun-13,0,15.2,0,5,0,-0.6,0,0.4,1022.2,15.398
02-Jun-13,0,17.2,0,7.1,0,2,0,0,1024.8,16.19
03-Jun-13,0,19,0,9,0,8.7,0,0,1026.6,19.135
04-Jun-13,0,19.2,0,7.9,0,2.5,0,0,1022.7,19.512
05-Jun-13,0,18.2,0,7,0,1.7,0,0,1017.1,19.972
06-Jun-13,0,17.8,0,8.2,0,2.3,0,0,1017.4,20.17
07-Jun-13,0,20.3,0,8.1,0,2.6,0,0,1019.6,20.747
08-Jun-13,0,20.5,0,7.6,0,1.9,0,0,1016.8,21.385
09-Jun-13,0,20.6,0,7.9,0,1.9,0,0,1011.2,21.345
10-Jun-13,0,19.1,0,7.7,0,2.4,0,6.3,1006.2,20.515
11-Jun-13,0,19.8,0,10.4,0,10.1,0,10.7,1000.7,17.798
12-Jun-13,0,16.8,0,11.6,0,11.8,0,5.8,997.8,17.22
13-Jun-13,0,17.3,0,7.5,0,10.2,0,3.3,1001.1,17.145
14-Jun-13,0,17,0,7.6,0,3,0,2.1,998.4,15.108
15-Jun-13,0,18.7,0,6.9,0,2.1,0,0.9,998,15.682
16-Jun-13,0,18,0,10.2,0,8.9,0,2.9,1005.2,16.923
17-Jun-13,0,16.4,0,9.5,0,10.7,0,2.8,1010.2,16
18-Jun-13,0,21.1,0,7.2,0,3.7,0,0,1010.1,17.513
19-Jun-13,0,20.2,0,9.9,0,9.7,0,0,1012,19.778
20-Jun-13,0,20.3,0,9.4,0,4.9,0,0,1007.2,19.94
21-Jun-13,0,19.7,0,11.9,0,13.3,0,0.9,1000.5,20.337
22-Jun-13,0,17.9,0,11.3,0,9.2,0,3.2,994,18.638
23-Jun-13,0,15.1,0,8.8,0,9.8,0,0.3,1006.7,16.462
24-Jun-13,0,17.2,0,7.9,0,3.5,0,0,1018.3,16.753
25-Jun-13,0,18.5,0,7.7,0,3.2,0,0,1023.1,17.58
26-Jun-13,0,19.5,0,11.2,0,8,0,0,1026.8,19.785
27-Jun-13,0,17.8,0,9.6,0,4.9,0,3.3,1022.9,17.5
28-Jun-13,0,18.8,0,11.6,0,13.4,0,0.1,1016.3,17.717
29-Jun-13,0,22.5,0,10.3,0,6.8,0,0,1017.9,17.642
30-Jun-13,0,18.9,0,11.5,0,9.3,0,0.7,1013.9,18.312
01-Jul-13,0,18.3,0,9.5,0,4.8,0,0,1009,17.868
02-Jul-13,0,18.1,0,12,0,9.9,0,5.2,999.5,16.705
03-Jul-13,0,20.1,0,11.5,0,9.6,0,0.8,1000.1,17.845
04-Jul-13,0,19,0,10.9,0,12.8,0,0.2,1011.8,19.53
05-Jul-13,0,21.6,0,9.2,0,4.9,0,0,1021.4,19.925
06-Jul-13,0,24.5,0,10.2,0,4.3,0,0,1024.1,22.03
07-Jul-13,0,22.4,0,13.9,0,12.9,0,0,1028.2,22.728
08-Jul-13,0,24.8,0,12.5,0,8.6,0,0,1028.7,23.64
09-Jul-13,0,27.1,0,12.1,0,7.6,0,0,1024.8,24.865
10-Jul-13,0,22.7,0,12.3,0,6.9,0,0,1022,24.882
11-Jul-13,0,22.7,0,12.4,0,7.5,0,0,1020.8,24.78
12-Jul-13,0,27.5,0,11.3,0,6.3,0,0,1019.4,25.13
13-Jul-13,0,24.6,0,13.2,0,11.3,0,0,1020.7,25.54
14-Jul-13,0,25.9,0,12.2,0,8.5,0,0,1019.8,24.785
15-Jul-13,0,19.7,0,12.2,0,9.7,0,0,1019.2,22.858
16-Jul-13,0,23.1,0,11.6,0,6.5,0,0,1019,22.23
17-Jul-13,0,24.3,0,13.7,0,13.3,0,0,1020.8,23.737
18-Jul-13,0,25.4,0,11.8,0,7.6,0,0,1022.5,24.363
19-Jul-13,0,26.3,0,13.2,0,7.8,0,0,1020.9,24.987
20-Jul-13,0,23.3,0,14.8,0,10.2,0,0,1017.8,25.385
21-Jul-13,0,21,0,13.8,0,9.2,0,0,1013.8,23.638
22-Jul-13,0,22.8,0,15.3,0,11.9,0,0,1009.2,24.288
23-Jul-13,0,23.9,0,16.4,0,13.4,0,1.8,1005.6,23.425
24-Jul-13,0,22.4,0,14.7,0,11.5,0,4.3,1004.2,20.795
25-Jul-13,0,22.1,0,13.8,0,10.9,0,32.6,1003.5,20.85
26-Jul-13,0,22.1,0,11.7,0,6.9,0,0.7,1004.7,20.118
27-Jul-13,0,21,0,10.7,0,5.5,0,0.8,1001.1,18.513
28-Jul-13,0,21.8,0,10.4,0,5.1,0,8,996.4,18.138
29-Jul-13,0,21.5,0,12.7,0,11.1,0,5.7,1000.8,19.403
30-Jul-13,0,21.6,0,10.1,0,4.9,0,0.7,1005.1,18.925
31-Jul-13,0,20.4,0,13,0,9.2,0,6.8,1003.2,17.843
01-Aug-13,0,23,0,18,0,14.4,0,2.2,997.4,19.52
02-Aug-13,0,22.1,0,12.7,0,12.4,0,6.2,996.4,19.475
03-Aug-13,0,21,0,12.4,0,9,0,3.5,1003.3,18.478
04-Aug-13,0,20.5,0,10.9,0,6.5,0,6.5,1006.3,18.27
05-Aug-13,0,20.4,0,12.7,0,14.3,0,0.2,1006.5,18.823
06-Aug-13,0,20,0,11.9,0,9.2,0,0.2,1008.8,18.34
07-Aug-13,0,20.9,0,10.3,0,6.7,0,0,1010.4,18.685
08-Aug-13,0,22.6,0,13,0,11.9,0,0.6,1009.8,20.222
09-Aug-13,0,18.8,0,13.4,0,10.5,0,0,1013.5,19.163
10-Aug-13,0,21.4,0,12.4,0,11.3,0,0,1015.2,19.6
11-Aug-13,0,19.8,0,11.1,0,7.2,0,0,1011.8,19.622
12-Aug-13,0,18.8,0,10,0,5.5,0,1.4,1013.3,18.733
13-Aug-13,0,20.1,0,11.9,0,8.7,0,1.1,1015.9,18.802
14-Aug-13,0,23.7,0,12.4,0,9.5,0,0.8,1012.3,19.85
15-Aug-13,0,22.7,0,14.1,0,12.1,0,16.1,1006.2,19.587
16-Aug-13,0,20.5,0,10.7,0,5.4,0,0.9,1007,18.81
17-Aug-13,0,22.8,0,11.9,0,9.8,0,0.2,999.4,18.905
18-Aug-13,0,18.8,0,11.3,0,6.9,0,0.5,1003.3,18.145
19-Aug-13,0,21.1,0,10.1,0,4.7,0,0.1,1014,18.353
20-Aug-13,0,21.2,0,13.4,0,9.2,0,0,1017.5,18.885
21-Aug-13,0,22.1,0,15.1,0,13,0,0,1013.8,20.275
22-Aug-13,0,20.1,0,12.7,0,9.5,0,0,1011.1,20.95
23-Aug-13,0,17.7,0,12.8,0,8.9,0,5.9,1007.9,18.548
24-Aug-13,0,17.2,0,8.5,0,3.4,0,0.4,1010,17.202
25-Aug-13,0,20.7,0,11.5,0,13.4,0,0.3,1013.1,18.282
26-Aug-13,0,19.2,0,10.1,0,5.9,0,0,1016.1,17.528
27-Aug-13,0,19.3,0,12.1,0,6.6,0,0.6,1016.7,17.735
28-Aug-13,0,20.6,0,10.7,0,8.2,0,0,1017.3,17.968
29-Aug-13,0,22.2,0,13.6,0,10.8,0,0,1014.3,19.588
30-Aug-13,0,21.2,0,8.9,0,10.1,0,0.1,1014.6,19.342
31-Aug-13,0,17.9,0,7.1,0,1,0,0,1022.8,16.733
01-Sep-13,0,18.4,0,9.4,0,5.5,0,0,1024,16.87
02-Sep-13,0,22.6,0,13.1,0,9.6,0,0,1021.5,19.23
03-Sep-13,0,23.2,0,11.4,0,8.4,0,0,1019.4,20.56
04-Sep-13,0,23.4,0,9.7,0,3,0,0,1012.1,19.385
05-Sep-13,0,17.9,0,7.8,0,8.7,0,0,1008.6,19.663
06-Sep-13,0,16.5,0,4.6,0,-1,0,1.6,1006.8,16.395
07-Sep-13,0,11.4,0,7.9,0,5.8,0,7.3,1005.7,14.61
08-Sep-13,0,16,0,6.4,0,8.1,0,1.5,1007.9,14.605
09-Sep-13,0,17.9,0,5.2,0,-0.1,0,0,1014.3,13.87
10-Sep-13,0,17.3,0,8.1,0,2.6,0,0,1020.6,13.852
11-Sep-13,0,17.3,0,11.4,0,9.3,0,0.8,1018.6,15.03
12-Sep-13,0,18.5,0,10.5,0,13.7,0,2.3,1012.6,16.843
13-Sep-13,0,14.2,0,8,0,5,0,0.2,1014.2,14.515
14-Sep-13,0,17.1,0,5.9,0,0.9,0,0,1012.8,13.943
15-Sep-13,0,17.1,0,7.1,0,3.9,0,4.2,1001.3,14.247
16-Sep-13,0,14.1,0,6.7,0,2.7,0,0.6,997,12.24
17-Sep-13,0,10.8,0,8.3,0,5.2,0,9.4,993.7,12.26
18-Sep-13,0,14.5,0,7.9,0,5.2,0,0.1,1000.2,13.078
19-Sep-13,0,17.7,0,8.7,0,3.8,0,2.8,1002.4,13.805
20-Sep-13,0,17,0,8.2,0,2.9,0,0,1010.8,13.84
21-Sep-13,0,23.8,0,12.7,0,5.7,0,0,1015.1,16.298
22-Sep-13,0,23.2,0,12.5,0,6.4,0,0,1019.8,16.565
23-Sep-13,0,22.5,0,10.3,0,5.6,0,0,1016,16.565
24-Sep-13,0,18.5,0,13.6,0,11.4,0,0.2,1010,16.96
25-Sep-13,0,16.1,0,13.4,0,13.8,0,1.6,1006.8,16.243
26-Sep-13,0,15.1,0,13.6,0,13.2,0,0.5,1008.5,15.307
27-Sep-13,0,19.3,0,12.8,0,8.7,0,0,1007.4,15.955
28-Sep-13,0,18.2,0,11.5,0,6.5,0,0.2,1003.3,15.537
29-Sep-13,0,16.5,0,12.8,0,12.3,0,0,1001.2,15.288
30-Sep-13,0,15.4,0,12.5,0,9.4,0,0.5,999.4,14.42
01-Oct-13,0,15.2,0,13.2,0,12.8,0,5.3,998.4,14.583
02-Oct-13,0,18.7,0,14.6,0,13.3,0,3.2,997,15.5
03-Oct-13,0,17.3,0,14.5,0,12.4,0,15.1,995.7,15.503
04-Oct-13,0,16.7,0,11,0,12.9,0,0.7,1002.1,15.705
05-Oct-13,0,19.5,0,9.9,0,5.7,0,0.1,1012.7,15.265
06-Oct-13,0,19.9,0,12.5,0,7.4,0,1,1015,15.305
07-Oct-13,0,19.3,0,15.5,0,11.6,0,0,1013.8,16.14
08-Oct-13,0,17.1,0,11.5,0,9.1,0,0.1,1017.4,15.66
09-Oct-13,0,13.6,0,4.9,0,6.4,0,0,1018.6,13.073
10-Oct-13,0,12.9,0,2.9,0,-0.7,0,0,1021.8,9.602
11-Oct-13,0,13.6,0,4,0,0,0,0,1023.2,10.34
12-Oct-13,0,12.5,0,10.1,0,6,0,0,1019.1,11.173
13-Oct-13,0,11.9,0,8.3,0,9.9,0,0.1,1012.4,11.57
14-Oct-13,0,13.1,0,5.9,0,5.6,0,0.8,1007.8,10.827
15-Oct-13,0,14.9,0,3.4,0,-1.5,0,0,1006,9.49
16-Oct-13,0,13,0,9.5,0,2.6,0,19.6,1000,11.017
17-Oct-13,0,17.8,0,7.6,0,1.1,0,0.1,1003.9,10.462
18-Oct-13,0,14.2,0,10.2,0,4,0,9.7,999.4,11.363
19-Oct-13,0,15,0,10.3,0,6.3,0,2.3,991.4,11.423
20-Oct-13,0,16.7,0,9.2,0,4.4,0,1.8,990.7,11.555
21-Oct-13,0,16.7,0,7.6,0,1.8,0,9.9,989.4,11.007
22-Oct-13,0,17.2,0,11.7,0,9.6,0,1.6,981,12.913
23-Oct-13,0,12.6,0,3.9,0,4.8,0,0.4,990.5,11.175
24-Oct-13,0,16.1,0,3.9,0,-2.1,0,1.5,1000.5,9.68
25-Oct-13,0,16.4,0,11.7,0,7.5,0,6.7,992.3,12.167
26-Oct-13,0,14.2,0,9.1,0,6.6,0,6.3,988.2,11.222
27-Oct-13,0,14.1,0,9.2,0,2.9,0,1.9,980.1,10.235
28-Oct-13,0,12.5,0,7.2,0,5.9,0,0.7,986.4,10.265
29-Oct-13,0,11.6,0,3.8,0,-0.9,0,1.1,1003.4,8.469
30-Oct-13,0,15.2,0,3,0,-2.1,0,0.5,1005.5,7.965
31-Oct-13,0,13.9,0,7.1,0,0.4,0,1.5,1005.3,8.463
01-Nov-13,0,12.6,0,2.3,0,-1.1,0,0.1,999.5,7.22
02-Nov-13,0,11.6,0,0.9,0,-4.1,0,3.1,985.9,6.565
03-Nov-13,0,11.1,0,3.6,0,-0.5,0,0.1,989.7,6.231
04-Nov-13,0,9.7,0,0,0,-6.1,0,0.1,988.4,5.046
05-Nov-13,0,10.3,0,6.7,0,-2.6,0,1.1,986.8,7.492
06-Nov-13,0,9.9,0,3.8,0,1.8,0,1.7,991.9,7.965
07-Nov-13,0,10.8,0,3,0,-3.1,0,0.3,996.4,6.013
08-Nov-13,0,9.8,0,3,0,-2.5,0,0.6,997.2,5.294
09-Nov-13,0,8.2,0,1.9,0,-3.9,0,1.2,998.7,4.348
10-Nov-13,0,11.3,0,0.8,0,-5.8,0,4.3,1007.4,4.752
11-Nov-13,0,14.3,0,8.3,0,-3,0,0.3,1011.1,9.472
12-Nov-13,0,10.5,0,2.9,0,-2.1,0,0,1022.4,6.529
13-Nov-13,0,10.6,0,2,0,-4.9,0,1.2,1020.8,5.204
14-Nov-13,0,9.4,0,5.2,0,0,0,0.3,1023.1,6.04
15-Nov-13,0,10.4,0,6.4,0,1.6,0,0,1028.9,7.388
16-Nov-13,0,11.1,0,9,0,7.1,0,0,1025.2,8.49
17-Nov-13,0,12.7,0,9.5,0,6.7,0,2.5,1016,9.63
18-Nov-13,0,10.5,0,1.6,0,5,0,3,1007.9,7.929
19-Nov-13,0,5.5,0,-0.1,0,-3.1,0,0,1011.7,3.824
20-Nov-13,0,7.6,0,3.4,0,-1.9,0,1,1003.9,5.312
21-Nov-13,0,5.1,0,1.5,0,-0.8,0,0,1010,3.525
22-Nov-13,0,6.3,0,-1.2,0,-3.3,0,0.2,1017.9,3.061
23-Nov-13,0,6.4,0,-1.8,0,-6.6,0,0,1023,3.347
24-Nov-13,0,8.1,0,5.7,0,1.6,0,0,1029.1,5.766
25-Nov-13,0,9.8,0,5.1,0,4.1,0,0,1034.8,6.227
26-Nov-13,0,8.3,0,4.4,0,0.2,0,0,1034.8,6.315
27-Nov-13,0,9.3,0,4.6,0,0.5,0,0,1031.9,6.801
28-Nov-13,0,10.1,0,8.1,0,6.4,0,0.4,1030.2,8.07
29-Nov-13,0,8.6,0,4.9,0,4.7,0,0,1025.6,7.374
30-Nov-13,0,7.8,0,1.9,0,-1.9,0,0.1,1026.3,5.004
01-Dec-13,0,9.9,0,6.7,0,-0.8,0,0.3,1028.9,7.197
02-Dec-13,0,8.7,0,5.1,0,1.3,0,0.1,1026.9,7.392
03-Dec-13,0,9.7,0,2.9,0,-1.9,0,0.1,1021.4,6.306
04-Dec-13,0,6.3,0,1.3,0,-3.8,0,0.1,1024.1,4.579
05-Dec-13,0,10.3,0,3.2,0,-3.4,0,0.7,1017.7,5.054
06-Dec-13,0,9.5,0,2.3,0,-1.5,0,0.4,1022.3,4.991
07-Dec-13,0,9.1,0,6.1,0,1.8,0,0.1,1018,6.15
08-Dec-13,0,11.4,0,7,0,2.7,0,0,1014.1,6.656
09-Dec-13,0,11.7,0,5.6,0,0.2,0,0,1016.6,6.39
10-Dec-13,0,13.4,0,10.7,0,3.3,0,0,1016.4,8.184
11-Dec-13,0,12.6,0,9.2,0,7.3,0,0,1014.2,8.383
12-Dec-13,0,15.1,0,12.2,0,6,0,0,1008.2,9.92
13-Dec-13,0,14,0,4.1,0,10.9,0,0.4,1006.4,9.399
14-Dec-13,0,12.4,0,4.1,0,0,0,7.7,1002.8,7.067
15-Dec-13,0,12.4,0,5.2,0,-0.1,0,2.2,1002.1,6.515
16-Dec-13,0,9.4,0,3.8,0,2.1,0,7.9,1004.9,6.42
17-Dec-13,0,9.4,0,0.6,0,-4.8,0,0,1007.1,3.482
18-Dec-13,0,13.1,0,4,0,-1.6,0,10,984.5,6.657
19-Dec-13,0,4.2,0,1.4,0,-1,0,1.2,990.8,3.71
20-Dec-13,0,11.8,0,2.2,0,-0.9,0,5.7,999.8,4.285
21-Dec-13,0,9.7,0,3.9,0,4.3,0,9.5,993.5,5.591
22-Dec-13,0,5.4,0,1.1,0,0.1,0,2,996,3.378
23-Dec-13,0,11.7,0,2.9,0,-1.7,0,2.1,976.8,4.409
24-Dec-13,0,6.4,0,2,0,0.3,0,4.4,961.7,3.322
25-Dec-13,0,7.3,0,-1.8,0,-6.4,0,0,974.1,1.658
26-Dec-13,0,10.2,0,-1.1,0,-6.7,0,5.3,973.7,1.236
27-Dec-13,0,8.9,0,3.2,0,-0.2,0,7.5,966.3,4.303
28-Dec-13,0,5.7,0,1.9,0,-2.8,0,0.1,989.6,2.235
29-Dec-13,0,11.1,0,1.2,0,-4.7,0,1.8,998.8,2.07
30-Dec-13,0,11.2,0,3.7,0,-4.6,0,13.8,991.9,5.101
31-Dec-13,0,9.5,0,4.1,0,-1.3,0,4.1,986.8,4.414
01-Jan-14,0,10.5,0,2.7,0,-1.1,0,4.5,974.3,3.87
02-Jan-14,0,10.3,0,4.7,0,0.1,0,0.2,975.9,3.873
03-Jan-14,0,8.3,0,3.6,0,1.7,0,3.6,975,4.308
04-Jan-14,0,5.1,0,1.2,0,-2,0,3.1,984,2.549
05-Jan-14,0,12.8,0,1.6,0,-3.5,0,4.3,980.6,3.404
06-Jan-14,0,10.3,0,7.5,0,4.4,0,4.6,973.8,5.183
07-Jan-14,0,9.8,0,6.6,0,4.4,0,0.5,985.9,4.901
08-Jan-14,0,8.6,0,4.7,0,-0.7,0,8,999,4.576
09-Jan-14,0,6.1,0,1.2,0,-1,0,0.5,1000.1,3.216
10-Jan-14,0,9.9,0,1.7,0,-1.8,0,4.8,1002.9,4.393
11-Jan-14,0,6.7,0,-0.4,0,-3.4,0,0.2,1010.4,2.181
12-Jan-14,0,9.9,0,2.6,0,-4.5,0,0.2,1001.6,3.841
13-Jan-14,0,6.8,0,0.5,0,-4.3,0,0.2,992.8,2.525
14-Jan-14,0,10.2,0,-1.1,0,-6.2,0,3.3,992.8,1.934
15-Jan-14,0,11,0,5.5,0,-2,0,2.2,984,5.516
16-Jan-14,0,10.3,0,3.1,0,-0.8,0,0.3,976,3.896
17-Jan-14,0,7.5,0,4.4,0,-1.2,0,0,978,4.845
18-Jan-14,0,6.5,0,2.6,0,-0.6,0,8.3,979.7,4.28
19-Jan-14,0,7.8,0,1.3,0,-2.1,0,0,987.5,3.532
20-Jan-14,0,7.2,0,-0.6,0,-1.6,0,0,998.2,2.986
21-Jan-14,0,10.2,0,4.3,0,-5.3,0,0.1,995.9,4.023
22-Jan-14,0,9.4,0,3.4,0,-0.3,0,0,997.9,4.056
23-Jan-14,0,6.5,0,3.9,0,-2.4,0,2,1005.5,3.543
24-Jan-14,0,11.5,0,4.6,0,1.4,0,8.5,1002.4,5.885
25-Jan-14,0,9.8,0,3.3,0,4.1,0,2.9,1003.1,5.033
26-Jan-14,0,10,0,1.8,0,-0.3,0,11.4,992.2,4.573
27-Jan-14,0,7.3,0,2.3,0,-0.6,0,6,974.1,3.987
28-Jan-14,0,6.6,0,3.8,0,2.3,0,6,974.8,5.188
29-Jan-14,0,6.7,0,4,0,2.2,0,7.4,989.8,4.991
30-Jan-14,0,6.1,0,2.9,0,3.4,0,0,997.1,4.876
31-Jan-14,0,9.4,0,1.3,0,-0.9,0,4.7,981.7,4.584
01-Feb-14,0,8.4,0,1.2,0,-1.1,0,3.2,971.8,3.729
02-Feb-14,0,9.1,0,3.3,0,0.5,0,1.4,987.1,4.514
03-Feb-14,0,8.9,0,2.9,0,0.9,0,6.7,986.3,6.082
04-Feb-14,0,7.7,0,-0.1,0,-4.5,0,17.2,973.6,4.106
05-Feb-14,0,8.9,0,6.3,0,-1.2,0,16.2,964.7,6.236
06-Feb-14,0,7.5,0,1.7,0,1.1,0,0.1,978.3,5.201
07-Feb-14,0,8.4,0,0.9,0,-3,0,1.6,973.6,3.891
08-Feb-14,0,9.6,0,5.3,0,-1.9,0,3.6,955.2,5.275
09-Feb-14,0,7,0,-0.2,0,3.3,0,0.6,968.7,5.007
10-Feb-14,0,5.2,0,-0.4,0,-5.3,0,0.1,984.9,2.903
11-Feb-14,0,5.7,0,0.5,0,-4.1,0,2.5,983.2,3.117
12-Feb-14,0,9,0,1.4,0,-1.6,0,6.2,969.3,3.485
13-Feb-14,0,6.6,0,1.2,0,-1,0,0.6,980.6,2.75
14-Feb-14,0,9.1,0,2.1,0,-0.5,0,10.8,970.5,3.857
15-Feb-14,0,8.4,0,2,0,-0.5,0,5.9,976.3,5.035
16-Feb-14,0,8.5,0,-0.2,0,-6.1,0,0,995,3.284
17-Feb-14,0,10.7,0,6,0,-2.5,0,2.4,992.9,6.197
18-Feb-14,0,10.3,0,3.5,0,-1.3,0,0,999.2,6.168
19-Feb-14,0,12.5,0,5.4,0,0.6,0,0.5,995.6,7.357
20-Feb-14,0,11.8,0,2.4,0,2.9,0,3.5,985.6,7.537
21-Feb-14,0,8.6,0,2.5,0,-1.1,0,2.5,989.9,4.775
22-Feb-14,0,10.7,0,4.6,0,0.7,0,0.1,993.4,5.311
23-Feb-14,0,11.4,0,5.8,0,3,0,2.6,987.8,8.191
24-Feb-14,0,11.2,0,4.7,0,-0.2,0,3.1,985.3,7.006
25-Feb-14,0,9.4,0,5,0,1,0,0.7,984.9,5.913
26-Feb-14,0,10.4,0,4.1,0,0.8,0,2.1,997.2,5.868
27-Feb-14,0,9.5,0,2.2,0,-0.4,0,0.2,994.2,5.996
28-Feb-14,0,9.9,0,1.5,0,-2.4,0,0.9,995,6.019
01-Mar-14,0,9.4,0,0.4,0,-5.1,0,0.3,993.8,5.431
02-Mar-14,0,9,0,0.3,0,0,0,2.3,980.7,6.004
03-Mar-14,0,9.3,0,-0.7,0,-5.6,0,2.2,980.9,5.089
04-Mar-14,0,11.1,0,3,0,-2.5,0,0,998.4,5.972
05-Mar-14,0,10.8,0,3,0,-3.1,0,0.4,1008.5,6.016
06-Mar-14,0,14.7,0,8.8,0,6.6,0,1.4,1007.7,8.939
07-Mar-14,0,10.3,0,2.8,0,4,0,5.1,1011.3,8.774
08-Mar-14,0,12.2,0,7.1,0,-2.3,0,0,1010.7,8.138
09-Mar-14,0,13.9,0,5.5,0,5.2,0,2,1013,9.16
10-Mar-14,0,11.6,0,0.7,0,-3.8,0,0,1024,7.549
11-Mar-14,0,12.2,0,0.1,0,-4.6,0,0,1028.6,7.019
12-Mar-14,0,9.8,0,-1.6,0,-6.2,0,0,1026.9,6.544
13-Mar-14,0,8.1,0,2.4,0,-2.7,0,0,1026,7.027
14-Mar-14,0,11.3,0,3.9,0,4.3,0,0,1023,7.721
15-Mar-14,0,15,0,7.1,0,4.7,0,0,1023.7,9.521
16-Mar-14,0,11.4,0,6.7,0,5,0,0,1021,9.35
17-Mar-14,0,11.2,0,6.2,0,6.4,0,0,1014.6,9.325
18-Mar-14,0,13.3,0,6,0,-0.2,0,0.5,1008.9,9.129
19-Mar-14,0,15.8,0,8.1,0,4.2,0,0,1007.6,9.811
20-Mar-14,0,9.9,0,3.7,0,5.5,0,13,994.8,8.613
21-Mar-14,0,10.9,0,1.8,0,-1.3,0,2.5,990.9,6.796
22-Mar-14,0,9.6,0,1.3,0,-1.9,0,2.9,990.8,5.811
23-Mar-14,0,10.7,0,0.2,0,-1.1,0,0.1,1002,7.109
24-Mar-14,0,8.5,0,-0.5,0,-4.1,0,1.2,998.5,5.669
25-Mar-14,0,13.1,0,1.1,0,-3,0,0.3,1005.1,7.37
26-Mar-14,0,8.7,0,2.5,0,-1.4,0,0.7,1013.7,6.819
27-Mar-14,0,7.2,0,1.5,0,-1.8,0,4.4,1007.9,6.007
28-Mar-14,0,8.9,0,4.6,0,-1.6,0,7.4,1010.4,6.922
29-Mar-14,0,10.7,0,5.2,0,3.6,0,6.7,1005.8,7.852
30-Mar-14,0,12.8,0,6.6,0,3.6,0,0,1003.9,8.909
31-Mar-14,0,13.5,0,7.2,0,2.9,0,1.3,1003.8,9.437
01-Apr-14,0,13.8,0,3.2,0,-0.5,0,0.1,1003,10.226
02-Apr-14,0,11.3,0,7.3,0,6.9,0,9.6,996.4,9.955
03-Apr-14,0,15.5,0,6.9,0,6.3,0,1.1,995.4,11.467
04-Apr-14,0,15.9,0,7.6,0,3.6,0,0,999.4,11.663
05-Apr-14,0,17.6,0,10.5,0,7.3,0,0.8,998,12.66
06-Apr-14,0,16.8,0,7.2,0,10.5,0,0.3,997.1,13.837
07-Apr-14,0,13.5,0,4.1,0,2.2,0,5.3,999.9,12.068
08-Apr-14,0,13.2,0,3.3,0,-0.3,0,0.1,1010.7,10.582
09-Apr-14,0,13.8,0,7.4,0,3.5,0,0,1017.7,11.07
10-Apr-14,0,14.8,0,3.1,0,-0.1,0,0,1016.3,11.855
11-Apr-14,0,12.2,0,2,0,-3,0,0,1016.3,10.492
12-Apr-14,0,14.7,0,6.8,0,2.2,0,0.7,1012.5,11.118
13-Apr-14,0,13.3,0,6.1,0,2.8,0,0,1017.2,10.892
14-Apr-14,0,14.4,0,4,0,-1.2,0,0,1020.8,11.137
15-Apr-14,0,17,0,3.7,0,-1.6,0,0,1021.2,11.827
16-Apr-14,0,16.4,0,3.4,0,-1.9,0,0,1017,11.92
17-Apr-14,0,12.5,0,8,0,6.5,0,0,1015.2,12.292
18-Apr-14,0,13,0,1.7,0,-2.5,0,0,1016.4,12.58
19-Apr-14,0,13.9,0,1.8,0,-2.6,0,0,1013.2,12.368
20-Apr-14,0,12.5,0,1,0,-3.3,0,2.1,1006.6,10.837
21-Apr-14,0,15.9,0,9.4,0,8.1,0,0.2,1001.2,13.41
22-Apr-14,0,12.1,0,7.7,0,3.7,0,2.5,1001.1,12.153
23-Apr-14,0,17.6,0,6.7,0,5.6,0,1.3,1005.6,14.083
24-Apr-14,0,14,0,4.4,0,-1.1,0,2.6,1011.4,11.895
25-Apr-14,0,15.1,0,5.2,0,-0.3,0,0,1002,13.4
26-Apr-14,0,11.5,0,7.1,0,4,0,8.8,991.6,12.17
27-Apr-14,0,14.5,0,7.9,0,5.9,0,0.1,1001,13.243
28-Apr-14,0,14.9,0,9.3,0,3.4,0,0.1,1006.8,13.48
29-Apr-14,0,16.7,0,6,0,1.4,0,0,1006.4,14.807
30-Apr-14,0,15.5,0,5.6,0,-0.3,0,0.7,1003.7,13.25
01-May-14,0,14.5,0,9.3,0,9.3,0,6,1007.9,13.715
02-May-14,0,12.7,0,8.7,0,8.2,0,0.1,1018.8,13.548
03-May-14,0,14.7,0,9.2,0,8.6,0,0,1019.4,13.438
04-May-14,0,15.3,0,8.7,0,7,0,0.1,1011.9,14.08
05-May-14,0,14.1,0,8.5,0,5,0,2,1000,12.108
06-May-14,0,16.3,0,5.9,0,0,0,1.2,994.6,13.085
07-May-14,0,15.2,0,7.2,0,2.8,0,1.5,998.4,13.352
08-May-14,0,17.2,0,9.2,0,8.6,0,2.7,998.9,14.257
09-May-14,0,16.2,0,8,0,6.1,0,6.1,999.9,14.962
10-May-14,0,15.4,0,9,0,4.8,0,3.8,990.9,14.525
11-May-14,0,13.8,0,8.2,0,8.4,0,7.6,996.9,14.13
12-May-14,0,14.5,0,5.7,0,2,0,1.9,1005.5,14.422
13-May-14,0,17.3,0,5.6,0,1.2,0,0,1016.3,14.733
14-May-14,0,16.5,0,7.3,4, ,0,0.1,1026.4,14.562
15-May-14,0,19.7,0,10.5,0,7.8,0,0.1,1029.6,16.827
16-May-14,0,19.9,0,9.3,0,7,0,0,1024.9,17.708
17-May-14,0,20.4,0,7.1,0,1.7,0,0,1013.7,17.427
18-May-14,0,14.4,0,9.8,0,8.8,0,6,1002.8,15.165
19-May-14,0,16,0,9.9,0,9.8,0,4.2,997.6,14.812
20-May-14,0,17,0,7.9,0,7.3,0,4.5,999.2,15.797
21-May-14,0,18.6,0,6.1,0,1,0,0,1001.9,16.493
22-May-14,0,14.1,0,6.2,0,1.9,0,0.5,999.5,15.29
23-May-14,0,11.5,0,9.1,0,8.7,0,3,1002.4,13.358
24-May-14,0,13.6,0,8.9,0,8.4,0,11,1004.2,13.002
25-May-14,0,15.1,0,8.2,0,10,0,4,1008.3,13.868
26-May-14,0,14.4,0,7.3,0,4.6,0,4.6,1011.3,14.01
27-May-14,0,17.2,0,4.6,0,0.6,0,0.1,1012.3,14.935
28-May-14,0,18.7,0,6.5,0,2.6,0,0,1012.3,16.188
29-May-14,0,13.6,0,10.8,0,10.1,0,2.4,1014.9,14.833
30-May-14,0,16.1,0,10.9,0,9.2,0,0,1019,15.79
31-May-14,0,21.2,0,9.6,0,6.8,0,0,1019.4,18.202
01-Jun-14,0,20.3,0,11.6,0,8,0,0,1014.5,18.972
02-Jun-14,0,17.1,0,11.2,0,10.4,0,0,1009.7,17.888
03-Jun-14,0,17.2,0,9.2,0,9.1,0,1.3,1005,17.747
04-Jun-14,0,15.8,0,7.5,0,8,0,4.2,1002,15.422
05-Jun-14,0,18.2,0,5.4,0,0.2,0,0,1004.6,16.625
06-Jun-14,0,16.7,0,6,0,1.3,0,0.5,1003.8,14.802
07-Jun-14,0,20,0,13.2,0,11.4,0,1.8,1003.3,16.48
08-Jun-14,0,18.7,0,10.3,0,5.6,0,0.9,1007.6,16.7
09-Jun-14,0,18.6,0,11.3,0,7.8,0,0,1008.1,17.91
10-Jun-14,0,17.9,0,9.4,0,9.5,0,2.7,1008.2,17.288
11-Jun-14,0,19.4,0,8.9,0,4.1,0,0,1016.8,16.91
12-Jun-14,0,22.2,0,9.1,0,4.6,0,0,1021.8,19.28
13-Jun-14,0,21.6,0,11.4,0,7.2,0,0,1020.6,20.337
14-Jun-14,0,19.2,0,12.7,0,8,0,0,1022.6,19.432
15-Jun-14,0,19.7,0,11.6,0,9.2,0,0,1024.8,20.362
16-Jun-14,0,19.8,0,9.2,0,5.3,0,0,1025.2,20.165
17-Jun-14,0,22.7,0,8.9,0,5.4,0,0,1024.9,22.345
18-Jun-14,0,24.6,0,11.5,0,7.3,0,0,1022.7,24.255
19-Jun-14,0,19.9,0,10.8,0,9.8,0,0,1020.8,23.142
20-Jun-14,0,19.1,0,7,0,1.5,0,0,1018.9,20.962
21-Jun-14,0,20.6,0,8.5,0,3,0,0,1017.1,20.93
22-Jun-14,0,20.5,0,8,0,2.5,0,0,1018.4,21.585
23-Jun-14,0,22,0,10.5,0,6,0,0,1019.4,22.302
24-Jun-14,0,21,0,10,0,5.1,0,0,1016.6,21.515
25-Jun-14,0,19.2,0,14,0,13,0,3.1,1011.8,20.362
26-Jun-14,0,18.8,0,12.6,0,12.8,0,11.2,1007.1,18.965
27-Jun-14,0,17.6,0,10.6,0,6.8,0,0.1,1005.5,18.382
28-Jun-14,0,16.4,0,7.4,0,6.5,0,3.8,1007.2,17.3
29-Jun-14,0,17.5,0,5.9,0,0.8,0,0,1010,15.882
30-Jun-14,0,18.9,0,6.3,0,1.5,0,0,1012,18.782
01-Jul-14,0,21.1,0,8.1,0,2.7,0,0,1014.6,20.865
02-Jul-14,0,21.9,0,9,0,4,0,0,1013.2,20.228
03-Jul-14,0,21.2,0,14,0,12.9,0,0.6,1007,21.358
04-Jul-14,0,18.9,0,12.4,0,14.3,0,2.4,997.1,19.805
05-Jul-14,0,19.2,0,7.3,0,2.9,0,0.1,996.1,19.368
06-Jul-14,0,19.2,0,6.6,0,1.9,0,0.2,1000.9,18.292
07-Jul-14,0,17.5,0,8.7,0,3.5,0,0.1,1007.3,18.632
08-Jul-14,0,18.5,0,8.6,0,3.7,0,2.4,1014.5,17.852
09-Jul-14,0,21.5,0,7.6,0,2,0,0.1,1018.6,19.015
10-Jul-14,0,21,0,14.2,0,13.2,0,11.2,1016,20.82
11-Jul-14,0,21.8,0,13.4,0,9.6,0,0.1,1013,20.375
12-Jul-14,0,20.5,0,14,0,16,0,0,1006.9,19.945
13-Jul-14,0,19.6,0,11.3,0,7.3,0,0,1005.3,19.157
14-Jul-14,0,21.8,0,9.6,0,5.6,0,3.4,1005.2,19.147
15-Jul-14,0,20.8,0,12.3,0,9.6,0,0,1011.2,19.843
16-Jul-14,0,22.6,0,13.6,0,13.7,0,0.2,1011.5,21.497
17-Jul-14,0,21.3,0,10.9,0,6.4,0,0,1013,22.312
18-Jul-14,0,23.4,0,14.2,0,12.1,0,8.6,1006.6,21.195
19-Jul-14,0,20.8,0,15.7,0,14.3,0,1.4,1002.6,20.815
20-Jul-14,0,20.7,0,13.1,0,13.4,0,0.1,1007.6,21.307
21-Jul-14,0,23.3,0,10.8,0,6.3,0,0,1014.2,20.862
22-Jul-14,0,23,0,13.5,0,10,0,0,1017.4,22.533
23-Jul-14,0,24.4,0,14.8,0,12.9,0,0,1016,24.032
24-Jul-14,0,24.8,0,14.4,0,11.2,0,0,1013.7,24.388
25-Jul-14,0,24.9,0,13,0,8.7,0,0,1013.2,24.625
26-Jul-14,0,22.4,0,12.2,0,9.1,0,0,1013,21.685
27-Jul-14,0,21.6,0,11.4,0,6.6,0,0.3,1013.2,21.267
28-Jul-14,0,20.8,0,13.9,0,13.6,0,1.1,1013.2,20.718
29-Jul-14,0,20.2,0,13.2,0,12.7,0,0.9,1013.5,20.632
30-Jul-14,0,21.5,0,12,0,8.6,0,0.8,1010.2,20.837
31-Jul-14,0,22.5,0,11.8,0,11.5,0,0.3,1005.4,21.045
01-Aug-14,0,20.5,0,11.9,0,7.1,0,1.5,999.7,20.26
02-Aug-14,0,15.5,0,12.1,0,12.5,0,65,994.7,17.72
03-Aug-14,0,18.7,0,10.2,0,11.8,0,7.1,999.2,17.435
04-Aug-14,0,21.8,0,7.7,0,2.5,0,0,1007.4,18.245
05-Aug-14,0,22.2,0,13.2,0,9.5,0,15,1005.8,19.565
06-Aug-14,0,22.1,0,11.6,0,13,0,0.1,1005.3,20.83
07-Aug-14,0,20.5,0,8.2,0,3,0,0,1008.5,18.948
08-Aug-14,0,19.2,0,9.4,0,11.2,0,2.7,1003,18.243
09-Aug-14,0,20.8,0,9.4,0,4.3,0,2.7,997.6,18.292
10-Aug-14,0,17.3,0,10.4,0,11,0,21.9,993,17.978
11-Aug-14,0,19.3,0,10.3,0,6,0,0.9,997.6,17.705
12-Aug-14,0,18.1,0,10.1,0,6,0,2.7,997,17.272
13-Aug-14,0,20.5,0,12,0,6.7,0,0.2,1000.6,18.175
14-Aug-14,0,19.4,0,11.6,0,8.8,0,0.2,1006.7,18.41
15-Aug-14,0,18.1,0,8.5,0,3.1,0,0,1013.7,17.305
16-Aug-14,0,17.7,0,11.9,0,9.2,0,0,1011.8,17.577
17-Aug-14,0,18.2,0,10.2,0,6.2,0,2,1005.3,17.798
18-Aug-14,0,17.1,0,9.2,0,6.5,0,0.2,1007.3,16.98
19-Aug-14,0,16.9,0,6.8,0,4.5,0,0.7,1010.8,16.728
20-Aug-14,0,16.4,0,6,0,0.2,0,0,1012.8,15.797
21-Aug-14,0,17.5,0,8.9,0,3.9,0,3.2,1007.4,16.65
22-Aug-14,0,17.7,0,7.3,0,1.6,0,0.2,1008.1,16.427
23-Aug-14,0,18.2,0,5.5,0,-0.1,0,0,1012,15.74
24-Aug-14,0,17.1,0,5.4,0,1.3,0,2.3,1008.1,15.1
25-Aug-14,0,16.8,0,13,0,12.1,0,9.7,997.9,15.923
26-Aug-14,0,17.1,0,14,0,13.6,0,0,1001.4,16.188
27-Aug-14,0,16.6,0,12.4,0,6.9,0,0.5,1002.2,15.575
28-Aug-14,0,19.6,0,11.2,0,7,0,0.6,997.8,16.778
29-Aug-14,0,18.5,0,13.1,0,9.6,0,7.5,1000.2,16.968
30-Aug-14,0,18.1,0,9.8,0,12,0,0.1,1009,17.228
31-Aug-14,0,20.2,0,9.2,0,4.3,0,0.1,1011.4,17.27
01-Sep-14,0,17.9,0,13,0,9.5,0,0,1015.4,17.945
02-Sep-14,0,17.2,0,9.1,0,12.8,0,0.1,1018.1,17.08
03-Sep-14,0,19.5,0,8.9,0,4.9,0,0,1016.1,16.163
04-Sep-14,0,22.7,0,9.6,0,6,0,0,1013.6,16.355
05-Sep-14,0,20.5,0,9.8,0,6.4,0,0.1,1012.2,16.815
06-Sep-14,0,15.9,0,8.6,0,6.2,0,0.4,1012.3,16.712
07-Sep-14,0,17.6,0,5.7,0,1.5,0,0,1013.8,15.103
08-Sep-14,0,17,0,5.1,0,1,0,0,1016.1,14.762
09-Sep-14,0,18.3,0,6.4,0,2,0,0,1017,15.392
10-Sep-14,0,18.8,0,6.3,0,1.6,0,0,1015.1,15.333
11-Sep-14,0,21.1,0,9.6,0,5.4,0,0,1016.6,16.35
12-Sep-14,0,19.3,0,8.1,0,3.4,0,0,1019.2,15.885
13-Sep-14,0,19.8,0,8.4,0,3.1,0,0,1021.1,16.067
14-Sep-14,0,17.7,0,12.9,0,7.1,0,0,1018.4,17.052
15-Sep-14,0,17.3,0,13.6,0,11.8,0,0,1013.6,16.917
16-Sep-14,0,19.7,0,12.9,0,13.3,0,0,1009.7,17.583
17-Sep-14,0,17.7,0,12.4,0,7.4,0,1.6,1007.6,16.8
18-Sep-14,0,18.1,0,11.8,0,6.9,0,0,1005.8,16.625
19-Sep-14,0,16.7,0,13.9,0,11.4,0,11.4,1007.6,16.455
20-Sep-14,0,17.8,0,9.1,0,12.4,0,0.1,1014.9,16.612
21-Sep-14,0,18,0,5.4,0,0.1,0,0,1020.4,14.965
22-Sep-14,0,18.9,0,7.5,0,1.6,0,0,1019.3,14.957
23-Sep-14,0,16.2,0,11,0,4.5,0,0.3,1012.7,14.882
24-Sep-14,0,17,0,8.1,0,2.5,0,0.5,1010.8,14.682
25-Sep-14,0,18.9,0,11.8,0,4,0,0,1011.1,15.385
26-Sep-14,0,18.5,0,6.7,0,9,0,0.1,1015.8,16.08
27-Sep-14,0,20.2,0,6.6,0,1.2,0,0,1017.9,15.065
28-Sep-14,0,19,0,11.4,0,7.8,0,0,1014.8,15.78
29-Sep-14,0,18.9,0,11,0,6.2,0,0.6,1013.2,15.575
30-Sep-14,0,19.9,0,11.4,0,6.4,0,0.3,1011.1,15.427
01-Oct-14,0,16.9,0,5.3,0,6.1,0,0.3,1018.8,14.677
02-Oct-14,0,18.2,0,3.6,0,-1.9,0,0,1017.8,12.715
03-Oct-14,0,17.4,0,9.8,0,9.8,0,23.8,1006.8,14.295
04-Oct-14,0,14.8,0,5.4,0,-0.3,0,6.8,1007.6,12.998
05-Oct-14,0,14.7,0,7.5,0,0.7,0,1,999.9,12.055
06-Oct-14,0,13.9,0,5.8,0,3.4,0,9.4,986,12.855
07-Oct-14,0,13.8,0,4,0,-0.2,0,0.1,988.5,11.395
08-Oct-14,0,13.6,0,7.5,0,-0.3,0,4.6,983.2,11.213
09-Oct-14,0,14.2,0,5.6,0,3.3,0,3.1,986.8,11.557
10-Oct-14,0,15,0,4.2,0,-1.2,0,0,998.6,10.595
11-Oct-14,0,15,0,3.1,0,-1.8,0,0,1004.2,9.923
12-Oct-14,0,15.3,0,2,0,-2.6,0,0,1006.2,9.458
13-Oct-14,0,13.8,0,7.1,0,0.4,0,0.1,1004.8,10.53
14-Oct-14,0,13.2,0,7.1,0,2.3,0,0.2,1002.7,11.205
15-Oct-14,0,13.3,0,9.9,0,9.1,0,3.7,994.6,11.712
16-Oct-14,0,16.2,0,6.2,0,1.4,0,2.9,990.8,10.785
17-Oct-14,0,17.4,0,8.2,0,3.4,0,1.4,992.3,11.328
18-Oct-14,0,18.1,0,14.5,0,9.7,0,0,991.9,12.835
19-Oct-14,0,16.6,0,10.5,0,9.1,0,0.4,1000.7,12.545
20-Oct-14,0,14.6,0,10.4,0,6.2,0,2.1,998.3,12.608
21-Oct-14,0,13.6,0,6.1,0,4.4,0,2.5,1003.6,11.333
22-Oct-14,0,12.5,0,6.4,0,0.9,0,0.7,1015,10.257
23-Oct-14,0,16.8,0,10.2,0,9.1,0,0.8,1007.4,12.302
24-Oct-14,0,13.1,0,8.3,0,4.3,0,0.3,1005.8,11.52
25-Oct-14,0,14.1,0,8.6,0,3,0,0.1,1005.7,10.903
26-Oct-14,0,16.7,0,11.6,0,7.6,0,0,1005.3,12.195
27-Oct-14,0,17.2,0,15.2,0,12.4,0,0,1003.7,13.783
28-Oct-14,0,16.7,0,1.9,0,12.5,0,14.2,1004,13.06
29-Oct-14,0,12.7,0,1,0,-0.9,0,1.2,1008.5,9.487
30-Oct-14,0,17.8,0,12.1,0,5.8,0,0.1,1004.8,12.275
31-Oct-14,0,19.4,0,12.4,0,12.4,0,1.1,1000.7,13.677
01-Nov-14,0,14.9,0,8.9,0,4.4,0,2.7,996.3,11.887
02-Nov-14,0,12.3,0,6.9,0,3,0,0.2,989.5,10.195
03-Nov-14,0,9.1,0,3.5,0,0.8,0,0.8,980.6,8.279
04-Nov-14,0,11.6,0,3.4,0,0.4,0,1.2,990.2,7.689
05-Nov-14,0,10.7,0,3.8,0,1.9,0,0.1,1001.7,7.695
06-Nov-14,0,15.4,0,7.9,0,1.4,0,14.2,987.9,9.237
07-Nov-14,0,11.1,0,5.3,0,2.5,0,2.1,983.2,9.298
08-Nov-14,0,9.3,0,5.1,0,1,0,16,986.8,7.479
09-Nov-14,0,10.5,0,3.9,0,0.5,0,0.2,993.3,6.699
10-Nov-14,0,11.4,0,3.3,0,1.2,0,1.9,988.8,7.582
11-Nov-14,0,12.1,0,5.7,0,2.6,0,17.6,982.1,8.454
12-Nov-14,0,11.7,0,6,0,3.2,0,7.3,983.1,8.219
13-Nov-14,0,11.9,0,6.5,0,2.1,0,37.6,985.2,8.065
14-Nov-14,0,12.6,0,6.8,0,3.4,0,15.7,982.8,8.807
15-Nov-14,0,11.6,0,5.4,0,1.5,0,6.4,990.6,7.47
16-Nov-14,0,11.8,0,4.1,0,1.5,0,0.2,997.1,7.094
17-Nov-14,0,10.8,0,4.3,0,0.6,0,2,1001.2,7.537
18-Nov-14,0,12,0,6.9,0,2.8,0,0,1004.9,7.879
19-Nov-14,0,11.4,0,9.6,0,4.9,0,9.1,1010.4,8.637
20-Nov-14,0,10.2,0,5.2,0,4.6,0,0.1,1016.5,8.882
21-Nov-14,0,12.5,0,8.4,0,4.5,0,14,1005.9,8.86
22-Nov-14,0,13.1,0,3.6,0,3.8,0,4.6,1004.2,8.684
23-Nov-14,0,6.9,0,1.1,0,-4.2,0,0,1014.6,4.614
24-Nov-14,0,9.4,0,0.1,0,-5.8,0,0,1018.5,3.829
25-Nov-14,0,9.6,0,5.3,0,-0.4,0,0.2,1015.9,6.641
26-Nov-14,0,5.3,0,-0.5,0,-1.5,0,0.2,1006.8,6.027
27-Nov-14,0,10.1,0,-2.1,0,-6.5,0,0,996.7,4.214
28-Nov-14,0,12.5,0,9.3,0,-4.2,0,0,997.3,7.274
29-Nov-14,0,11,0,3.8,0,-0.6,0,0,1004.5,7.839
30-Nov-14,0,9.9,0,2.9,0,-1.1,0,0,1010.1,7.267
01-Dec-14,0,8.5,0,5.7,0,-2.1,0,1.3,1011.2,7.126
02-Dec-14,0,6.5,0,0.6,0,-5.4,0,0,1019.9,4.367
03-Dec-14,0,5.6,0,-0.4,0,-5.6,0,0,1021.2,2.924
04-Dec-14,0,5.9,0,1.2,0,-5,0,0,1013.6,4.02
05-Dec-14,0,5.3,0,0.8,0,-4.3,0,0.3,1018,3.516
06-Dec-14,0,10.1,0,1.5,0,-2.8,0,0,1016.6,3.894
07-Dec-14,0,10.1,0,2.4,0,0,0,0.9,1010.3,5.042
08-Dec-14,0,4.7,0,0.8,0,-3.3,0,0,1016.6,2.609
09-Dec-14,0,12.4,0,2.2,0,-3.3,0,3.5,1011.1,4.725
10-Dec-14,0,6.9,0,2.9,0,-1.6,0,1.7,1003.6,4.078
11-Dec-14,0,5.6,0,3.2,0,-0.4,0,11.9,993.5,4.215
12-Dec-14,0,4.7,0,0,0,-4.2,0,1.7,993.4,3.24
13-Dec-14,0,6,0,-0.9,0,-6.7,0,0,1004.4,1.71
14-Dec-14,0,9,0,4.9,0,-4.6,0,0.8,998.9,4.327
15-Dec-14,0,7.1,0,2.7,0,-0.6,0,0.1,1005.2,4.013
16-Dec-14,0,10.7,0,2.6,0,-2.8,0,12.2,1003.3,3.512
17-Dec-14,0,11.6,0,10.3,0,-1.2,0,1.4,998,7.837
18-Dec-14,0,12.8,0,7,0,9.9,0,4.6,997.8,9.37
19-Dec-14,0,7.2,0,4.5,0,0.3,0,0,1008.3,5.48
20-Dec-14,0,8.1,0,4.5,0,-0.1,0,0.1,1019.4,4.429
21-Dec-14,0,13.2,0,7.3,0,0.2,0,0,1013.5,7.104
22-Dec-14,0,13.1,0,11,0,8.6,0,1.6,1005,9.448
23-Dec-14,0,12.6,0,5.6,0,6.6,0,3.3,1002.7,9.413
24-Dec-14,0,6.7,0,3.2,0,-1.5,0,0,1012.5,5.301
25-Dec-14,0,5.3,0,1.5,0,-3.2,0,0.1,1023.5,2.824
26-Dec-14,0,6.3,0,1.1,0,-3.4,0,15,1015.3,3.271
27-Dec-14,0,3.8,0,-1.1,0,-3.7,0,0,1012.3,2.424
28-Dec-14,0,2.5,0,-2.6,0,-7.7,0,0,1025.9,1.354
29-Dec-14,0,5.5,0,-3.9,0,-8.5,0,0,1034.2,0.673
30-Dec-14,0,8.7,0,-0.2,0,-7.9,0,0,1027.5,0.557
31-Dec-14,0,11.7,0,8.1,0,-5.2,0,4.5,1018.1,3.058
01-Jan-15,0,14.1,0,7.7,0,4.3,0,5.1,1008.3,6.897
02-Jan-15,0,7.7,0,3.2,0,-1.9,0,0,1018.2,4.373
03-Jan-15,0,6.8,0,-1.1,0,-0.9,0,9.6,1018.1,3.982
04-Jan-15,0,6.8,0,-2.4,0,-7.1,0,0,1024.4,1.931
05-Jan-15,0,12,0,1.7,0,-5.6,0,0,1014.6,4.214
06-Jan-15,0,10,0,3.1,0,-0.4,0,0.8,1009.8,4.712
07-Jan-15,0,12.1,0,6.8,0,-0.3,0,6.7,1005.6,5.647
08-Jan-15,0,10.1,0,3.9,0,-0.5,0,3.6,1009.7,5.12
09-Jan-15,0,15,0,7.5,0,2.8,0,2.9,1004.9,6.957
10-Jan-15,0,13.4,0,1.8,0,2.1,0,4.3,1003.5,6.729
11-Jan-15,0,7.8,0,1.8,0,-1.5,0,0.1,1007.8,3.789
12-Jan-15,0,9.9,0,4.7,0,1,0,2.8,995.8,5.217
13-Jan-15,0,5.5,0,0,0,-3,0,0,991.4,2.919
14-Jan-15,0,10.7,0,-0.2,0,-4.1,0,6.2,979.5,2.399
15-Jan-15,0,6.3,0,1.8,0,-1.6,0,3.2,977.9,3.316
16-Jan-15,0,3.4,0,0.9,0,-3,0,0.8,995.8,2.138
17-Jan-15,0,4.4,0,-0.5,0,-3.6,0,0,1004,1.413
18-Jan-15,0,5.2,0,-1.6,0,-6.1,0,0,1010.9,1.349
19-Jan-15,0,1.7,0,-4.3,0,-10.3,0,0,1009,0.982
20-Jan-15,0,4.7,0,-0.2,0,-8.8,0,1.7,998.6,1.229
21-Jan-15,0,4.7,0,1.3,0,-0.8,0,0.1,1002.7,2.423
22-Jan-15,0,5.4,0,-0.9,0,-3.2,0,0,1013.1,2.359
23-Jan-15,0,10.6,0,1.6,0,-5.7,0,2.3,1011.5,3.245
24-Jan-15,0,6.7,0,0.6,0,-4.4,0,0,1020.2,2.563
25-Jan-15,0,11.5,0,5,0,-2.4,0,1.2,1019.2,4.68
26-Jan-15,0,9.4,0,3.3,0,-0.7,0,0.3,1019.8,5.088
27-Jan-15,0,8.6,0,4.8,0,-0.5,0,0.1,1015,4.919
28-Jan-15,0,9.5,0,1.5,0,0.3,0,1.4,997.5,4.975
29-Jan-15,0,3.2,0,0.3,0,-0.9,0,6,980,2.92
30-Jan-15,0,6.5,0,1,0,-1.1,0,0,975.7,2.921
31-Jan-15,0,5.2,0,-0.1,0,-3,0,0,989.9,2.351
01-Feb-15,0,4.6,0,-2.3,0,-8.6,0,0,1001.8,1.294
02-Feb-15,0,4.2,0,-3,0,-7.5,0,0,1003.5,1.099
03-Feb-15,0,4.8,0,-5.5,0,-10.5,0,0,1009.2,0.721
04-Feb-15,0,5.5,0,-3.8,0,-9.8,0,0,1020.5,0.5
05-Feb-15,0,7.7,0,0.7,0,-7.6,0,0,1025.7,0.721
06-Feb-15,0,6.2,0,2.2,0,-2.5,0,0,1029.5,2.449
07-Feb-15,0,7.6,0,0.2,0,0,0,0,1034.4,4.011
08-Feb-15,0,2.3,0,-2,0,-6.9,0,0,1036,2.789
09-Feb-15,0,5,0,0.8,0,0.3,0,0,1031.9,3.576
10-Feb-15,0,5.1,0,1.6,0,1.8,0,0,1024.8,4.149
11-Feb-15,0,6.1,0,0.8,0,-2.5,0,0,1017.4,3.962
12-Feb-15,0,8.1,0,2.9,0,0.8,0,0.1,1006.2,4.408
13-Feb-15,0,8.9,0,3.5,0,3.7,0,2.8,991.1,5.442
14-Feb-15,0,10.1,0,2.7,0,-1.5,0,0,999,6.091
15-Feb-15,0,10.4,0,-0.1,0,-5.5,0,5.6,1004.6,5.008
16-Feb-15,0,7.7,0,-0.1,0,-0.2,0,0.6,1012.8,5.56
17-Feb-15,0,9.2,0,0,0,-6.2,0,0,1026.9,4.143
18-Feb-15,0,12.7,0,7.5,0,1.5,0,0,1020.3,6.328
19-Feb-15,0,10.3,0,1.6,0,4.9,0,3.3,1008.2,6.658
20-Feb-15,0,6.7,0,0.8,0,-5.3,0,0,1000.3,3.859
21-Feb-15,0,7.1,0,0.8,0,-3.9,0,0,999.2,3.896
22-Feb-15,0,10.9,0,0.3,0,-5.7,0,4,990.2,4.092
23-Feb-15,0,6,0,0.7,0,-1.3,0,4.4,978.5,3.982
24-Feb-15,0,7.8,0,2.9,0,0,0,1.7,993.7,4.558
25-Feb-15,0,11.8,0,6.1,0,2.6,0,1.7,1005,6.747
26-Feb-15,0,12.2,0,1.5,0,4.9,0,1.8,1004.5,7.69
27-Feb-15,0,8.7,0,1,0,-4.7,0,0,1006.8,4.794
28-Feb-15,0,12.3,0,6.3,0,0.2,0,0.4,991,6.744
01-Mar-15,0,6.3,0,0.4,0,-0.6,0,6.7,989.6,4.218
02-Mar-15,0,5.2,0,0.4,0,-2.7,0,4.1,997.5,3.413
03-Mar-15,0,6,0,0.3,0,-3,0,0.3,1008.8,3.71
04-Mar-15,0,9.9,0,1.1,0,-2.8,0,0,1023,4.131
05-Mar-15,0,11.1,0,6.7,0,-1,0,0,1028.2,6.27
06-Mar-15,0,12.4,0,8.1,0,4.5,0,0,1017.5,7.318
07-Mar-15,0,14.8,0,9.5,0,4.8,0,0,1007.2,8.714
08-Mar-15,0,11.7,0,-0.3,0,6.3,0,3.4,1012.5,8.824
09-Mar-15,0,14.3,0,-0.5,0,-4.2,0,1.9,1010.5,6.925
10-Mar-15,0,11.6,0,1.6,0,-3.8,0,0,1021.5,6.427
11-Mar-15,0,12.7,0,2.2,0,-2.5,0,2.6,1014.1,6.936
12-Mar-15,0,12.4,0,3.6,0,-2.4,0,7.4,1012.6,7.078
13-Mar-15,0,9.7,0,-0.6,0,-4.2,0,0,1021.9,6.065
14-Mar-15,0,6.3,0,0.4,0,-3.6,0,0,1028,5.853
15-Mar-15,0,7.2,0,3.7,0,-0.3,0,0,1025.3,5.753
16-Mar-15,0,7.6,0,5.2,0,2.6,0,0,1019.3,6.314
17-Mar-15,0,8.4,0,1.2,0,-3.1,0,0,1021.2,5.571
18-Mar-15,0,11.3,0,-3.1,0,-5,0,0,1028.2,5.583
19-Mar-15,0,11.7,0,-1.7,0,-4.6,0,0,1029.1,6.723
20-Mar-15,0,11.1,0,3.5,0,-1.2,0,0,1024.4,7.576
21-Mar-15,0,11.6,0,1.1,0,-3.3,0,0,1023.5,7.753
22-Mar-15,0,14,0,-1.4,0,-4.2,0,0,1017.6,7.464
23-Mar-15,0,11.5,0,2,0,0.5,0,0.2,1009.8,8.742
24-Mar-15,0,9.6,0,0.4,0,-3.8,0,1.4,1007.8,6.761
25-Mar-15,0,9.3,0,-0.2,0,-5.1,0,5.3,1000.2,5.942
26-Mar-15,0,11.2,0,2.4,0,3.5,0,1.4,1001,8.188
27-Mar-15,0,12.1,0,2,0,-3.6,0,0,1009.4,8.014
28-Mar-15,0,14.8,0,7.7,0,7.9,0,3.2,1000.1,10.562
29-Mar-15,0,9.9,0,3.7,0,6.5,0,8.6,991.6,8.912
30-Mar-15,0,11.6,0,2.8,0,3.2,0,8.8,994.9,7.403
31-Mar-15,0,9.8,0,3.3,0,5.3,0,2.6,1003.5,8.215
01-Apr-15,0,10.3,0,2.6,0,-0.6,0,3.3,1014.8,6.889
02-Apr-15,0,9.9,0,4.9,0,5,0,9.6,1012.1,8.71
03-Apr-15,0,12.1,0,6.8,0,7.7,0,2.2,1013.1,9.92
04-Apr-15,0,15.7,0,5.7,0,0.7,0,0,1020.3,10.249
05-Apr-15,0,13.5,0,5.8,0,0.4,0,0,1022.8,11.045
06-Apr-15,0,17.1,0,1.7,0,-1.9,0,0.1,1027.9,11.693
07-Apr-15,0,17.6,0,2.6,0,-1.6,0,0,1030.5,11.65
08-Apr-15,0,18.9,0,4.5,0,-1.4,0,0,1025.6,11.688
09-Apr-15,0,18.3,0,2,0,-2.6,0,0,1018.1,11.813
10-Apr-15,0,16.9,0,2.2,0,-3.2,0,0.6,1006.7,11.461
11-Apr-15,0,11.5,0,2.7,0,-1.2,0,5.5,1007.6,10.997
12-Apr-15,0,10.6,0,2.8,0,-0.9,0,7.2,1013.4,9.847
13-Apr-15,0,16.2,0,2.1,0,-2.8,0,0.1,1019.8,10.215
14-Apr-15,0,18.5,0,7.3,0,5.7,0,0,1014.8,11.69
15-Apr-15,0,12.2,0,4.9,0,0,0,0.2,1011.6,10.538
16-Apr-15,0,11.9,0,2.9,0,0.6,0,0,1011.5,11.142
17-Apr-15,0,13.8,0,0.9,0,-2.5,0,0,1016.5,11.036
18-Apr-15,0,11.2,0,6.8,0,3.3,0,0,1023.2,12.18
19-Apr-15,0,11.1,0,4,0,-0.9,0,0,1022,11.177
20-Apr-15,0,13,0,4.8,0,1,0,0,1025.2,11.9
21-Apr-15,0,15.7,0,1.1,0,-2.2,0,0,1030.4,12.702
22-Apr-15,0,16.5,0,3.1,0,-0.8,0,0,1024.8,13.45
23-Apr-15,0,18,0,3.4,0,0,0,0,1013.7,14.385
24-Apr-15,0,15.4,0,3.8,0,-1.9,0,6,1001.8,12.852
25-Apr-15,0,11.1,0,2.6,0,6.4,0,8.2,1000.3,11.528
26-Apr-15,0,11.6,0,-1.9,0,-4.5,0,0.2,1006.8,10.007
27-Apr-15,0,10.3,0,-1.6,0,-4.5,0,1.2,1005.5,9.417
28-Apr-15,0,10.7,0,1,0,-2.1,0,3.1,1005.6,9.969
29-Apr-15,0,12.3,0,2.7,0,-0.1,0,4.4,1002.1,10.708
30-Apr-15,0,12.8,0,2.6,0,-0.4,0,0.1,1005.6,10.938
01-May-15,0,10.9,0,2.9,0,-0.6,0,0,1005.4,11.035
02-May-15,0,9.1,0,5.9,0,5.2,0,25.3,997.2,9.413
03-May-15,0,17.1,0,8.2,0,6.6,0,16.4,987.2,12.702
04-May-15,0,14.8,0,6.5,0,1.6,0,0.3,989.9,13.023
05-May-15,0,13.3,0,6.8,0,7.9,0,11,982.2,12.688
06-May-15,0,14.2,0,6.5,0,2.5,0,4,993.9,11.592
07-May-15,0,12.8,0,5.5,0,1.2,0,0.2,1007.7,12.735
08-May-15,0,10.2,0,4.2,0,0.2,0,14.3,1003.4,10.515
09-May-15,0,15.6,0,6.6,0,6.5,0,1,1006.5,13.15
10-May-15,0,16.8,0,9.3,0,8.2,0,0.9,1007.6,13.7
11-May-15,0,17.3,0,8.7,0,5.6,0,0.3,1004.4,14.733
12-May-15,0,14.6,0,6.3,0,4.7,0,0,1010.5,14.295
13-May-15,0,12.9,0,3.5,0,-0.4,0,0,1011.2,14.36
14-May-15,0,12,0,5,0,3.1,0,1.9,1007.4,12.972
15-May-15,0,15.8,0,2.7,0,-0.4,0,0.3,1012.7,12.373
16-May-15,0,14.7,0,5.6,0,0.8,0,0.1,1017.8,14.645
17-May-15,0,14.1,0,7.1,0,1.9,0,3.2,1012.7,13.738
18-May-15,0,12.8,0,6.2,0,5.8,0,3.2,998.8,14.497
19-May-15,0,13.4,0,4.6,0,3.1,0,4.7,1001.3,14
20-May-15,0,15.4,0,3.2,0,0.2,0,0,1013.1,12.903
21-May-15,0,17.9,0,5.1,0,1.2,0,0,1019,14.69
22-May-15,0,18,0,10.7,0,11.6,0,0,1020.4,16.575
23-May-15,0,20.1,0,7.2,0,2.9,0,0,1018.2,17.747
24-May-15,0,16.8,0,9.7,0,10.9,0,0.5,1014.7,18.712
25-May-15,0,17,0,9.2,0,6.1,0,0,1016.8,16.94
26-May-15,0,17.1,0,8.9,0,8.3,0,0,1020.9,18.26
27-May-15,0,14.1,0,7.4,0,4.4,0,2.8,1014.8,16.177
28-May-15,0,14.8,0,6.1,0,2.4,0,0.8,1006.4,16.228
29-May-15,0,14.6,0,5,0,6.3,0,4.4,1003.3,16.932
30-May-15,0,13.9,0,3.3,0,-0.3,0,4.2,1001,15
31-May-15,0,13.6,0,5.2,0,7.9,0,3.1,998.8,16.24
01-Jun-15,0,12.6,0,4.7,0,0.8,0,4.6,994,13.038
02-Jun-15,0,16,0,6.6,0,2.5,0,0.3,995.8,14.693
03-Jun-15,0,16.4,0,6,0,1.8,0,0.2,1011,15.41
04-Jun-15,0,17.4,0,7.1,0,3.7,0,0,1013.2,16.41
05-Jun-15,0,17.1,0,8.4,0,9.7,0,2.6,1006.7,17.243
06-Jun-15,0,15.8,0,7.2,0,4,0,0.6,1016.1,15.875
07-Jun-15,0,16.8,0,5,0,-0.5,0,0,1027.8,16.26
08-Jun-15,0,14.1,0,5.9,0,2.1,0,0,1032,16.097
09-Jun-15,0,16.3,0,2.8,0,-1.8,0,0,1030.6,17.355
10-Jun-15,0,17.4,0,5.5,0,0.4,0,0,1025.1,19.24
11-Jun-15,0,16.3,0,7.4,0,1.6,0,0,1015.4,18.885
12-Jun-15,0,17,0,10.6,0,7.9,0,0,1007.4,18.597
13-Jun-15,0,18.1,0,10,0,9.9,0,0,1006.6,19.497
14-Jun-15,0,16.4,0,6.8,0,2,0,0,1011.8,19.127
15-Jun-15,0,18.5,0,6.5,0,1.1,0,0,1016.2,19.298
16-Jun-15,0,22.6,0,12.2,0,11,0,0,1017.6,21.423
17-Jun-15,0,20.2,0,9.7,0,14.2,0,0.6,1016.3,20.92
18-Jun-15,0,18.9,0,7.7,0,2.9,0,0,1018,20.45
19-Jun-15,0,19,0,10.1,0,5.4,0,0.2,1018,20.868
20-Jun-15,0,21.8,0,11.7,0,14.7,0,0.1,1014.3,22.067
21-Jun-15,0,17.7,0,8.7,0,7.4,0,0,1009.8,20.888
22-Jun-15,0,18.9,0,8.6,0,3.1,0,0,1009,20.315
23-Jun-15,0,20.5,0,5.6,0,0,0,0,1012.3,21.535
24-Jun-15,0,19.9,0,9.7,0,5.1,0,0,1012.2,21.49
25-Jun-15,0,20.3,0,13.4,0,7.9,0,0,1010.3,20.388
26-Jun-15,0,21.8,0,10.9,0,12.9,0,0,1007.5,21.538
27-Jun-15,0,20,0,9.7,0,4.6,0,1.8,1009.4,20.462
28-Jun-15,0,20.6,0,12.6,0,13.4,0,0,1008.7,21.282
29-Jun-15,0,21,0,12.1,0,9.6,0,0,1012.1,21.2
30-Jun-15,0,25.6,0,16.4,0,15,0,0,1008.2,24.458
01-Jul-15,0,23.6,0,15.8,0,13.1,0,0,1003.7,23.763
02-Jul-15,0,21.2,0,13.8,0,10.1,0,0,1010.8,22.798
03-Jul-15,0,20.9,0,10.5,0,4.6,0,0.3,1012.2,22.77
04-Jul-15,0,22.4,0,11.6,0,13.6,0,0.5,1007.3,23.593
05-Jul-15,0,19.6,0,11.1,0,6.2,0,8.6,1008.4,21.068
06-Jul-15,0,20.3,0,10.3,0,5.8,0,5.7,1003.9,18.315
07-Jul-15,0,18.8,0,12.4,0,11.7,0,5.1,997.9,18.905
08-Jul-15,0,18.2,0,8.4,0,12.2,0,0.3,1007.7,19.03
09-Jul-15,0,19,0,5.5,0,0.1,0,0,1016.3,17.835
10-Jul-15,0,21.2,0,14.1,0,11.5,0,0,1009.8,19.76
11-Jul-15,0,18,0,11,0,7.6,0,1.5,1007,18.158
12-Jul-15,0,18.6,0,12.5,0,10.8,0,0,1007.3,18.83
13-Jul-15,0,21,0,13,0,10.3,0,5.8,1006.7,19.292
14-Jul-15,0,17.1,0,12,0,11.1,0,0.3,1012.6,18.892
15-Jul-15,0,18.5,0,8.3,0,2.8,0,0,1015.4,18.587
16-Jul-15,0,16.3,0,8.7,0,3.3,0,10.4,1006.2,16.532
17-Jul-15,0,18.2,0,11,0,12,0,0.2,1001.1,18.315
18-Jul-15,0,20.7,0,9.3,0,5.4,0,6.2,1004.5,17.565
19-Jul-15,0,18.4,0,8.1,0,4.4,0,1.8,1002.4,18.08
20-Jul-15,0,21.6,0,12.3,0,8.6,0,0.6,999.5,18.745
21-Jul-15,0,19.3,0,10.2,0,10,0,0.2,1002.7,18.435
22-Jul-15,0,17.7,0,9.9,0,5.7,0,0.1,1008.7,17.392
23-Jul-15,0,18.1,0,10.1,0,5.2,0,0,1009.7,17.882
24-Jul-15,0,15.8,0,9.2,0,5.6,0,0,1008.1,17.3
25-Jul-15,0,17.7,0,6.9,0,0.9,0,0,1008.7,17.055
26-Jul-15,0,13.9,0,10.7,0,6.2,0,8.6,996.4,15.735
27-Jul-15,0,18.8,0,11.7,0,11.9,0,3.1,993.2,16.753
28-Jul-15,0,17.8,0,9.7,0,10.1,0,3.2,1000.3,17.823
29-Jul-15,0,16.9,0,8.2,0,5.5,0,1.9,1008.8,16.693
30-Jul-15,0,16.5,0,6.5,0,0.7,0,0.5,1014.9,16.033
31-Jul-15,0,18.1,0,10.6,0,8.1,0,2.2,1010.3,16.993
01-Aug-15,0,19.2,0,8.2,0,3.1,0,0,1007.5,17.592
02-Aug-15,0,17.7,0,11.8,0,11.6,0,7,1001.9,17.055
03-Aug-15,0,19.8,0,13.8,0,13.4,0,0.1,996.3,17.935
04-Aug-15,0,19.3,0,13.1,0,11.8,0,0.8,998.5,17.972
05-Aug-15,0,19.3,0,11.7,0,10.9,0,4.5,1000.1,17.233
06-Aug-15,0,18.8,0,9.5,0,5,0,0.1,1005.4,18.01
07-Aug-15,0,17,0,9.8,0,8.6,0,1.4,1014,17.15
08-Aug-15,0,19.3,0,7.2,0,1.9,0,0.5,1015,16.718
09-Aug-15,0,20.3,0,14.5,0,12.7,0,0.2,1009.7,17.722
10-Aug-15,0,20.3,0,11.7,0,10.5,0,0.2,1008,18.63
11-Aug-15,0,18.8,0,8.8,0,5.4,0,0,1015.4,17.82
12-Aug-15,0,19.7,0,6.5,0,1.4,0,0,1018.9,18.562
13-Aug-15,0,20.7,0,7.6,0,2.6,0,0,1012.3,19.528
14-Aug-15,0,17,0,8.7,0,7.4,0,0.7,1005.2,18.49
15-Aug-15,0,16.7,0,7,0,1.3,0,0,1007.7,16.472
16-Aug-15,0,18.5,0,8.3,0,4.2,0,0.3,1011.4,17.395
17-Aug-15,0,20.7,0,8.5,0,3.4,0,0,1013,17.59
18-Aug-15,0,24.2,0,8.6,0,3.8,0,0,1009.5,19.042
19-Aug-15,0,20.8,0,10.7,0,7.5,0,11,1005,18.365
20-Aug-15,0,22.3,0,10.9,0,6.3,0,0,1006.3,17.695
21-Aug-15,0,22.4,0,14.5,0,12.5,0,0.3,1006.8,18.83
22-Aug-15,0,17.2,0,11.2,0,7,0,2.9,1003.9,17.283
23-Aug-15,0,14.7,0,12.3,0,12.8,0,32.3,995.9,15.943
24-Aug-15,0,18.7,0,6.8,0,7.7,0,0,996.6,17
25-Aug-15,0,14.9,0,5.3,0,0.5,0,10.9,995.8,14.105
26-Aug-15,0,18.7,0,9.6,0,5.6,0,5.4,989.9,16.272
27-Aug-15,0,19.6,0,9.8,0,5.3,0,5,997.1,15.69
28-Aug-15,0,19.6,0,9.5,0,4.4,0,0.3,1004.7,15.773
29-Aug-15,0,19,0,11,0,6.6,0,3.4,1010.3,16.208
30-Aug-15,0,18.2,0,8.5,0,5,0,0,1013.4,15.993
31-Aug-15,0,16.5,0,8.9,0,5.3,0,8.2,1013.7,15.135
01-Sep-15,0,16.6,0,8.1,0,3.8,0,1.3,1016,14.837
02-Sep-15,0,15.2,0,7.3,0,2,0,0.1,1015.9,13.948
03-Sep-15,0,14.7,0,9.1,0,7.9,0,0.1,1014.7,13.892
04-Sep-15,0,16.6,0,10.9,0,10.2,0,0,1016.3,14.368
05-Sep-15,0,16.7,0,7,0,2.5,0,0,1020.7,14.608
06-Sep-15,0,15.1,0,5.4,0,-0.2,0,0,1025.4,13.167
07-Sep-15,0,16.2,0,10.5,0,10.1,0,0,1026.4,15.017
08-Sep-15,0,18.9,0,8.7,0,4.5,0,0,1021.6,15.71
09-Sep-15,0,17,0,8.9,0,2.9,0,0.1,1016.2,14.762
10-Sep-15,0,18.7,0,9.4,0,3.5,0,0,1012,15.38
11-Sep-15,0,16.8,0,12,0,7.1,0,8,1002.6,14.91
12-Sep-15,0,16.9,0,9.6,0,10.6,0,4.4,997.2,15.545
13-Sep-15,0,15.9,0,9.6,0,4.7,0,1,995.4,13.968
14-Sep-15,0,14.2,0,11.4,0,5.7,0,1.6,989.5,13.745
15-Sep-15,0,16.9,0,8.1,0,8.9,0,0,990,14.778
16-Sep-15,0,15.9,0,6.1,0,2.2,0,0,988.1,13.948
17-Sep-15,0,17.4,0,7.4,0,1.8,0,3.4,994,14.24
18-Sep-15,0,16.3,0,8.5,0,5.7,0,0.3,1007.8,14.735
19-Sep-15,0,18.2,0,8.2,0,3.1,0,0,1017.9,14.202
20-Sep-15,0,17.4,0,11.3,0,4.9,0,5,1013.3,14.36
21-Sep-15,0,17.1,0,7.9,0,9,0,9,1002.2,15.212
22-Sep-15,0,15.9,0,6.5,0,3.1,0,0.1,1001.3,13.275
23-Sep-15,0,17.7,0,7.1,0,1.4,0,0,1003.8,13.07
24-Sep-15,0,15,0,7.8,0,2.7,0,2,1007,12.94
25-Sep-15,0,15.7,0,5.4,0,0.2,0,0.1,1016.4,12.028
26-Sep-15,0,17.9,0,7.2,0,3.2,0,0,1022.4,13.727
27-Sep-15,0,18.5,0,6.4,0,1.4,0,0,1026.8,12.593
28-Sep-15,0,18.5,0,6.6,0,1.6,0,0.1,1028.1,12.545
29-Sep-15,0,18.5,0,7.3,0,1.7,0,0.2,1029.2,13.023
30-Sep-15,0,15.5,0,7.2,0,2.1,0,0,1029.5,12.173
01-Oct-15,0,17.4,0,5.9,0,1,0,0.1,1027,12.19
02-Oct-15,0,15.9,0,9,0,0.4,0,0,1020.3,13.483
03-Oct-15,0,10.9,0,6.7,0,6.8,0,0,1012.1,12.485
04-Oct-15,0,14.7,0,2.9,0,-1.6,0,0,1003.2,11.632
05-Oct-15,0,17.7,0,12.1,0,10.8,0,10.8,991.5,13.548
06-Oct-15,0,18.1,0,9.4,0,6.2,0,2.4,993,14.32
07-Oct-15,0,15.8,0,5.9,0,1.5,0,0,1005.4,12.968
08-Oct-15,0,17.6,0,4.8,0,-0.1,0,0,1013.1,11.71
09-Oct-15,0,17.4,0,9.1,0,5.4,0,0,1015.1,12.892
10-Oct-15,0,14.4,0,9,0,6.9,0,0,1014.6,12.637
11-Oct-15,0,15.2,0,6.5,0,6.3,0,0,1014.1,12.023
12-Oct-15,0,13.7,0,4.7,0,2.5,0,0,1018.9,11.047
13-Oct-15,0,13.8,0,2.1,0,-2.8,0,0.1,1022.7,9.145
14-Oct-15,0,12.3,0,2.6,0,-1.7,0,0,1021.2,8.493
15-Oct-15,0,13.2,0,1.5,0,-2.6,0,0,1020.1,8.241
16-Oct-15,0,14,0,2.6,0,-1.5,0,0,1021.4,8.955
17-Oct-15,0,12.7,0,7.8,0,1,0,0.1,1019.4,9.708
18-Oct-15,0,12.2,0,8.4,0,3.8,0,1.5,1018.4,10.345
19-Oct-15,0,12.7,0,5.3,0,8.8,0,0.6,1021.5,11.085
20-Oct-15,0,12.5,0,5.3,0,0.1,0,4.5,1017.8,9.955
21-Oct-15,0,15.3,0,11.7,0,10.1,0,0.4,1008.2,12.405
22-Oct-15,0,14.8,0,8.8,0,5.4,0,0.1,1010,11.673
23-Oct-15,0,14.5,0,9.2,0,4.8,0,0,1008,11.342
24-Oct-15,0,13.7,0,4.3,0,7.2,0,6.2,1007.4,10.923
25-Oct-15,0,13.3,0,4.9,0,-0.9,0,0,1011.4,8.357
26-Oct-15,0,14,0,10.8,0,7.1,0,1.8,1002,10.477
27-Oct-15,0,13.2,0,8.9,0,11.6,0,9.7,998.9,11.858
28-Oct-15,0,14.5,0,6.2,0,1.5,0,0.4,996.1,10.44
29-Oct-15,0,14.3,0,7.7,0,3.5,0,4,997.2,11.123
30-Oct-15,0,16.2,0,10.2,0,5.4,0,3.2,1003.7,11.365
31-Oct-15,0,16.5,0,7.9,0,10.6,0,0,1012.9,12.517
01-Nov-15,0,16.6,0,4.6,0,1.4,0,0.1,1020.7,10.187
02-Nov-15,0,15.8,0,9.2,0,5,0,0.2,1015,11.452
03-Nov-15,0,13.6,0,7,0,3.1,0,0.1,1008.9,11.048
04-Nov-15,0,11.8,0,5.9,0,8.8,0,0,1006,11.05
05-Nov-15,0,14,0,5.8,0,1.7,0,4.9,1000.3,10.56
06-Nov-15,0,17,0,7.8,0,6.8,0,0.6,1001.4,11.265
07-Nov-15,0,12.6,0,8.1,0,2.6,0,11.2,1006.8,10.04
08-Nov-15,0,14.9,0,6.3,0,2.1,0,9.9,1005.8,9.312
09-Nov-15,0,16.5,0,8.1,0,0.3,0,3.5,1004.4,10.33
10-Nov-15,0,17.7,0,14.6,0,11.8,0,0,1006.9,13.052
11-Nov-15,0,15.6,0,8.9,0,11.1,0,7,1008.2,12.328
12-Nov-15,0,15.6,0,5.8,0,1.4,0,5,1004.3,9.417
13-Nov-15,0,8.1,0,3.1,0,0.7,0,2.9,1009.4,7.444
14-Nov-15,0,14.8,0,5.5,0,0.8,0,16.3,1007,7.933
15-Nov-15,0,16.4,0,11.4,0,6.6,0,1.8,993.1,12.16
16-Nov-15,0,11.4,0,5.5,0,0.9,0,0.7,996.6,9.31
17-Nov-15,0,15.2,0,5.9,0,2.6,0,3.4,990.4,8.858
18-Nov-15,0,12.5,0,7.3,0,2.7,0,12.9,996.5,8.91
19-Nov-15,0,9.6,0,4.4,0,3.5,0,0,1005.1,7.787
20-Nov-15,0,7.5,0,0.6,0,-1.2,0,1.2,1005.2,5.406
21-Nov-15,0,5.2,0,1.5,0,-3.3,0,0.4,1009.2,4.319
22-Nov-15,0,8.2,0,-1,0,-2.4,0,0,1013.4,4.103
23-Nov-15,0,9.2,0,-1.2,0,-4.8,0,2.6,1013.8,4.15
24-Nov-15,0,9.2,0,6.5,0,0.8,0,0.8,1007,6.725
25-Nov-15,0,10.8,0,7.8,0,4.6,0,1.3,1011,8.052
26-Nov-15,0,12.2,0,9.8,0,3.4,0,0.1,1012.7,9.222
27-Nov-15,0,12,0,1.9,0,6,0,4.3,1002.6,8.737
28-Nov-15,0,7.8,0,2.1,0,-1.5,0,4.8,999.7,5.574
29-Nov-15,0,11.7,0,3.7,0,2.4,0,3.8,999.5,6.792
30-Nov-15,0,12.6,0,2.4,0,-1,0,5.4,1004.3,6.647
01-Dec-15,0,14.1,0,4.3,0,-0.1,0,1.1,1008.3,8.199
02-Dec-15,0,13,0,4.9,0,5.7,0,0.5,1008.2,8.661
03-Dec-15,0,7.1,0,3.1,0,2.5,0,30.8,1006.8,6.807
04-Dec-15,0,12.1,0,5.2,0,0,0,4.1, ,6.308
05-Dec-15,0,13.3,0,10.6,0,5.1,0,7.4,996.8,9.012
06-Dec-15,0,13.1,0,3.6,0,0.9,0,2.7,1001.8,8.24
07-Dec-15,0,14.8,0,8.1,0,-0.1,0,2.2,1005.6,9.057
08-Dec-15,0,12.8,0,4.2,0,4.5,0,0.9,1009.6,7.505
09-Dec-15,0,12.5,0,4.9,0,-1.7,0,10.4,1014,6.683
10-Dec-15,0,9.4,0,4.5,0,0,0,3.4,1011.3,6.533
11-Dec-15,0,7.2,0,3.6,0,-0.4,0,0.2,1013.2,4.241
12-Dec-15,0,7.6,0,3.4,0,-0.8,0,38.5,1006.9,5.052
13-Dec-15,0,9.7,0,3.8,0,1.7,0,1.6,1008.8,5.716
14-Dec-15,0,10.7,0,7.5,0,2.1,0,7.1,1004.4,7.141
15-Dec-15,0,13,0,9.3,0,3.6,0,0.9,999.3,8.124
16-Dec-15,0,15.4,0,11.7,0,8,0,1.5,1000,10.038
17-Dec-15,0,15.1,0,10.8,0,7.9,0,1.6,1000.4,10.267
18-Dec-15,0,15.6,0,10.4,0,5,0,1.3,1000.4,9.153
19-Dec-15,0,15.6,0,9.9,0,10.5,0,1.4,992.9,10.773
20-Dec-15,0,10.2,0,6.5,0,3.7,0,0.7,995.4,7.898
21-Dec-15,0,12.9,0,5.1,0,-0.5,0,1.8,997.5,6.181
22-Dec-15,0,14.1,0,7.7,0,4.1,0,4.3,993.9,8.292
23-Dec-15,0,12,0,3.4,0,0.5,0,3.9,998.5,5.876
24-Dec-15,0,11.6,0,2.8,0,1.3,0,9.4,998.2,5.875
25-Dec-15,0,12.6,0,2.4,0,-1.8,0,19.2,1004,4.307
26-Dec-15,0,12.7,0,3.5,0,3.4,0,11.1,1001.7,7.37
27-Dec-15,0,13,0,-0.8,0,-5.5,0,0,1007.6,4.319
28-Dec-15,0,13.6,0,8.1,0,-5.2,0,4.9,998.6,7.762
29-Dec-15,0,14.1,0,6.6,0,1.2,0,4,995.5,7.169
30-Dec-15,0,14.2,0,4.4,0,1.5,0,16.2,987.7,8.273
31-Dec-15,0,7.1,0,0.8,0,-0.7,0,0.8,1000.2,5.061
01-Jan-16,0,8.7,0,-0.9,0,-6.5,0,12,999.3,3.997
02-Jan-16,0,10.8,0,5.5,0,2.6,0,3.5,990.6,7.583
03-Jan-16,0,10.1,0,3.3,0,0.5,0,5.4,980.6,6.434
04-Jan-16,0,9.7,0,2.9,0,-1.7,0,0.8,970.8,4.969
05-Jan-16,0,7.1,0,4.6,0,-1.5,0,23.4,980.1,5.88
06-Jan-16,0,8,0,3.7,0,-0.9,0,5.3,980.4,5.899
07-Jan-16,0,9,0,2.7,0,-0.3,0,0.2,978.6,4.933
08-Jan-16,0,6.8,0,1.6,0,-2.2,0,0.6,986.6,3.075
09-Jan-16,0,6.1,0,0.8,0,-3.3,0,20.2,977,3.259
10-Jan-16,0,6,0,0.5,0,-0.4,0,1,971.9,3.147
11-Jan-16,0,5.2,0,-0.9,0,-6.9,0,0,979.9,1.85
12-Jan-16,0,6.4,0,0.4,0,-1.5,0,0.1,998.2,2.304
13-Jan-16,0,5.5,0,-0.2,0,-6.1,0,1,1003.4,1.668
14-Jan-16,0,4.8,0,-0.2,0,-5.9,0,0.4,1007,1.841
15-Jan-16,0,4.5,0,-0.5,0,-5.4,0,0.1,1019.8,1.217
16-Jan-16,0,6.7,0,-0.5,0,-6.6,0,0.2,1022.3,0.88
17-Jan-16,0,8.9,0,1.6,0,-1.3,0,0.1,1011.9,2.794
18-Jan-16,0,7.6,0,3.6,0,0.3,0,0.4,1005.2,5.264
19-Jan-16,0,8,0,0.4,0,-1.2,0,0,1009.7,4.587
20-Jan-16,0,6.6,0,-1.4,0,-7,0,1.3,1010,2.38
21-Jan-16,0,13.1,0,5.5,0,-6.2,0,0,1003.3,5.641
22-Jan-16,0,13.2,0,8,0,6.9,0,2.1,1003.6,7.522
23-Jan-16,0,13,0,7.5,0,0.1,0,0.3,1013,5.932
24-Jan-16,0,15.1,0,12.6,0,6.3,0,0,1009.1,9.062
25-Jan-16,0,14.5,0,6.4,0,10.5,0,0.4,1003.8,9.31
26-Jan-16,0,13.9,0,8.5,0,0.7,0,11.8,998,8.486
27-Jan-16,0,13.3,0,2.4,0,3.4,0,7.8,997.6,8.007
28-Jan-16,0,11.5,0,2.4,0,-2,0,2.7,1007,5.076
29-Jan-16,0,11.9,0,5.6,0,1.8,0,2.5,1000.4,7.339
30-Jan-16,0,5.6,0,1.8,0,-1,0,0.2,1001.3,4.676
31-Jan-16,0,12.2,0,3.5,0,-1.1,0,1.6,997.4,6.115
01-Feb-16,0,12.1,0,5.6,0,8,0,1.6,1000.5,8.028
02-Feb-16,0,7,0,1.7,0,0.5,0,0.3,1007.2,4.755
03-Feb-16,0,8.1,0,1.6,0,-3,0,0.6,1015.7,4.168
04-Feb-16,0,11.4,0,7,0,-1.3,0,0.2,1016.3,7.224
05-Feb-16,0,10.6,0,3,0,6,0,5,1004.1,7.303
06-Feb-16,0,11.2,0,3.4,0,-2.6,0,1.4,982.9,5.608
07-Feb-16,0,8.9,0,2.5,0,-1,0,3.5,973.5,4.148
08-Feb-16,0,8.1,0,3.6,0,1.5,0,4.7,972.1,5.416
09-Feb-16,0,4.4,0,1.6,0,-0.6,0,3.2,982.2,4.088
10-Feb-16,0,7.6,0,-0.6,0,-2.7,0,0,992.5,3.831
11-Feb-16,0,7.9,0,-1.6,0,-6.6,0,0,993.2,3.086
12-Feb-16,0,7.2,0,-0.3,0,-4.6,0,1.6,985.8,3.783
13-Feb-16,0,6.8,0,5.1,0,2.4,0,0.9,982.1,5.081
14-Feb-16,0,7,0,0.6,0,1.6,0,2,999.9,4.175
15-Feb-16,0,6.8,0,-2.3,0,-8.6,0,0,1021.8,2.451
16-Feb-16,0,9.4,0,1.2,0,-4.8,0,8.6,1016.6,4.015
17-Feb-16,0,5.9,0,-2,0,1,0,8,1007.1,5.085
18-Feb-16,0,8.1,0,-1.9,0,-8,0,0.5,1007.7,2.979
19-Feb-16,0,10.5,0,2.4,0,-3.9,0,0.1,1003.2,4.427
20-Feb-16,0,9.9,0,6.8,0,3,0,3.1,999.3,6.032
21-Feb-16,0,12.1,0,5.3,0,6.3,0,4.8,999.4,8.317
22-Feb-16,0,8.5,0,1.7,0,-3,0,0,1005.7,6.283
23-Feb-16,0,8.4,0,-2.3,0,-6.4,0,0,1013,4.496
24-Feb-16,0,7.8,0,-3.3,0,-8.9,0,0,1014.5,3.564
25-Feb-16,0,5.4,0,-1.9,0,-8.2,0,0,1009.4,3.394
26-Feb-16,0,9.1,0,1.5,0,-2.2,0,0,1001.5,4.549
27-Feb-16,0,6.9,0,2.3,0,1.6,0,0,1008,4.651
28-Feb-16,0,8.4,0,-1,0,-2.2,0,0,1018.4,4.575
29-Feb-16,0,11.1,0,-1,0,-5.8,0,5.7,1012.7,4.079
01-Mar-16,0,12.2,0,2.4,0,2.9,0,4.7,999.3,7.912
02-Mar-16,0,8.9,0,1.3,0,-0.2,0,4,994.1,5.876
03-Mar-16,0,9.4,0,0.4,0,0.1,0,2.9,996.5,5.832
04-Mar-16,0,7.1,0,0,0,-3,0,5.1,991.4,3.706
05-Mar-16,0,8.7,0,-0.1,0,-2.3,0,0.2,1002.5,4.599
06-Mar-16,0,6.3,0,-0.9,0,-5.4,0,0,1003.3,4.029
07-Mar-16,0,8.9,0,-0.9,0,-5.8,0,0,1007.1,4.226
08-Mar-16,0,9.8,0,2.7,0,-2,0,3.7,1000.6,6
09-Mar-16,0,10.2,0,2.3,0,-0.9,0,1,1002.1,6.329
10-Mar-16,0,12.4,0,2.9,0,-1.3,0,0,1015.5,7.005
11-Mar-16,0,13.5,0,6.2,0,2.1,0,0,1018.9,8.498
12-Mar-16,0,14.8,0,9.5,0,6.9,0,0,1022,9.788
13-Mar-16,0,13.5,0,6.6,0,7,0,0,1027.5,9.653
14-Mar-16,0,10.5,0,3.2,0,-2.6,0,0,1027.4,8.222
15-Mar-16,0,10.7,0,3.4,0,-1.9,0,0,1026.8,7.727
16-Mar-16,0,9.5,0,5.4,0,-0.2,0,0,1027.3,7.956
17-Mar-16,0,8.9,0,-0.4,0,-0.8,0,0,1026.1,7.15
18-Mar-16,0,7.9,0,-2.1,0,-6.8,0,0,1024,5.88
19-Mar-16,0,7.6,0,2.9,0,5.7,0,0,1023.9,7.129
20-Mar-16,0,10.8,0,1.3,0,-2.3,0,0,1022,7.518
21-Mar-16,0,8.4,0,1.2,0,-3.9,0,0,1018.3,6.95
22-Mar-16,0,8.6,0,5.8,0,4.9,0,0,1013.8,8.059
23-Mar-16,0,12.4,0,5.4,0,4.3,0,0,1009.3,8.922
24-Mar-16,0,12.4,0,4.7,0,2,0,2.2,1003,8.846
25-Mar-16,0,14.1,0,4,0,-1,0,0.1,1000.6,8.424
26-Mar-16,0,12.1,0,4.9,0,7.6,0,5.8,985.9,9.283
27-Mar-16,0,10.4,0,1.8,0,1.9,0,2.2,980.7,7.595
28-Mar-16,0,11.9,0,1.2,0,-2.9,0,0,983.2,7.406
29-Mar-16,0,11.2,0,1.5,0,-2.5,0,0,991.8,7.897
30-Mar-16,0,11.7,0,2.2,0,-3.3,0,0.3,1001.3,7.764
31-Mar-16,0,12.9,0,1.8,0,-3.8,0,0,1010,7.705
01-Apr-16,0,11.1,0,6.2,0,-0.3,0,3.3,1004,8.079
02-Apr-16,0,9.6,0,5.7,0,4.1,0,5.9,1000.1,8.497
03-Apr-16,0,10.5,0,6.2,0,5.4,0,3.5,995.8,8.15
04-Apr-16,0,12.3,0,5,0,2.7,0,2.1,996.6,9.505
05-Apr-16,0,13.1,0,2.5,0,-1,0,0.3,1000.6,9.154
06-Apr-16,0,9.8,0,3.6,0,1.8,0,3.1,999.3,9.245
07-Apr-16,0,13.1,0,3.7,0,0.8,0,1.1,1005.8,8.947
08-Apr-16,0,11,0,1.9,0,0.8,0,1.6,1003.5,8.686
09-Apr-16,0,9.1,0,0.2,0,-3.5,0,0.3,995.3,8.032
10-Apr-16,0,10.4,0,-1.4,0,-4.9,0,2.2,998.5,6.832
11-Apr-16,0,8.5,0,6.9,0,6,0,31.9,1001.4,7.853
12-Apr-16,0,13.9,0,4.1,0,5.9,0,0.1,999.5,10.362
13-Apr-16,0,12.7,0,2.1,0,-1.6,0,0.1,1002.8,9.908
14-Apr-16,0,11.1,0,4.7,0,7,0,1.3,1003.6,10.13
15-Apr-16,0,10.3,0,2,0,-0.4,0,0.6,999.4,8.974
16-Apr-16,0,9.3,0,0.3,0,-4.6,0,0.2,1004.5,7.637
17-Apr-16,0,11.4,0,-0.6,0,-5,0,0,1011.1,8.643
18-Apr-16,0,13.1,0,6.6,0,5.6,0,0,1016.5,10.593
19-Apr-16,0,12.2,0,4.3,0,5.9,0,0,1022.7,11.217
20-Apr-16,0,14.6,0,2.2,0,-3.3,0,0,1023.1,11.172
21-Apr-16,0,13.9,0,3.1,0,-2.3,0,0,1019.7,11.137
22-Apr-16,0,12.2,0,5.4,0,3.9,0,0,1017.8,12.398
23-Apr-16,0,12.9,0,1,0,-4,0,0,1018.8,11.233
24-Apr-16,0,12.9,0,1.8,0,-3.3,0,0,1016.6,11.212
25-Apr-16,0,13.4,0,2.7,0,5.2,0,0.2,1010.8,12.372
26-Apr-16,0,10.9,0,1,0,-3.4,0,1.6,1009.9,9.419
27-Apr-16,0,9,0,0.1,0,-3.1,0,2.5,1010.4,9.108
28-Apr-16,0,9.7,0,1.3,0,-3.2,0,2.7,1005.3,8.033
29-Apr-16,0,11,0,1.4,0,-1.6,0,2.3,1007.2,8.932
30-Apr-16,0,12.2,0,3.1,0,-1.2,0,0,1015.2,9.832
01-May-16,0,16.9,0,7.8,0,2.4,0,0.8,1012.6,11.837
02-May-16,0,14,0,6.2,0,8.3,0,5.3,1009.9,13.102
03-May-16,0,14.7,0,5.4,0,0.4,0,0,1017.2,12.243
04-May-16,0,15.6,0,7.1,0,3.1,0,0,1014.9,13.79
05-May-16,0,16.7,0,9,0,6.9,0,0,1011.3,15.783
06-May-16,0,15.8,0,5.9,0,2.9,0,0,1007.6,15.403
07-May-16,0,13.1,0,7.8,0,6.4,0,4.7,1001.5,12.988
08-May-16,0,20.1,0,11.4,0,9.9,0,1.4,999.6,15.76
09-May-16,0,17.1,0,10,0,7.1,0,0,1002.8,15.077
10-May-16,0,18.5,0,11,0,9.2,0,11,1002.5,14.67
11-May-16,0,16.8,0,11,0,11.2,0,0.6,1001,13.923
12-May-16,0,19,0,10.7,0,10.6,0,0.6,1003.5,15.953
13-May-16,0,15.9,0,8.3,0,5.7,0,0,1009.6,16.52
14-May-16,0,13.8,0,6.3,0,3.6,0,0,1015.7,16.495
15-May-16,0,16.5,0,4.5,0,2.2,0,0,1018,17.218
16-May-16,0,14.3,0,4.8,0,2.1,0,0,1015.2,17.478
17-May-16,0,18.3,0,7.5,0,2.7,0,0.9,1004.6,17.583
18-May-16,0,15.7,0,6.4,0,6.9,0,0.4,999.7,16.622
19-May-16,0,19.3,0,5.8,0,1.4,0,4.4,1001.9,15.405
20-May-16,0,15.2,0,9.9,0,6.4,0,0.7,1000.4,15.09
21-May-16,0,18,0,8.3,0,9,0,13.3,995.5,15.615
22-May-16,0,15.2,0,6,0,2.6,0,6.7,1004.3,14.908
23-May-16,0,15.4,0,6.1,0,2.6,0,0.1,1014.5,14.498
24-May-16,0,16.3,0,4.1,0,-0.9,0,0,1016.9,15.095
25-May-16,0,13.2,0,9.1,0,3.6,0,0,1014.9,14.875
26-May-16,0,12.2,0,8.3,0,7.8,0,0.1,1012,13.283
27-May-16,0,15.4,0,5.9,0,0.2,0,0,1011.8,14.515
28-May-16,0,18,0,9.8,0,6.2,0,0,1010.4,16.27
29-May-16,0,19.5,0,8.4,0,3.9,0,0,1011.7,18.32
30-May-16,0,20.7,0,7.3,0,2.3,0,0,1016.6,19.882
31-May-16,0,21.8,0,8.2,0,3.1,0,0,1020.6,20.858
01-Jun-16,0,18.4,0,7.9,0,2.7,0,0,1022.9,20.583
02-Jun-16,0,17.6,0,6.9,0,1.8,0,0,1018.7,20.555
03-Jun-16,0,18.6,0,5.3,0,-0.1,0,0,1013.6,20.503
04-Jun-16,0,21.2,0,6.5,0,1.4,0,0,1013.6,20.722
05-Jun-16,0,22.5,0,13.5,0,8.6,0,0,1014.7,23.12
06-Jun-16,0,23,0,11.4,0,7,0,1,1014.9,21.763
07-Jun-16,0,21.5,0,14.3,0,13.4,0,0.6,1017.3,20.71
08-Jun-16,0,20.1,0,12.6,0,9.8,0,0,1019,21.028
09-Jun-16,0,21.6,0,12,0,12.6,0,0,1013.9,21.712
10-Jun-16,0,19.9,0,14.1,0,12.2,0,5.3,1007.3,20.573
11-Jun-16,0,20.1,0,13.6,0,13.4,0,2.2,1002.6,19.717
12-Jun-16,0,21.8,0,12.9,0,13.1,0,4.7,999.8,19.515
13-Jun-16,0,18.4,0,11.8,0,11.7,0,3.8,996.1,18.272
14-Jun-16,0,17,0,11.2,0,13.8,0,19.3,991.1,17.41
15-Jun-16,0,18,0,8.9,0,6.2,0,0.5,993,17.272
16-Jun-16,0,13.8,0,9.3,0,6.7,0,0.8,999.2,14.69
17-Jun-16,0,14.9,0,8.5,0,9.4,0,0,1007.5,14.73
18-Jun-16,0,17.5,0,6.8,0,2.8,0,0,1014.7,15.105
19-Jun-16,0,18.7,0,13.1,0,12.6,0,7.7,1010.1,17.255
20-Jun-16,0,19.5,0,13.5,0,11.9,0,0.8,1005.5,18.26
21-Jun-16,0,20.3,0,12.3,0,9.9,0,0,1007.7,18.323
22-Jun-16,0,19.9,0,10.1,0,8.5,0,0.1,1009.5,18.333
23-Jun-16,0,20.6,0,8.3,0,5.9,0,0.1,1009.5,19.283
24-Jun-16,0,17,0,11.3,0,9.1,0,15.9,1010,18.19
25-Jun-16,0,18,0,11.5,0,10.3,0,0.2,1013.6,17.497
26-Jun-16,0,18.7,0,11.6,0,11.4,0,3,1011.8,16.93
27-Jun-16,0,19.3,0,10.6,0,10.8,0,0,1012.2,18.135
28-Jun-16,0,16.5,0,8.9,0,9.1,0,2.9,1006.9,16.403
29-Jun-16,0,18.2,0,9.1,0,11.4,0,13.5,997,16.927
30-Jun-16,0,16.1,0,8.4,0,8,0,1.7,998.9,15.555
01-Jul-16,0,16.7,0,8.2,0,7.3,0,3,999.8,16.392
02-Jul-16,0,17.8,0,8,0,4.1,0,1.2,1005.4,16.425
03-Jul-16,0,19.4,0,8.9,0,7.1,0,0,1011.2,17.575
04-Jul-16,0,20.7,0,8,0,4.9,0,3.2,1008.2,16.958
05-Jul-16,0,17.9,0,8.2,0,4.1,0,0,1014,17.017
06-Jul-16,0,19.4,0,10.8,0,8.2,0,0.1,1013.5,17.657
07-Jul-16,0,21.7,0,13.1,0,13.2,0,0.3,1008.1,19.513
08-Jul-16,0,21.3,0,13.9,0,11.2,0,0,1006.8,20.548
09-Jul-16,0,23.2,0,15.3,0,14,0,2.9,1003.4,20.135
10-Jul-16,0,20.4,0,14.3,0,11.4,0,1.9,994.8,19.333
11-Jul-16,0,20.8,0,10.4,0,14,0,2,999,19.02
12-Jul-16,0,17.8,0,8,0,4.2,0,0.1,1008.9,17.785
13-Jul-16,0,17.3,0,8.7,0,4.7,0,1.3,1015.1,18.048
14-Jul-16,0,19.1,0,8.4,0,4.2,0,0.1,1019.7,18.74
15-Jul-16,0,25.2,0,12.8,0,12.5,0,4.4,1016.4,20.702
16-Jul-16,0,22.8,0,12.2,0,12.4,0,0,1016.8,21.81
17-Jul-16,0,24.5,0,12.2,0,8.3,0,0,1015.8,23.483
18-Jul-16,0,27,0,15.6,0,12.8,0,0,1014.1,25.645
19-Jul-16,0,26.5,0,14.3,0,11.1,0,0,1007.6,25.75
20-Jul-16,0,22,0,15.5,0,16.5,0,0,1004,24.28
21-Jul-16,0,23.4,0,15.3,0,13.7,0,0.1,1008.2,23.575
22-Jul-16,0,20.7,0,14.5,0,15,0,1.9,1011.8,22.483
23-Jul-16,0,21.9,0,15,0,14.4,0,0,1013.4,21.715
24-Jul-16,0,22.1,0,12.7,0,9.6,0,0.2,1010.3,20.575
25-Jul-16,0,19.1,0,11.6,0,7.5,0,1,1012.5,19.823
26-Jul-16,0,20.1,0,13.6,0,11.7,0,9.2,1010.7,19.397
27-Jul-16,0,19.3,0,13.3,0,13,0,0.8,1009.6,19.577
28-Jul-16,0,21.3,0,14,0,12.6,0,2.4,1006.2,20.132
29-Jul-16,0,21.2,0,12.6,0,13.1,0,3.7,1006.5,19.843
30-Jul-16,0,18.8,0,12.1,0,10.9,0,0,1010.5,18.862
31-Jul-16,0,19.4,0,10.5,0,6.8,0,0,1012.6,18.882
01-Aug-16,0,17.4,0,10.9,0,8.4,0,1.3,1007.8,17.715
02-Aug-16,0,22.3,0,14.1,0,13.9,0,3,1000,18.835
03-Aug-16,0,19.4,0,14.5,0,10.8,0,1,995.4,18.51
04-Aug-16,0,21.3,0,14.5,0,12.9,0,0.1,1004,19.185
05-Aug-16,0,21.6,0,11.8,0,9.3,0,0.2,1014.3,19.747
06-Aug-16,0,23.7,0,12,0,7.2,0,0,1015.9,20.897
07-Aug-16,0,21.1,0,11.4,0,11.5,0,0.4,1012.7,19.83
08-Aug-16,0,19.5,0,9.8,0,5.2,0,0.9,1017.6,17.683
09-Aug-16,0,16.9,0,8.6,0,3.2,0,0,1023,16.763
10-Aug-16,0,15.3,0,11.1,0,7.7,0,4.2,1020.3,16.618
11-Aug-16,0,19.3,0,12.3,0,11.3,0,0,1017.2,17.29
12-Aug-16,0,21.4,0,13,0,8.4,0,0.3,1014.8,18.775
13-Aug-16,0,18.5,0,13,0,11.1,0,0.2,1016.4,18.97
14-Aug-16,0,18,0,12.3,0,13.1,0,0,1020.4,18.83
15-Aug-16,0,23.1,0,7.8,0,2.7,0,0,1017,18.975
16-Aug-16,0,23.4,0,11.5,0,5.9,0,0,1010.7,20.71
17-Aug-16,0,18.3,0,14,0,13.5,0,16.8,1006.9,18.665
18-Aug-16,0,20.3,0,13.7,0,12.9,0,1,1003.3,18.208
19-Aug-16,0,21,0,13.3,0,12.2,0,16.3,993,18.103
20-Aug-16,0,21,0,14,0,13.3,0,19.4,991.4,17.81
21-Aug-16,0,19.2,0,13.4,0,11.3,0,0.9,1005,17.89
22-Aug-16,0,21.5,0,15.9,0,15.9,0,0.8,1011.6,19.987
23-Aug-16,0,18.4,0,13.3,0,14.9,0,5.2,1014.4,18.557
24-Aug-16,0,21.7,0,9.9,0,5.3,0,0,1015.2,18.347
25-Aug-16,0,20.3,0,9,0,5.6,0,0,1010.8,17.958
26-Aug-16,0,21,0,10.4,0,4.3,0,0,1010.6,17.815
27-Aug-16,0,20.3,0,8.9,0,4.7,0,0,1009.2,17.99
28-Aug-16,0,21,0,11.4,0,10.3,0,0,1009.7,18.972
29-Aug-16,0,23.3,0,8.3,0,3.3,0,0,1016,19.208
30-Aug-16,0,22.1,0,14,0,8.3,0,0,1013.4,19.792
31-Aug-16,0,19.5,0,9,0,6.9,0,1.6,1013.1,18.95
01-Sep-16,0,17.9,0,7.7,0,3.3,0,1.3,1013.3,16.102
02-Sep-16,0,20,0,12.5,0,9.9,0,0,1009.3,18.042
03-Sep-16,0,15.6,0,11.9,0,7.3,0,18.4,1002.9,15.787
04-Sep-16,0,19.4,0,11.7,0,7.4,0,5.5,1003.8,17.135
05-Sep-16,0,26,0,13.9,0,13.5,0,3.9,1008,19.65
06-Sep-16,0,25.3,0,18.4,0,13.9,0,0,1013,20.752
07-Sep-16,0,22.1,0,17.1,0,14.4,0,1.9,1006.1,19.622
08-Sep-16,0,19.5,0,14.3,0,13.5,0,3.1,999.5,18.82
09-Sep-16,0,18.2,0,11.4,0,10.6,0,5.1,998,16.31
10-Sep-16,0,17.9,0,10.4,0,7.6,0,0,1005.2,15.8
11-Sep-16,0,18.7,0,9.5,0,4.7,0,0,1001.9,14.642
12-Sep-16,0,22,0,13.7,0,14.5,0,1.5,998.1,17.68
13-Sep-16,0,17.1,0,12.1,0,11,0,0.7,1005.8,16.55
14-Sep-16,0,21.3,0,12.9,0,11.9,0,0,1006.8,17.587
15-Sep-16,0,20.9,0,11.8,0,7.5,0,0,1006.8,17.84
16-Sep-16,0,18.2,0,8.7,0,3.6,0,0,1013.3,16.622
17-Sep-16,0,18.8,0,8.9,0,4.6,0,0,1018,16.523
18-Sep-16,0,16.9,0,8.7,0,4,0,3,1015.6,14.962
19-Sep-16,0,15.1,0,8.2,0,2.7,0,0,1019.3,14.243
20-Sep-16,0,16.5,0,7.6,0,4,0,0,1014.5,14.57
21-Sep-16,0,16.1,0,8.2,0,3.3,0,4.7,1008.3,13.3
22-Sep-16,0,16.8,0,4.1,0,-0.9,0,0.7,1011.2,12.523
23-Sep-16,0,17.4,0,6.7,0,2.2,0,0.2,1009.1,12.7
24-Sep-16,0,18.2,0,13.2,0,12.9,0,4.4,1000.2,14.645
25-Sep-16,0,16.2,0,7,0,5.4,0,5.9,1003.5,13.3
26-Sep-16,0,17.5,0,7.8,0,2.4,0,2.9,1009,13.462
27-Sep-16,0,18.1,0,11.9,0,10,0,0.1,1010.5,15.407
28-Sep-16,0,23.3,0,12.9,0,7.6,0,2.7,1010.4,16.06
29-Sep-16,0,16.6,0,9.1,0,8,0,1.2,1005.1,14.525
30-Sep-16,0,14.9,0,7,0,3.2,0,5,1002.3,12.41
01-Oct-16,0,13.9,0,4.8,0,3.9,0,3.8,1003.7,11.885
02-Oct-16,0,15.8,0,2.4,0,-1.2,0,0,1012,10.549
03-Oct-16,0,17.2,0,12.1,0,4.6,0,0,1017.3,12.642
04-Oct-16,0,15.8,0,13.2,0,10.8,0,0,1021.3,12.892
05-Oct-16,0,16.7,0,11.6,0,10.6,0,0,1022.1,13.048
06-Oct-16,0,14.8,0,11.1,0,6,0,0,1020.2,12.055
07-Oct-16,0,14.9,0,7.5,0,2,0,0,1017.6,11.528
08-Oct-16,0,15.3,0,10.7,0,8,0,0,1022.3,12.843
09-Oct-16,0,15.7,0,5.9,0,3.7,0,0,1025,12.468
10-Oct-16,0,13.9,0,5.9,0,2,0,0,1022.5,10.818
11-Oct-16,0,14.2,0,9.7,0,2.7,0,0,1018.7,11.14
12-Oct-16,0,13.7,0,5.7,0,7,0,0.1,1016.9,11.717
13-Oct-16,0,13.6,0,6.3,0,0.9,0,5.7,1009.1,11.137
14-Oct-16,0,13,0,5,0,1.1,0,6.1,1000.2,9.993
15-Oct-16,0,14.8,0,8.4,0,8.2,0,17.8,996.4,11.542
16-Oct-16,0,14.8,0,10.4,0,6,0,3.6,995.5,11.718
17-Oct-16,0,14.9,0,8.9,0,3.8,0,0.1,1004.5,11.182
18-Oct-16,0,12.2,0,5.6,0,1.1,0,0.3,1014.4,9.848
19-Oct-16,0,13.3,0,4.7,0,-0.4,0,0,1020,9.147
20-Oct-16,0,13.8,0,3.9,0,-0.9,0,0,1019.5,9.409
21-Oct-16,0,14.8,0,6.5,0,2.6,0,0,1015.7,10.458
22-Oct-16,0,12.7,0,7.7,0,6.5,0,0,1011.8,10.185
23-Oct-16,0,11.6,0,7.6,0,5,0,0.8,1008.7,9.222
24-Oct-16,0,12.1,0,8.3,0,7.4,0,1,1010.3,9.337
25-Oct-16,0,14.8,0,8.4,0,6.5,0,0.1,1014.8,10.422
26-Oct-16,0,15.4,0,9.9,0,8,0,0.2,1019.2,11.538
27-Oct-16,0,15.5,0,11.8,0,9.4,0,0,1021.3,12.073
28-Oct-16,0,15.1,0,12.6,0,11.9,0,0.3,1025.6,13.052
29-Oct-16,0,14.2,0,7.2,0,11.1,0,0.1,1026.3,12.7
30-Oct-16,0,15.1,0,6.3,0,2.4,0,0,1022.8,10.533
31-Oct-16,0,13.9,0,8.2,0,2.5,0,0,1021.3,11.44
01-Nov-16,0,11.8,0,2.2,0,4.7,0,0,1022.7,9.527
02-Nov-16,0,10.8,0,0.6,0,-3.5,0,0,1020.8,6.666
03-Nov-16,0,9.6,0,6.3,0,0.3,0,0.9,1013,8.425
04-Nov-16,0,10.3,0,3.6,0,0.3,0,0.3,1004.3,7.801
05-Nov-16,0,9.1,0,2.5,0,0.2,0,0,1006.6,5.934
06-Nov-16,0,9,0,1.6,0,-3.3,0,0,1010.6,4.451
07-Nov-16,0,8.9,0,-0.9,0,-5.5,0,0,1013,4.051
08-Nov-16,0,9.9,0,1.6,0,-2.2,0,12.9,1000.8,5.582
09-Nov-16,0,10.1,0,2.8,0,-1.1,0,0.4,996.3,5.661
10-Nov-16,0,9.8,0,3,0,1.3,0,0.2,1005.8,5.638
11-Nov-16,0,13.1,0,0.2,0,-4,0,1.9,1007.5,4.676
12-Nov-16,0,13.1,0,5,0,-1,0,1,1010.2,8.494
13-Nov-16,0,12.3,0,4.5,0,0.3,0,0.2,1021.1,7.41
14-Nov-16,0,15.9,0,11.4,0,6.4,0,0,1020.1,10.43
15-Nov-16,0,15.1,0,7.6,0,8.8,0,0.3,1016.4,10.882
16-Nov-16,0,10.5,0,5.4,0,1.7,0,0.7,1006,8.301
17-Nov-16,0,6.2,0,0.8,0,2.4,0,15,991.5,5.677
18-Nov-16,0,6,0,0.9,0,-1.4,0,0.4,988.3,3.778
19-Nov-16,0,5.4,0,-1,0,-3.1,0,0,989.5,2.737
20-Nov-16,0,1.4,0,-2.1,0,-6.8,0,0,987.3,2.048
21-Nov-16,0,5.1,0,-0.6,0,-3.6,0,1.7,990.5,2.987
22-Nov-16,0,8,0,0.1,0,2.1,0,0.8,1000.4,4.07
23-Nov-16,0,8.5,0,-1.7,0,-5.9,0,1.1,1015.4,2.59
24-Nov-16,0,9.2,0,3.6,0,-4.7,0,0,1021.9,4.136
25-Nov-16,0,8.6,0,5.1,0,3.8,0,0,1020.7,5.248
26-Nov-16,0,8.9,0,3.1,0,-0.7,0,0,1017.9,5.204
27-Nov-16,0,9.9,0,6.2,0,-1.1,0,0,1020.7,6.57
28-Nov-16,0,8.4,0,5.4,0,6,0,0,1024.8,6.274
29-Nov-16,0,7.8,0,-1.4,0,-5.8,0,0,1027.9,3.858
30-Nov-16,0,7.7,0,-1.4,0,-6,0,0,1029,2.507
01-Dec-16,0,4.6,0,-1.6,0,-6.1,0,0,1026.3,1.7
02-Dec-16,0,6.9,0,-1.7,0,-6,0,0,1022.2,2.05
03-Dec-16,0,8.1,0,5.1,0,-0.1,0,0.7,1018.9,4.451
04-Dec-16,0,8.1,0,4.1,0,1.3,0,0,1016.6,4.1
05-Dec-16,0,8.2,0,2.2,0,-1.6,0,0,1015.8,3.552
06-Dec-16,0,14.2,0,6.6,0,0.3,0,0,1013.8,6.457
07-Dec-16,0,16,0,10.6,0,7.9,0,0.4,1010.6,9.673
08-Dec-16,0,13.2,0,6.4,0,4.9,0,3.8,1013.7,7.958
09-Dec-16,0,14.3,0,9.9,0,1.6,0,0.4,1010.9,8.847
10-Dec-16,0,10,0,6,0,0.9,0,0.2,1014,6.32
11-Dec-16,0,9.4,0,2.1,0,0,0,0.2,1016.9,5.088
12-Dec-16,0,10.3,0,1.9,0,-2.8,0,1.4,1012.5,5.456
13-Dec-16,0,13.4,0,9.4,0,6.3,0,3.2,1006.6,7.622
14-Dec-16,0,13.6,0,3.7,0,6.2,0,8.5,1006.6,8.196
15-Dec-16,0,11.4,0,3.2,0,-1.1,0,1,1006.1,5.883
16-Dec-16,0,10.4,0,2.4,0,1.5,0,3.6,1016.9,6.775
17-Dec-16,0,6.3,0,-0.8,0,-6.2,0,0,1029.6,2.904
18-Dec-16,0,8.9,0,4.4,0,-3.4,0,0,1027.5,3.454
19-Dec-16,0,9.5,0,0,0,-0.6,0,0.1,1021.7,4.279
20-Dec-16,0,8.1,0,-2,0,-6.6,0,1.6,1010.9,3.032
21-Dec-16,0,8,0,4.5,0,-6.2,0,3.2,1008.4,4.089
22-Dec-16,0,7.7,0,5,0,-0.6,0,0.1,1016.2,3.069
23-Dec-16,0,12.2,0,4.8,0,2,0,5.6,1009.7,4.925
24-Dec-16,0,11.5,0,5.6,0,1.7,0,3,1012.9,5.07
25-Dec-16,0,13.7,0,6,0,4.7,0,1.7,1010.5,8.224
26-Dec-16,0,6.8,0,0.8,0,-0.3,0,0.6,1024.1,3.994
27-Dec-16,0,8.4,0,-0.1,0,-5.4,0,0,1034.7,2.664
28-Dec-16,0,9,0,-0.9,0,-3.4,0,0,1031.4,2.884
29-Dec-16,0,10,0,-0.7,0,-5.8,0,0,1027,2.524
30-Dec-16,0,12.3,0,7.5,0,-0.1,0,0,1025.4,5.136
31-Dec-16,0,10.6,0,5.7,0,4.1,0,6,1018.6,6.696
01-Jan-17,0,5.9,0,2,0,-1.1,0,1.1,1019.4,4.446
02-Jan-17,0,5.7,0,-1.6,0,-6.7,0,0,1026.9,2.555
03-Jan-17,0,5.3,0,-0.3,0,-6.2,0,0,1025,2.034
04-Jan-17,0,6.6,0,0.1,0,1.1,0,0.1,1024.1,3.876
05-Jan-17,0,7.9,0,-1.6,0,-5.7,0,0.2,1025,3.246
06-Jan-17,0,12.2,0,7.4,0,-2.3,0,3.9,1023.7,6.418
07-Jan-17,0,11.2,0,7.3,0,7.6,0,0.1,1026.1,7.783
08-Jan-17,0,11.4,0,7.6,0,2.9,0,0.1,1021.6,7.947
09-Jan-17,0,9.9,0,4.7,0,2.6,0,2.1,1010.3,6.892
10-Jan-17,0,11,0,5,0,1.5,0,0,1004.4,5.646
11-Jan-17,0,11.4,0,4.2,0,3.2,0,0,1005.7,6.023
12-Jan-17,0,5,0,0.6,0,1,0,1.5,1001.2,3.997
13-Jan-17,0,3.5,0,0.1,0,-3.7,0,0,1009.5,2.141
14-Jan-17,0,7.3,0,1,0,-3.4,0,0,1018.2,2.142
15-Jan-17,0,10.4,0,5.1,0,-0.1,0,0.1,1020.8,5.129
16-Jan-17,0,10.3,0,8.1,0,7.4,0,0.3,1024.2,7.271
17-Jan-17,0,10.5,0,8.2,0,6.3,0,0.2,1027.5,7.854
18-Jan-17,0,10,0,6.9,0,4.4,0,0,1030.5,7.46
19-Jan-17,0,8.4,0,7.1,0,6.2,0,0,1030.8,7.214
20-Jan-17,0,9.7,0,1.4,0,6.1,0,0,1026.5,6.55
21-Jan-17,0,4.8,0,-3.2,0,-8.2,0,0,1020.5,3.095
22-Jan-17,0,5.8,0,-0.7,0,-6.9,0,0,1018.3,2.993
23-Jan-17,0,11,0,1.2,0,-6,0,0,1018.2,3.282
24-Jan-17,0,12.4,0,7.6,0,-1.6,0,0,1014.9,5.797
25-Jan-17,0,11.8,0,7.2,0,4.4,0,0,1011.5,6.136
26-Jan-17,0,7.3,0,4.6,0,2.5,0,0,1004.1,4.677
27-Jan-17,0,9.7,0,4.8,0,2,0,0,997.1,4.884
28-Jan-17,0,7.3,0,1.9,0,0.7,0,1.7,1000.8,4.997
29-Jan-17,0,7.9,0,-1.1,0,-6.8,0,2,1001.1,3.359
30-Jan-17,0,12,0,5.5,0,-2.5,0,0,998.7,5.942
31-Jan-17,0,11.7,0,3.1,0,7.1,0,10.6,998.3,7.979
01-Feb-17,0,11,0,1.8,0,-3.1,0,0,991.8,5.698
02-Feb-17,0,12.5,0,9.1,0,4.2,0,3.3,975.3,8.242
03-Feb-17,0,9.2,0,2.5,0,-0.6,0,6.6,978.8,6.159
04-Feb-17,0,7.6,0,-0.6,0,-5.2,0,0,986,3.738
05-Feb-17,0,7.2,0,-2.9,0,-8.4,0,0,998.8,2.764
06-Feb-17,0,9.1,0,-1,0,-6.8,0,2.7,1002.5,3.281
07-Feb-17,0,8.1,0,1.6,0,-1.2,0,1,1009.1,4.693
08-Feb-17,0,9.5,0,-1.2,0,-6.9,0,0,1020.4,3.109
09-Feb-17,0,6,0,3.2,0,-3.8,0,0,1019.7,3.43
10-Feb-17,0,4.3,0,2.8,0,1.7,0,0,1022,2.999
11-Feb-17,0,5.5,0,-0.5,0,-4.7,0,9.2,1024.4,2.886
12-Feb-17,0,5.6,0,3,0,-0.6,0,6.8,1019.7,3.553
13-Feb-17,0,9.1,0,4.9,0,2.3,0,0.6,1013.5,4.982
14-Feb-17,0,8.9,0,3.2,0,1.6,0,0,1013.4,5.017
15-Feb-17,0,13.5,0,6.7,0,-2.5,0,0.1,1016.7,6.671
16-Feb-17,0,9.9,0,5.6,0,0.5,0,0.3,1019.6,6.106
17-Feb-17,0,13.8,0,7.2,0,4.1,0,0,1016.9,7.418
18-Feb-17,0,12.7,0,8.9,0,5.3,0,0.1,1013.9,8.555
19-Feb-17,0,12.4,0,8.2,0,5.1,0,0,1014.5,8.714
20-Feb-17,0,13.6,0,9.8,0,9.6,0,0,1013.2,9.913
21-Feb-17,0,13.1,0,7.2,0,1,0,2.3,1006.3,9.605
22-Feb-17,0,11.3,0,7.5,0,7.6,0,7.7,994.9,9.885
23-Feb-17,0,10.9,0,2.2,0,4.9,0,9.1,991.2,8.182
24-Feb-17,0,8.7,0,1.5,0,-3.4,0,1.2,1007,5.441
25-Feb-17,0,14.1,0,7.2,0,3.5,0,1.8,998.5,8.573
26-Feb-17,0,12.9,0,3.9,0,1.7,0,3.3,990,7.816
27-Feb-17,0,8.1,0,0.6,0,-2.3,0,0.1,980.4,6
28-Feb-17,0,8.7,0,0.1,0,-3.5,0,5.8,984.5,5.174
01-Mar-17,0,9.7,0,1.9,0,-3,0,2.7,989.7,5.886
02-Mar-17,0,7.8,0,3.1,0,1.7,0,4.2,995.8,6.132
03-Mar-17,0,8.7,0,4.8,0,2.5,0,7.9,986.1,6.704
04-Mar-17,0,8.6,0,4.3,0,4.1,0,3.6,977.9,7.13
05-Mar-17,0,7.2,0,2.9,0,1.3,0,5.7,984.9,6.27
06-Mar-17,0,7.2,0,0.1,0,-4.4,0,2.6,1001.5,4.755
07-Mar-17,0,12.1,0,0.4,0,-4.1,0,1.8,1004.2,5.001
08-Mar-17,0,14,0,7.5,0,5.4,0,0.1,1002.6,8.825
09-Mar-17,0,12.8,0,6.4,0,2.5,0,0,1011.7,8.764
10-Mar-17,0,13.9,0,8,0,6.2,0,0,1012.5,9.34
11-Mar-17,0,12.6,0,5.4,0,6.6,0,1.7,1007.6,9.745
12-Mar-17,0,13.1,0,4.8,0,0,0,2.4,1011.6,9.21
13-Mar-17,0,15.6,0,4.6,0,-1.4,0,0,1021.5,9.759
14-Mar-17,0,15.1,0,8,0,9.5,0,0.2,1024.7,11.217
15-Mar-17,0,17.1,0,3.9,0,-1.1,0,0,1023.6,10.889
16-Mar-17,0,12.6,0,3.8,0,6,0,0.2,1015.8,10.672
17-Mar-17,0,11.7,0,3.7,0,-2,0,1.9,1007.3,8.155
18-Mar-17,0,12.9,0,10.6,0,8,0,1.5,1002.1,10.762
19-Mar-17,0,15.3,0,9.3,0,8.8,0,2.1,997.7,11.72
20-Mar-17,0,11.6,0,1.8,0,5.2,0,1,994.7,10.427
21-Mar-17,0,8.9,0,1,0,-1.8,0,2.7,996.9,7.526
22-Mar-17,0,5.2,0,2.3,0,1.5,0,27.5,1000.2,6.627
23-Mar-17,0,9.6,0,4.6,0,3.7,0,2.9,1015.1,7.391
24-Mar-17,0,10.5,0,2.6,0,-1.4,0,0,1025.9,7.504
25-Mar-17,0,13,0,-0.2,0,-4.8,0,0,1025.6,7.58
26-Mar-17,0,12.6,0,2,0,-2.8,0,0,1019.5,7.988
27-Mar-17,0,13.8,0,5.1,0,1,0,0,1014.3,9.408
28-Mar-17,0,14.4,0,4.6,0,0.5,0,0.7,1009.2,9.323
29-Mar-17,0,16.9,0,8.7,0,6.5,0,0.3,1006.3,11.312
30-Mar-17,0,14.8,0,11.4,0,9.7,0,0,1001.4,11.827
31-Mar-17,0,15.5,0,6.9,0,8.9,0,1.6,995.1,12.24
01-Apr-17,0,13.6,0,4,0,-1.1,0,3.6,1005.3,10.835
02-Apr-17,0,15.1,0,2,0,-3.1,0,0,1015.6,10.123
03-Apr-17,0,13.4,0,5,0,0.9,0,0.2,1012.2,9.725
04-Apr-17,0,12.2,0,6.6,0,4.1,0,0,1021.6,10.898
05-Apr-17,0,11.9,0,7.8,0,6.1,0,0,1028.6,10.837
06-Apr-17,0,10.5,0,7.8,0,7,0,0,1026.5,10.915
07-Apr-17,0,13.1,0,4,0,5.5,0,0,1021.3,12.115
08-Apr-17,0,18.7,0,1.1,0,-3.3,0,0,1014.9,12.159
09-Apr-17,0,14.5,0,3.9,0,-1,0,1,1015.3,11.823
10-Apr-17,0,13.4,0,3.1,0,-1.3,0,0,1022.7,10.868
11-Apr-17,0,13,0,4,0,-1.4,0,0,1020.8,11.048
12-Apr-17,0,15,0,5.2,0,5.3,0,0.5,1014.8,11.935
13-Apr-17,0,11.4,0,4.9,0,-1.3,0,0,1012.9,11.347
14-Apr-17,0,13.8,0,6.8,0,7.5,0,0.8,1010,12.312
15-Apr-17,0,13.8,0,3.4,0,-0.3,0,0,1015,11.993
16-Apr-17,0,15,0,5.4,0,0.6,0,0.3,1016.5,11.975
17-Apr-17,0,11.7,0,3.4,0,4.3,0,0.2,1020.4,11.753
18-Apr-17,0,12.5,0,1.7,0,-2.4,0,0.1,1026.3,11.765
19-Apr-17,0,14.2,0,8.5,0,7.1,0,1.3,1029.6,12.95
20-Apr-17,0,14.5,0,10,0,8.8,0,0,1030.2,13.41
21-Apr-17,0,13.6,0,9.6,0,8.6,0,0,1027.8,12.93
22-Apr-17,0,13.4,0,8.1,0,5.7,0,0.1,1025.2,12.865
23-Apr-17,0,14,0,4.4,0,-0.1,0,0.1,1020.1,12.847
24-Apr-17,0,12,0,1.3,0,6.9,0,0,1014.2,12.923
25-Apr-17,0,11.3,0,0.1,0,-4.9,0,0,1014.9,10.565
26-Apr-17,0,10.5,0,-0.2,0,-4.9,0,0,1017.4,10.035
27-Apr-17,0,12,0,2.4,0,-2.2,0,0.1,1016.1,10.89
28-Apr-17,0,10.9,0,6.5,0,5.8,0,0,1011.2,11.535
29-Apr-17,0,12.9,0,6.7,0,4,0,0,1001.7,11.27
30-Apr-17,0,12.4,0,7.6,0,7.7,0,3.1,993.7,10.892
01-May-17,0,15.7,0,6.9,0,3.8,0,0.1,1002.2,13.448
02-May-17,0,14.6,0,5.4,0,-0.1,0,0,1015.1,13.688
03-May-17,0,15.7,0,5,0,0,0,0,1021.6,14.535
04-May-17,0,15.5,0,9,0,6.3,0,0,1020.5,14.56
05-May-17,0,14.3,0,8.4,0,6.2,0,0,1016.3,14.815
06-May-17,0,13.5,0,8.2,0,6.3,0,0,1012.4,13.37
07-May-17,0,19,0,4.7,0,-0.6,0,0,1017.8,16.638
08-May-17,0,13.1,0,4.6,0,1.4,0,0,1023.1,16.48
09-May-17,0,12.8,0,3,0,-2.2,0,0,1016.2,15.398
10-May-17,0,15.9,0,1.4,0,-4,0,0,1001.8,16.045
11-May-17,0,17.4,0,2.8,0,-2.6,0,0.1,991.1,15.725
12-May-17,0,15.2,0,10.7,0,8.5,0,4.1,988.8,15.23
13-May-17,0,16.5,0,8.5,0,9.5,0,4.7,995.3,14.455
14-May-17,0,17.4,0,6.2,0,0.6,0,1.2,1006,15.295
15-May-17,0,20.1,0,11.3,0,9.2,0,2.4,1006.4,15.445
16-May-17,0,19.9,0,7.2,0,12.3,0,0,1009.6,17.388
17-May-17,0,18.4,0,6.6,0,0.3,0,1.3,1009.8,16.807
18-May-17,0,15.7,0,4.4,0,-0.9,0,0.7,1006.1,15.18
19-May-17,0,17.4,0,4.7,0,-0.4,0,0.1,1005.9,15.983
20-May-17,0,15.6,0,8.8,0,8.1,0,5.3,1008.9,16.15
21-May-17,0,16.8,0,8.9,0,7.9,0,0.3,1010.6,15.13
22-May-17,0,20.6,0,11.6,0,11.1,0,0,1007.4,16.665
23-May-17,0,22.1,0,10.6,0,8.1,0,0,1014.6,18.485
24-May-17,0,20.9,0,11.2,0,8.7,0,0,1019.4,20.54
25-May-17,0,24.7,0,11.2,0,7,0,0,1015.5,21.522
26-May-17,0,25.1,0,12.5,0,7.9,0,0,1008.9,22.12
27-May-17,0,15.7,0,11.8,0,11,0,24.8,1006.1,17.798
28-May-17,0,16.6,0,9.1,0,9.2,0,0.1,1012.1,16.958
29-May-17,0,18.6,0,11.2,0,12.3,0,2.1,1007.4,17.105
30-May-17,0,19.3,0,9.6,0,12.6,0,0.4,1009.8,18.51
31-May-17,0,19.7,0,8.7,0,3.6,0,0,1013.1,18.097
01-Jun-17,0,17.6,0,11.9,0,10.3,0,1.5,1010.5,16.637
02-Jun-17,0,19.3,0,9.6,0,9.4,0,0.4,1009.6,18.775
03-Jun-17,0,17.7,0,7.9,0,5.1,0,4.5,1007.3,18.188
04-Jun-17,0,17.6,0,6,0,1.9,0,3.4,1003.6,17.503
05-Jun-17,0,15.8,0,9.5,0,8.9,0,11.6,993.6,15.948
06-Jun-17,0,17.6,0,8.2,0,6,0,0.1,994.9,16.46
07-Jun-17,0,16.5,0,7.8,0,4.8,0,3,1002.2,15.892
08-Jun-17,0,19.9,0,10.4,0,12.6,0,16.3,995.7,17.265
09-Jun-17,0,19,0,9.1,0,4.6,0,4.4,1000.1,17.44
10-Jun-17,0,20.8,0,12,0,11.4,0,8.3,1000.2,17.688
11-Jun-17,0,18.5,0,12.6,0,10.4,0,1.8,1001.4,17.038
12-Jun-17,0,17.9,0,11.4,0,10.6,0,1.7,1008.1,16.763
13-Jun-17,0,20.9,0,13.2,0,11.5,0,0,1011.2,18.972
14-Jun-17,0,21.2,0,12,0,8.9,0,0,1007.1,19.278
15-Jun-17,0,18.5,0,11.4,0,9.2,0,0.5,1008,19.272
16-Jun-17,0,21.8,0,11.7,0,8.3,0,0,1016.6,18.84
17-Jun-17,0,26.8,0,13.1,0,9,0,0,1019.3,23.08
18-Jun-17,0,24.4,0,12.3,0,8.9,0,0,1017.4,24.2
19-Jun-17,0,25.2,0,12,0,8.8,0,0,1015.2,24.382
20-Jun-17,0,19.7,0,12.7,0,11,0,0,1013.3,24.128
21-Jun-17,0,28.6,0,13.1,0,10.3,0,1.6,1006.4,24.035
22-Jun-17,0,19.8,0,14.4,0,14.9,0,0,1006.3,23.517
23-Jun-17,0,18.7,0,11.7,0,13.2,0,0.8,1005.4,20.245
24-Jun-17,0,20.9,0,11.3,0,8.3,0,0,1006.3,21.003
25-Jun-17,0,18.5,0,10.9,0,11.2,0,1.5,1007.1,20.737
26-Jun-17,0,16.4,0,6.6,0,2.5,0,7.4,1006.6,19.237
27-Jun-17,0,23.4,0,11.8,0,11,0,14.4,999.1,19.952
28-Jun-17,0,15.1,0,12.1,0,8.4,0,6.8,995.5,17.18
29-Jun-17,0,13.4,0,9.9,0,8,0,4.2,997.3,14.76
30-Jun-17,0,14.7,0,7.9,0,9.8,0,1.4,1005.9,14.085
01-Jul-17,0,18.3,0,6.8,0,1.1,0,0.2,1012.8,15.073
02-Jul-17,0,20.5,0,8.2,0,2.4,0,0.2,1015.1,16.775
03-Jul-17,0,18.1,0,13.5,0,11.8,0,0.9,1013.7,17.948
04-Jul-17,0,21.6,0,14.2,0,12.9,0,0,1012.4,19.407
05-Jul-17,0,19,0,13.5,0,13.4,0,0,1012.9,20.98
06-Jul-17,0,22.6,0,13.1,0,11.1,0,0,1009.9,21.645
07-Jul-17,0,19.7,0,11.1,0,9.5,0,0,1011.9,20.052
08-Jul-17,0,21.9,0,8.4,0,3.7,0,0,1012.1,20.88
09-Jul-17,0,21.1,0,13.8,0,9.4,0,0,1007,22.472
10-Jul-17,0,17.5,0,12.3,0,12.7,0,3.3,1003.4,20.103
11-Jul-17,0,15.2,0,8.3,0,12,0,3.4,1003.6,17.478
12-Jul-17,0,19.6,0,7.4,0,2.1,0,0,1010.8,17.862
13-Jul-17,0,21.4,0,9,0,4.1,0,0,1013.1,19.35
14-Jul-17,0,21.1,0,12,0,10.9,0,0.1,1014.4,20.53
15-Jul-17,0,25.2,0,15.2,0,14.4,0,0.3,1011.7,21.747
16-Jul-17,0,21,0,12,0,12.3,0,1.4,1016.9,22.135
17-Jul-17,0,24.5,0,9.5,0,4.5,0,0,1018.3,22.507
18-Jul-17,0,23.4,0,10.2,0,5.3,0,0,1008.9,22.78
19-Jul-17,0,19.9,0,9,0,13.2,0,9.8,998.5,20.483
20-Jul-17,0,17.6,0,8.7,0,5,0,1.8,998.7,18.14
21-Jul-17,0,17.9,0,11.6,0,10.8,0,6.2,991.7,17.51
22-Jul-17,0,18.7,0,11.1,0,6.5,0,0,999.9,17.73
23-Jul-17,0,21.6,0,12.9,0,9.9,0,0,1007.9,19.47
24-Jul-17,0,23.9,0,11.6,0,7.2,0,0,1013,21.775
25-Jul-17,0,19.8,0,13.8,0,10.9,0,0,1007.8,22.005
26-Jul-17,0,20.1,0,10.7,0,14.4,0,6.9,997.2,21.002
27-Jul-17,0,18.8,0,11.2,0,7.5,0,1.5,996.1,18.465
28-Jul-17,0,20.3,0,12.1,0,10.8,0,0.2,995.7,19.12
29-Jul-17,0,20,0,12.2,0,10.2,0,0,997.5,19.153
30-Jul-17,0,19,0,11.3,0,9.2,0,4.8,995.9,18.725
31-Jul-17,0,20.3,0,11.3,0,9.1,0,11.8,1000.3,17.983
01-Aug-17,0,20.3,0,9.4,0,5.9,0,0.3,1004.1,18.62
02-Aug-17,0,21.9,0,12.7,0,9.3,0,1.7,997.8,18.665
03-Aug-17,0,21,0,12.4,0,11.4,0,1.2,994.9,18.642
04-Aug-17,0,19.2,0,10.4,0,6.3,0,0.2,1004.8,18.13
05-Aug-17,0,18.1,0,8.1,0,3.8,0,7,1011.9,17.558
06-Aug-17,0,17.2,0,7.8,0,3.9,0,2.7,1011.9,16.083
07-Aug-17,0,19.5,0,10.4,0,6,0,1.4,1009.3,17.597
08-Aug-17,0,17.7,0,10.6,0,9.7,0,0,1011,17.57
09-Aug-17,0,21.1,0,8.5,0,3.3,0,0,1017.7,17.215
10-Aug-17,0,18.9,0,7.7,0,2.7,0,0,1018.6,17.455
11-Aug-17,0,21.6,0,12.9,0,8.6,0,0.8,1010.7,18.39
12-Aug-17,0,18.7,0,12.2,0,10.8,0,0,1011.7,18.532
13-Aug-17,0,18.5,0,7.3,0,3.1,0,3,1012.3,17.733
14-Aug-17,0,20.8,0,11.9,0,11.4,0,36.5,1006.1,17.368
15-Aug-17,0,20.7,0,9.6,0,4.9,0,0.3,1007.6,17.452
16-Aug-17,0,20.7,0,10.4,0,6.9,0,0.5,1005.2,17.025
17-Aug-17,0,21,0,9.8,0,4.3,0,5.4,999.8,17.48
18-Aug-17,0,16.9,0,10,0,5.8,0,0.7,1003.6,16.63
19-Aug-17,0,18.6,0,9.4,0,7,0,0.1,1011.4,17.288
20-Aug-17,0,16.2,0,7.9,0,3.3,0,3.9,1014.3,15.39
21-Aug-17,0,20,0,14.5,0,13,0,5.7,1012.7,17.445
22-Aug-17,0,20.1,0,13.7,0,10,0,0.6,1007.7,17.767
23-Aug-17,0,20.7,0,10.1,0,5.8,0,0.1,1005.6,18.02
24-Aug-17,0,19.1,0,12.3,0,8.1,0,0.2,1008,17.397
25-Aug-17,0,19.1,0,12.9,0,10.2,0,0,1009.6,17.06
26-Aug-17,0,20.5,0,11.1,0,6.5,0,0,1011.2,17.46
27-Aug-17,0,22.9,0,14.1,0,10.2,0,0,1011.1,19.097
28-Aug-17,0,21.1,0,13.3,0,10.6,0,2.9,1009.4,19.2
29-Aug-17,0,15.7,0,10.4,0,7,0,0,1009.6,16.795
30-Aug-17,0,18.2,0,9.6,0,5.5,0,2.2,1008.1,16.24
31-Aug-17,0,16.6,0,8.3,0,3.7,0,3.1,1012.4,16
01-Sep-17,0,18.8,0,7.1,0,2.6,0,0,1018.2,15.495
02-Sep-17,0,18.9,0,5.9,0,1.1,0,3.4,1011.3,15.05
03-Sep-17,0,20,0,13.9,0,12.3,0,21.5,1000.2,17.323
04-Sep-17,0,19.5,0,14.1,0,11.4,0,0.8,1002.1,17.818
05-Sep-17,0,18.5,0,11.5,0,11.8,0,3.9,1006.3,17.635
06-Sep-17,0,18,0,10.4,0,5.5,0,0.1,1011.9,16.362
07-Sep-17,0,17.2,0,12.4,0,9.2,0,0.6,1003.6,16.025
08-Sep-17,0,18.1,0,9.2,0,9.2,0,4.1,993.8,16.285
09-Sep-17,0,17.8,0,9.3,0,5.2,0,0.4,995,15.245
10-Sep-17,0,17.1,0,9.4,0,7.3,0,7.2,988,15.445
11-Sep-17,0,17.4,0,9.5,0,7.7,0,3.2,988.1,15.488
12-Sep-17,0,15.2,0,7.5,0,2.9,0,7.1,989.6,13.98
13-Sep-17,0,15.6,0,6.3,0,4.7,0,1.4,993.7,14.12
14-Sep-17,0,16.8,0,6.2,0,2.5,0,0.7,1005.2,13.165
15-Sep-17,0,15.4,0,7.2,0,5.5,0,0.6,1011.8,13.61
16-Sep-17,0,12.1,0,6.9,0,2.6,0,3.8,1010.3,12.045
17-Sep-17,0,16.5,0,5.9,0,2.2,0,1.1,1012.1,13.337
18-Sep-17,0,17,0,5.7,0,1.8,0,0,1015,13.653
19-Sep-17,0,19.5,0,5,0,1.5,0,0,1012.5,14.2
20-Sep-17,0,18.4,0,11.9,0,11.1,0,9.2,1006.1,15.365
21-Sep-17,0,16.8,0,9,0,9.4,0,5.5,1006.4,15.108
22-Sep-17,0,19.2,0,8.1,0,4.2,0,1.2,1007,14.235
23-Sep-17,0,18,0,7.8,0,5.1,0,0,1007.7,13.44
24-Sep-17,0,19.2,0,8.2,0,10.8,0,0,1010.1,15.15
25-Sep-17,0,19,0,6.7,0,3,0,0,1014.9,13.778
26-Sep-17,0,18.2,0,7.5,0,3.4,0,0,1013.3,13.58
27-Sep-17,0,14.8,0,11.4,0,9.6,0,9.4,1006,13.392
28-Sep-17,0,17.7,0,10.4,0,6.8,0,0.8,1006.1,13.802
29-Sep-17,0,16.1,0,9.2,0,5.7,0,1.2,1004.2,13.685
30-Sep-17,0,15.9,0,7.8,0,2.3,0,0,1004.7,12.683
01-Oct-17,0,18.2,0,9.2,0,4.5,0,1.7,998.8,13.6
02-Oct-17,0,15.7,0,7.5,0,7.8,0,1.3,1007,13.19
03-Oct-17,0,14.3,0,6.6,0,1.8,0,0.1,1017.1,11.648
04-Oct-17,0,14.8,0,9.8,0,5.2,0,4.7,1010.5,12.233
05-Oct-17,0,16.1,0,5.5,0,2.5,0,0.7,1012.8,13.165
06-Oct-17,0,14,0,4.3,0,-1.2,0,0.3,1018,11.068
07-Oct-17,0,14.3,0,11.9,0,10.9,0,0.2,1012.5,13.18
08-Oct-17,0,14.7,0,10.2,0,10.4,0,0,1014.8,13.56
09-Oct-17,0,16,0,8.4,0,3.5,0,1.1,1009.9,13.495
10-Oct-17,0,15.8,0,10.6,0,6.1,0,0.6,1001.6,13.842
11-Oct-17,0,16.5,0,7.8,0,11.1,0,3.8,1000.2,14.052
12-Oct-17,0,17,0,7.9,0,2.6,0,0.1,1006.9,11.887
13-Oct-17,0,19.9,0,13.6,0,12.8,0,4.9,1006.5,15.01
14-Oct-17,0,19.9,0,13.6,0,13.7,0,4.7,1009.8,15.495
15-Oct-17,0,17.4,0,12.6,0,10.6,0,2.7,1005.8,14.398
16-Oct-17,0,18.1,0,11.4,0,12.1,0,0.9,994.6,14.26
17-Oct-17,0,14.6,0,3.9,0,4.7,0,0,1004.9,12.27
18-Oct-17,0,13.6,0,2.3,0,-1.3,0,0,1003.4,10.034
19-Oct-17,0,14.8,0,10.5,0,8.2,0,2.9,991.8,11.932
20-Oct-17,0,13.6,0,5.8,0,1.8,0,2.1,990.9,11.097
21-Oct-17,0,13,0,8.6,0,7.3,0,9.3,984.8,11.43
22-Oct-17,0,13.5,0,6.1,0,1.8,0,0.1,1005.2,10.46
23-Oct-17,0,16.6,0,9.3,0,8.1,0,0.5,1005.9,12.462
24-Oct-17,0,16,0,9.7,0,5,0,6.6,1003.6,12.722
25-Oct-17,0,14.9,0,8.9,0,4.7,0,0.2,1011,11.765
26-Oct-17,0,13.7,0,6.7,0,7.2,0,0.3,1020.8,11.858
27-Oct-17,0,13.1,0,3.2,0,-0.1,0,0.1,1028.3,9.314
28-Oct-17,0,13.8,0,8.3,0,0,0,0.2,1022.5,10.542
29-Oct-17,0,14.2,0,3,0,8.7,0,0.2,1021.5,11.698
30-Oct-17,0,13.4,0,2.3,0,-1.4,0,0.7,1022.6,8.915
31-Oct-17,0,14,0,10.1,0,5.1,0,0.3,1016.7,10.775
01-Nov-17,0,15.2,0,8.4,0,4.5,0,0,1011.7,10.557
02-Nov-17,0,11.2,0,7.9,0,3,0,0,1010.9,10.608
03-Nov-17,0,11.5,0,5.7,0,6.3,0,0,1004.8,9.875
04-Nov-17,0,9.9,0,3.1,0,-0.9,0,0,1001.4,8.302
05-Nov-17,0,9.9,0,2.8,0,-0.5,0,0.4,1011.4,5.979
06-Nov-17,0,13,0,2.4,0,-2.5,0,0,1010.6,7.224
07-Nov-17,0,12.9,0,2,0,3.4,0,2.3,1008.7,8.11
08-Nov-17,0,11.1,0,0.9,0,-4.7,0,1.4,1017.6,5.636
09-Nov-17,0,12.3,0,7,0,-2.2,0,1.2,1016.4,8.882
10-Nov-17,0,11.7,0,6.7,0,1.4,0,7.8,1012.3,8.807
11-Nov-17,0,11.4,0,4.4,0,5.2,0,7.3,1006.6,9.113
12-Nov-17,0,8.1,0,1.3,0,-1,0,0.1,1015.7,6.352
13-Nov-17,0,9.7,0,-0.3,0,-5.2,0,2.2,1018.9,5.007
14-Nov-17,0,13,0,7.2,0,3.6,0,1.2,1016,9.066
15-Nov-17,0,11.4,0,4,0,-0.2,0,0,1015.4,8.649
16-Nov-17,0,10.9,0,2.2,0,1.6,0,0.9,1017.2,7.486
17-Nov-17,0,7.5,0,-0.6,0,-5.9,0,0.1,1022.3,4.619
18-Nov-17,0,8.6,0,3.1,0,-1,0,1.5,1018.5,6.674
19-Nov-17,0,10.9,0,1.9,0,-2,0,0.6,1013.4,6.171
20-Nov-17,0,14.2,0,10.9,0,5.1,0,1.5,1005.2,9.54
21-Nov-17,0,14.2,0,11.2,0,8.7,0,0.4,996.9,10.748
22-Nov-17,0,11.7,0,3.4,0,7.5,0,45.2,983.1,9.778
23-Nov-17,0,7.3,0,1.3,0,-1,0,0.4,988.9,6.101
24-Nov-17,0,5.7,0,-0.3,0,-5.9,0,0.1,1004.8,3.377
25-Nov-17,0,4.4,0,0.1,0,-3.1,0,0,1013.6,2.455
26-Nov-17,0,9.2,0,1.3,0,-2.3,0,3,1014.3,3.302
27-Nov-17,0,8.8,0,4.1,0,1.1,0,0.4,1006.8,5.477
28-Nov-17,0,7,0,-0.3,0,-5,0,0.1,1009.2,3.086
29-Nov-17,0,5,0,-1,0,-6.5,0,0,1013.3,1.8
30-Nov-17,0,5.4,0,-1.7,0,-4.8,0,0.2,1016.1,2.12
01-Dec-17,0,5.3,0,-2.5,0,-7.3,0,0,1022.2,1.398
02-Dec-17,0,7.2,0,3.7,0,-6.1,0,0.3,1024,3.421
03-Dec-17,0,9.6,0,6.3,0,-0.1,0,0.5,1025.6,5.603
04-Dec-17,0,7.9,0,6.4,0,4.3,0,0,1029.1,6.63
05-Dec-17,0,9.7,0,5.5,0,3.5,0,0,1025.7,6.531
06-Dec-17,0,13.7,0,9.7,0,4,0,2,1008.5,7.911
07-Dec-17,0,13.8,0,1.2,0,0.8,0,5.4,1001.9,6.954
08-Dec-17,0,3.1,0,-0.3,0,-2.8,0,0.2,1013.7,3.041
09-Dec-17,0,3.6,0,-1.6,0,-5.8,0,0,1003.9,2.068
10-Dec-17,0,4.3,0,-2,0,-5.5,0,14.2,982.5,2.465
11-Dec-17,0,3.7,0,-4.2,0,-8.9,0,0,989.5,1.278
12-Dec-17,0,6.4,0,-0.9,0,-6,0,0.3,997.3,0.992
13-Dec-17,0,6.8,0,1.1,0,-1.9,0,6.2,989.7,2.488
14-Dec-17,0,5.7,0,2.2,0,-1.2,0,0.5,983.4,2.58
15-Dec-17,0,6.5,0,0.5,0,-1.1,0,0.1,999.9,2.464
16-Dec-17,0,6.3,0,-0.2,0,-4.8,0,0,1014.9,1.692
17-Dec-17,0,11.1,0,3.6,0,-1.9,0,1.3,1014.6,4.45
18-Dec-17,0,7.1,0,0.1,0,-4.6,0,0,1022.5,2.585
19-Dec-17,0,11.9,0,4.7,0,-3.1,0,0.1,1025.5,4.621
20-Dec-17,0,12.1,0,10.1,0,3.8,0,0,1026.6,7.553
21-Dec-17,0,12.2,0,10.1,0,8.3,0,1.9,1026.8,8.505
22-Dec-17,0,11.2,0,9.2,0,8.1,0,0.3,1028.1,8.955
23-Dec-17,0,11.6,0,8.3,0,6.8,0,0,1024.4,8.698
24-Dec-17,0,11.9,0,10.4,0,6.7,0,0.2,1009.4,8.785
25-Dec-17,0,12,0,2.2,0,6.3,0,13.6,994.8,7.859
26-Dec-17,0,4.4,0,0.7,0,-2.5,0,0.1,986.4,3.692
27-Dec-17,0,3.5,0,-0.4,0,-5.1,0,0,992.1,2.254
28-Dec-17,0,3.2,0,-1.5,0,-5.4,0,0,995.4,1.855
29-Dec-17,0,7,0,0.9,0,-4.6,0,10.3,986.1,2.569
30-Dec-17,0,11.1,0,0.9,0,0,0,6.5,983.1,4.102
31-Dec-17,0,11.9,0,3.9,0,2,0,0.7,981.1,4.758
01-Jan-18,0,8.2,0,3.5,0,-0.4,0,0.4,993.6,3.413
02-Jan-18,0,11,0,3.7,0,-2,0,6.2,989.8,4.437
03-Jan-18,0,8.3,0,4.7,0,1.8,0,2.8,985.4,4.91
04-Jan-18,0,9.6,0,3.4,0,1.9,0,9.4,983.8,4.767
05-Jan-18,0,6.7,0,0.3,0,-3.2,0,0,989.3,2.708
06-Jan-18,0,6.7,0,-0.4,0,-5.1,0,0,1008.6,2.619
07-Jan-18,0,6.7,0,0.5,0,-5.8,0,0,1023.5,2.06
08-Jan-18,0,6,0,-3.1,0,-8.4,0,0,1012.6,1.238
09-Jan-18,0,8.2,0,4,0,-7.7,0,0.9,996.2,3.692
10-Jan-18,0,7.3,0,0.7,0,-4.3,0,0.1,999.1,3.038
11-Jan-18,0,4.8,0,-1.3,0,-4,0,0,1012.6,3.508
12-Jan-18,0,8.6,0,-2.1,0,-6.2,0,0,1012.9,2.84
13-Jan-18,0,8.8,0,4.9,0,-2,0,0,1005.9,5.304
14-Jan-18,0,10.1,0,-0.9,0,-5.6,0,1.5,1001,3.705
15-Jan-18,0,10,0,3.3,0,-5,0,2.4,989.1,5.898
16-Jan-18,0,3.8,0,0.2,0,-1.3,0,3.6,987.7,3.331
17-Jan-18,0,10.9,0,0.6,0,-0.6,0,4.2,990.7,2.683
18-Jan-18,0,9.8,0,1.1,0,-0.5,0,0,990.2,3.672
19-Jan-18,0,4.7,0,0.8,0,-3.7,0,0,999.9,1.981
20-Jan-18,0,4.4,0,0.5,0,-3.3,0,8.9,998.7,2.502
21-Jan-18,0,12.4,0,1.9,0,-1.9,0,17.9,999.9,5.12
22-Jan-18,0,10.1,0,6.9,0,2.9,0,0,1003.5,5.916
23-Jan-18,0,13.3,0,9.2,0,3.2,0,0.4,997.1,7.127
24-Jan-18,0,12.4,0,5.5,0,2.6,0,11.2,988.2,6.279
25-Jan-18,0,8.4,0,4.4,0,-0.1,0,0,998.2,4.369
26-Jan-18,0,7.5,0,1.3,0,-4.4,0,0.1,1011.6,4.108
27-Jan-18,0,12.9,0,7.5,0,-1.4,0,3.1,1014.1,6.717
28-Jan-18,0,13.2,0,8.9,0,4,0,0.1,1017.7,8.182
29-Jan-18,0,11.8,0,2.2,0,6,0,5.8,1019.7,7.654
30-Jan-18,0,7.2,0,2.4,0,-3,0,0.9,1013.5,4.578
31-Jan-18,0,7.4,0,1.1,0,-0.7,0,5.2,997.1,4.653
01-Feb-18,0,7,0,1.9,0,-1.7,0,0,1004.6,2.978
02-Feb-18,0,7,0,0.7,0,-5,0,1.1,1007.8,2.752
03-Feb-18,0,6.6,0,2.2,0,-2.3,0,0.4,1008.1,3.767
04-Feb-18,0,7.1,0,-0.2,0,-3.7,0,1.3,1020.7,3.08
05-Feb-18,0,5.9,0,-1.2,0,-5.5,0,1.4,1022.2,2.661
06-Feb-18,0,4.8,0,-1.2,0,-5.2,0,1,1017.1,2.499
07-Feb-18,0,6,0,-2.1,0,-7.6,0,0.3,1014.3,1.566
08-Feb-18,0,8.9,0,3.3,0,-1,0,0.8,1003.1,4.536
09-Feb-18,0,5.5,0,-0.2,0,-3.9,0,0.3,1004.8,3.344
10-Feb-18,0,10.9,0,3.7,0,-3.7,0,4.3,996.5,5.448
11-Feb-18,0,4.2,0,-0.3,0,-1.9,0,0.3,1000.5,3.936
12-Feb-18,0,6.8,0,-0.5,0,-4.8,0,0,996.9,2.373
13-Feb-18,0,6.8,0,0.8,0,-1.8,0,2.4,990.4,3.54
14-Feb-18,0,11.2,0,0.8,0,-4.9,0,1.3,988.7,3.802
15-Feb-18,0,6.4,0,1.6,0,-1.7,0,0.1,999.9,3.477
16-Feb-18,0,9,0,1.7,0,-4.5,0,0.6,1011.5,3.071
17-Feb-18,0,10.5,0,0.9,0,-4.2,0,0.1,1011.4,4.06
18-Feb-18,0,10.6,0,2.5,0,-2.9,0,1.6,1011.6,4.922
19-Feb-18,0,12.7,0,5.3,0,5.7,0,0.8,1014.8,8.03
20-Feb-18,0,10.8,0,0.1,0,-3.3,0,0.1,1021.5,5.668
21-Feb-18,0,9.5,0,-1.6,0,-5.1,0,0,1022.2,4.023
22-Feb-18,0,6.7,0,1.4,0,-4,0,0,1016.8,4.293
23-Feb-18,0,5.5,0,2.2,0,-3.8,0,0,1012.3,3.61
24-Feb-18,0,5.4,0,-2,0,-1.9,0,0,1014.4,3.484
25-Feb-18,0,7.1,0,-1.6,0,-7.2,0,0,1020.6,2.816
26-Feb-18,0,2.7,0,0,0,-5.9,0,0,1025.5,1.578
27-Feb-18,0,4.5,0,-1.5,0,-5.2,0,1.8,1022,1.969
28-Feb-18,0,0.2,0,-4.1,0,-3.1,0,9.4,1012.8,1.701
01-Mar-18,0,0.2,0,-4.6,0,0,0,7.2,1000.1,1.469
02-Mar-18,0,1.1,0,-0.5,0,0,0,17.3,989.1,1.262
03-Mar-18,0,3,0,-0.3,0,0,0,5.9,985.8,1.126
04-Mar-18,0,4.9,0,1.6,0,0,0,6.7,981.3,0.919
05-Mar-18,0,5.2,0,1,0,0,0,1.2,978.2,0.765
06-Mar-18,0,7.9,0,1.9,0,-2.9,0,0.2,980.7,0.741
07-Mar-18,0,9.5,0,0.5,0,-2.8,0,0.2,984.2,0.72
08-Mar-18,0,9.2,0,-0.3,0,-6,0,0,989.4,1.464
09-Mar-18,0,6.8,0,-2.4,0,-6.6,0,2.2,989.9,2.317
10-Mar-18,0,13.4,0,5.7,0,2.3,0,6.9,982.3,5.626
11-Mar-18,0,10.2,0,2,0,-3.1,0,0.8,983.9,5.137
12-Mar-18,0,11.3,0,4.4,0,3.8,0,1.6,990,7.05
13-Mar-18,0,10.8,0,-0.8,0,-4.9,0,0,997.8,6.079
14-Mar-18,0,8.9,0,7.3,0,3.3,0,20.3,985.6,7.245
15-Mar-18,0,11.9,0,7.3,0,6.1,0,1,978.8,8.179
16-Mar-18,0,10.5,0,6.2,0,4.3,0,4.9,991.1,8.109
17-Mar-18,0,6.8,0,-0.9,0,1.3,0,5.4,1004.5,4.965
18-Mar-18,0,1.9,0,-1.2,0,-1.9,0,4.5,1009.9,2.075
19-Mar-18,0,6.3,0,-0.3,0,-0.8,0,0,1018,2.726
20-Mar-18,0,10.1,0,-3.1,0,-8.7,0,0,1026.3,4.238
21-Mar-18,0,10.7,0,-1.8,0,-7.5,0,0,1023.9,4.921
22-Mar-18,0,10.1,0,4.5,0,-1.5,0,0.7,1004.4,5.967
23-Mar-18,0,10.6,0,5.4,0,4.8,0,0.8,989.5,7.628
24-Mar-18,0,11.9,0,3.2,0,0.7,0,0.2,997.8,8.071
25-Mar-18,0,11.9,0,1.7,0,-3.4,0,0,1007.1,7.447
26-Mar-18,0,12,0,1.5,0,-3.8,0,1.8,1004.9,7.767
27-Mar-18,0,10.6,0,3.7,0,5.9,0,1.5,998.6,9.403
28-Mar-18,0,10.7,0,1.1,0,-1.1,0,0,997.2,8.219
29-Mar-18,0,7.3,0,-0.9,0,-5.6,0,5.3,991.4,6.034
30-Mar-18,0,7.1,0,1.3,0,-1.4,0,3.9,992,6.702
31-Mar-18,0,7.6,0,0.7,0,-0.7,0,0,1000.5,6.227
01-Apr-18,0,6.8,0,2.2,0,-3.1,0,3.7,1002.2,5.97
02-Apr-18,0,7.7,0,3.2,0,2.8,0,19.2,989.3,6.122
03-Apr-18,0,13.9,0,4.3,0,5,0,2,981.2,8.904
04-Apr-18,0,6.8,0,0.6,0,-0.4,0,10.4,993.2,7.496
05-Apr-18,0,9.8,0,-2.2,0,-6.9,0,0,1004.8,6.035
06-Apr-18,0,14.4,0,6.7,0,5.6,0,1.8,996.4,8.738
07-Apr-18,0,13.2,0,4.9,0,1.1,0,3.8,999.2,9.068
08-Apr-18,0,13.2,0,4.9,0,0.1,0,11.4,1003.1,9.644
09-Apr-18,0,13.4,0,4,0,-0.5,0,0.7,999.4,9.229
10-Apr-18,0,8.4,0,6.8,0,5.5,0,3.9,998.6,8.415
11-Apr-18,0,8.9,0,7.2,0,6.8,0,0.1,1003.4,8.476
12-Apr-18,0,8.1,0,6.6,0,6.5,0,0.6,1000.6,8.267
13-Apr-18,0,9.4,0,6.4,0,6.5,0,0,1002.5,8.611
14-Apr-18,0,13.9,0,4.6,0,0.2,0,0.1,1004.8,9.737
15-Apr-18,0,11.6,0,8.3,0,7,0,3.2,997.4,10.31
16-Apr-18,0,14.1,0,7.5,0,3.7,0,0.4,997.3,10.298
17-Apr-18,0,16.4,0,11.1,0,9.2,0,2.1,1001.2,12.16
18-Apr-18,0,20,0,10.6,0,7.6,0,0,1011.4,13.358
19-Apr-18,0,19.1,0,10.2,0,7,0,0,1015.7,14.967
20-Apr-18,0,17.9,0,5.5,0,0.3,0,0,1019.1,14.315
21-Apr-18,0,17.4,0,3.5,0,-0.7,0,0,1010.3,13.95
22-Apr-18,0,14.7,0,8.3,0,5.2,0,2.2,1002.9,13.523
23-Apr-18,0,15.5,0,8.8,0,6,0,0,1005.1,12.835
24-Apr-18,0,11.6,0,6.3,0,4.6,0,6.6,1004.1,11.818
25-Apr-18,0,13,0,5.9,0,1,0,1.8,1004,11.185
26-Apr-18,0,13,0,5.2,0,1.8,0,0.3,1006.9,11.218
27-Apr-18,0,10.8,0,2.7,0,3.2,0,1.9,1004.3,10.66
28-Apr-18,0,12.4,0,0.9,0,-2.9,0,0,1007.7,10.497
29-Apr-18,0,11.2,0,1.1,0,-3.1,0,0,1010.3,9.983
30-Apr-18,0,14,0,-0.6,0,-3.9,0,0,1007.4,10.603
01-May-18,0,12.1,0,4,0,-2.1,0,1.9,995.9,10.285
02-May-18,0,13.2,0,5.6,0,5.9,0,1.4,999,12.605
03-May-18,0,13.6,0,6.1,0,1.8,0,0.4,1010.6,11.458
04-May-18,0,19.4,0,9.7,0,8.7,0,0,1015.1,14.725
05-May-18,0,22,0,9.7,0,5,0,0,1017.9,17.09
06-May-18,0,23,0,6.8,0,3.1,0,0,1015.7,17.868
07-May-18,0,22,0,9.3,0,5.5,0,0,1009.5,18.788
08-May-18,0,17.3,0,6.8,0,9.4,0,0.2,1003,17.647
09-May-18,0,12.2,0,5.8,0,1.6,0,2.4,1000.6,13.467
10-May-18,0,14.9,0,4.7,0,-0.4,0,0,1005.8,13.218
11-May-18,0,12.6,0,4.8,0,2.8,0,1.9,1002.5,12.238
12-May-18,0,14.7,0,2.8,0,-1.6,0,10,1006.3,12.733
13-May-18,0,16.9,0,2.8,0,-1.9,0,0,1010.5,13.448
14-May-18,0,16.4,0,7.8,0,4.4,0,0,1015.7,13.935
15-May-18,0,18.3,0,6.9,0,9.9,0,0.4,1020.5,15.667
16-May-18,0,14.3,0,3,0,-1.6,0,0,1024.9,14.73
17-May-18,0,14.5,0,4.1,0,-0.2,0,0,1022.7,15.497
18-May-18,0,17.8,0,3.9,0,0.6,0,0,1018.9,16.052
19-May-18,0,20.6,0,6,0,2.3,0,0,1015.1,17.532
20-May-18,0,17.8,0,11.6,0,10.3,0,2.7,1012,16.392
21-May-18,0,17.7,0,8.1,0,9.9,0,0.9,1013.7,15.46
22-May-18,0,15.8,0,5.6,0,2.6,0,0.3,1017.3,14.538
23-May-18,0,16.4,0,5.7,0,1.6,0,0,1019.7,16.208
24-May-18,0,15.4,0,7,0,2.5,0,0.3,1017.5,15.423
25-May-18,0,21.9,0,8.5,0,4.5,0,0,1017.2,18.3
26-May-18,0,18.7,0,12.7,0,12.3,0,0,1016.3,18.842
27-May-18,0,17.6,0,11.9,0,10.6,0,2.7,1012.5,17.128
28-May-18,0,21,0,9.8,0,6.5,0,0,1014.4,19.64
29-May-18,0,21,0,10.6,0,7.3,0,0,1014.1,20.825
30-May-18,0,20.4,0,9.6,0,5.2,0,0,1009.9,20.765
31-May-18,0,21.9,0,11.8,0,7.7,0,0.1,1009,21.468
01-Jun-18,0,21.2,0,11.6,0,9,0,0.4,1011.2,19.673
02-Jun-18,0,21.2,0,13,0,11.1,0,0,1011.7,19.255
03-Jun-18,0,20,0,10.8,0,6.2,0,0,1013.6,20.523
04-Jun-18,0,21.2,0,8.4,0,3.6,0,0,1012.9,20.585
05-Jun-18,0,17.1,0,9.1,0,8.2,0,0,1013.4,19.735
06-Jun-18,0,19.9,0,8.4,0,3.9,0,0,1011.8,20.792
07-Jun-18,0,21.9,0,8.7,0,4.1,0,0,1012.1,22.295
08-Jun-18,0,22.6,0,10.6,0,6.3,0,0,1011.9,22.765
09-Jun-18,0,21.5,0,11.1,0,7.4,0,0,1010.3,23.438
10-Jun-18,0,21.3,0,11,0,6.5,0,0,1010.6,23.462
11-Jun-18,0,19.1,0,13.4,0,12.5,0,0,1012.3,21.73
12-Jun-18,0,17,0,9.8,0,7,0,0,1014.4,19.038
13-Jun-18,0,18.6,0,9.5,0,5.4,0,0.3,1004.1,18.798
14-Jun-18,0,20.3,0,11.1,0,13.3,0,0,1000,20.79
15-Jun-18,0,17.6,0,10.3,0,5.8,0,0,1007.6,19.49
16-Jun-18,0,18.4,0,11,0,9.8,0,2.3,1004.2,19.755
17-Jun-18,0,20.2,0,10.7,0,9.3,0,0,1005.8,19.005
18-Jun-18,0,19.2,0,11,0,8.5,0,0,1011.3,18.735
19-Jun-18,0,24.1,0,9.9,0,7.2,0,0,1011.9,18.712
20-Jun-18,0,18,0,9,0,13.2,0,0.8,1013.8,19.038
21-Jun-18,0,18.3,0,5.8,0,0.6,0,0,1024.6,18.725
22-Jun-18,0,19.5,0,5.2,0,-0.3,0,0,1027.4,20.392
23-Jun-18,0,20.6,0,7.6,0,3.1,0,0,1023.6,21.29
24-Jun-18,0,24.5,0,7.9,0,3.5,0,0,1019.7,22.628
25-Jun-18,0,24.8,0,12.6,0,7.3,0,0,1020.7,23.253
26-Jun-18,0,24.5,0,11,0,6.1,0,0,1020.2,23.05
27-Jun-18,0,27.9,0,11.5,0,7.4,0,0,1020.1,24.153
28-Jun-18,0,27.1,0,11.3,0,6,0,0,1020.6,24.798
29-Jun-18,0,24.1,0,13,0,8.2,0,0.3,1017.3,25.102
30-Jun-18,0,21.1,0,12.3,0,8,0,0,1011.8,24.852
01-Jul-18,0,23.6,0,10,0,5.5,0,0,1011.8,24.302
02-Jul-18,0,23.6,0,9.6,0,5.3,0,0,1014.9,24.43
03-Jul-18,0,21.8,0,11.8,0,6.9,0,0,1013.5,24.565
04-Jul-18,0,24.7,0,9.4,0,4.5,0,0,1009.5,24.645
05-Jul-18,0,20.8,0,13.3,0,11.5,0,0,1011.9,23.858
06-Jul-18,0,22.6,0,12.9,0,9.3,0,0,1016.2,22.88
07-Jul-18,0,24.8,0,12.4,0,7.6,0,0,1019.3,23.722
08-Jul-18,0,25.8,0,12.6,0,8,0,0,1022.1,23.878
09-Jul-18,0,22.6,0,12.2,0,8.6,0,0,1023.2,22.785
10-Jul-18,0,21.8,0,7.2,0,2.7,0,0,1020.5,22.985
11-Jul-18,0,18.6,0,11.9,0,7.6,0,0,1018.1,21.195
12-Jul-18,0,18.6,0,14.1,0,13.9,0,0,1017.8,20.137
13-Jul-18,0,21,0,11.9,0,14.1,0,0,1016.6,21.302
14-Jul-18,0,26.1,0,11.3,0,6.9,0,0,1012.4,22.95
15-Jul-18,0,19,0,14.9,0,14.1,0,2.8,1007.9,21.13
16-Jul-18,0,21.2,0,12.4,0,8.5,0,0,1008.2,20.755
17-Jul-18,0,21.8,0,12.8,0,8.7,0,0,1008.8,20.58
18-Jul-18,0,21.9,0,12.3,0,9,0,0,1011.7,21.495
19-Jul-18,0,22.9,0,8.4,0,3.2,0,0,1013.4,22.022
20-Jul-18,0,21,0,13,0,9.8,0,7.4,1009.2,20.29
21-Jul-18,0,21.5,0,12,0,10.9,0,0,1010,20.105
22-Jul-18,0,27.1,0,15.9,0,15.8,0,0,1010.3,22.085
23-Jul-18,0,27.7,0,14.8,0,12.9,0,1.4,1008.1,23.188
24-Jul-18,0,22.1,0,12.2,0,9.2,0,0,1009.2,21.653
25-Jul-18,0,24.1,0,10.4,0,5.8,0,0,1010.5,22
26-Jul-18,0,26,0,11.2,0,6.6,0,0,1005.4,23.195
27-Jul-18,0,21.4,0,15.6,0,14.8,0,1.4,997.4,22.122
28-Jul-18,0,17.4,0,8.8,0,9.9,0,9,992,18.352
29-Jul-18,0,19.8,0,8.7,0,4.5,0,6.2,991.7,17.76
30-Jul-18,0,20.6,0,11.4,0,7.4,0,2.2,1000,17.74
31-Jul-18,0,20.3,0,10.1,0,5.6,0,0.1,1006.2,16.695
01-Aug-18,0,19,0,11.6,0,6.9,0,3.2,1009.5,16.57
02-Aug-18,0,26.2,0,17.1,0,14.6,0,0,1012.8,20.195
03-Aug-18,0,25.2,0,15.6,0,16.7,0,1.1,1017.6,21.292
04-Aug-18,0,22.4,0,13.4,0,14.6,0,0,1020.5,21.538
05-Aug-18,0,25,0,13.7,0,11.1,0,0,1016,22.2
06-Aug-18,0,22.8,0,14,0,11.7,0,0.7,1009.1,21.09
07-Aug-18,0,19.5,0,10.6,0,11.9,0,0,1003.8,20.25
08-Aug-18,0,20.5,0,9.7,0,5.3,0,0,1004.1,19.217
09-Aug-18,0,20.1,0,6,0,0.9,0,0,1008.3,18.782
10-Aug-18,0,20,0,7.6,0,2.1,0,0.2,1012.1,18.767
11-Aug-18,0,19.4,0,6.1,0,1.4,0,0.1,1008.4,17.548
12-Aug-18,0,20.5,0,15.9,0,15.8,0,1.6,1000.4,19.762
13-Aug-18,0,20.5,0,13.5,0,12.2,0,0,1004.4,20.013
14-Aug-18,0,21.8,0,14.1,0,11.5,0,0.1,1008.5,20.57
15-Aug-18,0,24.6,0,13,0,14.8,0,4.3,1005.1,21.13
16-Aug-18,0,19.2,0,10.3,0,6.9,0,1.5,1006.9,18.712
17-Aug-18,0,17.6,0,11.6,0,9.1,0,1.8,1009.8,16.767
18-Aug-18,0,26,0,16.1,0,13.8,0,0.4,1007.7,19.71
19-Aug-18,0,20.9,0,15.8,0,15.7,0,1.7,1008.9,19.888
20-Aug-18,0,20.2,0,15.6,0,13.9,0,2.3,1013.1,20.045
21-Aug-18,0,25.6,0,14.7,0,12.3,0,0,1011.3,20.67
22-Aug-18,0,19.1,0,10.7,0,15.3,0,1.9,1008.7,19.552
23-Aug-18,0,17.8,0,9.4,0,6.6,0,2.9,1008.1,17.528
24-Aug-18,0,15.6,0,7.8,0,5.1,0,3.2,1008,15.517
25-Aug-18,0,17.7,0,6.7,0,2.9,0,0,1009.2,15.67
26-Aug-18,0,18.2,0,10.9,0,9.4,0,12.5,999.7,16.05
27-Aug-18,0,19.6,0,10.4,0,10.3,0,0.3,1004.6,16.85
28-Aug-18,0,18.1,0,7.6,0,3.9,0,0,1008.6,16.055
29-Aug-18,0,18.6,0,8.8,0,5.4,0,0.9,1012.6,16.88
30-Aug-18,0,16.7,0,7.7,0,3.3,0,0,1017.9,15.83
31-Aug-18,0,20.4,0,6.8,0,2.1,0,0,1015.2,16.095
01-Sep-18,0,22.9,0,13.6,0,15,0,0.1,1015.2,18.925
02-Sep-18,0,25.1,0,12.9,0,9,0,3.9,1015.1,19.528
03-Sep-18,0,17.9,0,9.4,0,6.4,0,0,1019,18.188
04-Sep-18,0,18.6,0,5,0,0,0,0,1019.8,16.378
05-Sep-18,0,19.9,0,7,0,1.6,0,3.2,1017.9,17.337
06-Sep-18,0,17,0,6.8,0,11.6,0,4.1,1013.5,16.9
07-Sep-18,0,15.7,0,5.5,0,0.1,0,0,1010.9,14.59
08-Sep-18,0,18.3,0,13.3,0,12.3,0,6.2,1006.4,16.138
09-Sep-18,0,18.9,0,12.1,0,11,0,0.2,1007.7,16.86
10-Sep-18,0,16.9,0,11.8,0,10.1,0,2,1009,16
11-Sep-18,0,17.5,0,10.8,0,10.6,0,2.2,1011.3,16.597
12-Sep-18,0,17.8,0,8.3,0,4.2,0,0.2,1016.6,15.885
13-Sep-18,0,17.5,0,8.6,0,3.3,0,0.3,1015.1,14.993
14-Sep-18,0,17.6,0,11.2,0,10.3,0,2.8,1012.6,15.642
15-Sep-18,0,17.7,0,10.7,0,6.8,0,0,1010.3,15.418
16-Sep-18,0,19.8,0,9.6,0,12.5,0,3.2,1005.7,16.573
17-Sep-18,0,21.1,0,9.8,0,5.8,0,0,998.6,15.938
18-Sep-18,0,21.9,0,13.9,0,14.4,0,0.9,991.7,17.462
19-Sep-18,0,18.4,0,10.3,0,9.9,0,0.4,994.5,15.122
20-Sep-18,0,12.3,0,6.5,0,3.6,0,14.9,996.5,12.413
21-Sep-18,0,16.1,0,6.2,0,3.8,0,1.1,1002.7,12.298
22-Sep-18,0,12.7,0,6.6,0,2.4,0,0,1010.8,12.108
23-Sep-18,0,13.6,0,4.2,0,0.3,0,0.1,1021.3,11.557
24-Sep-18,0,14.6,0,3.4,0,-1.9,0,0,1032.7,10.76
25-Sep-18,0,17,0,2.9,0,-1.4,0,0,1026.9,11.15
26-Sep-18,0,20.6,0,13.9,0,11,0,0,1022.9,14.825
27-Sep-18,0,17,0,7.1,0,3.8,0,0.3,1022.6,14.18
28-Sep-18,0,14.7,0,3.1,0,-1,0,0.1,1027.8,11.837
29-Sep-18,0,15.8,0,1.4,0,-2.9,0,0,1021.6,11.005
30-Sep-18,0,13.2,0,4.9,0,6.1,0,0,1018.8,12.125
01-Oct-18,0,14.6,0,2.9,0,-0.8,0,0.8,1019.7,10.935
02-Oct-18,0,17,0,11.8,0,9.3,0,1,1017,13.845
03-Oct-18,0,16.3,0,11.7,0,9.7,0,0.3,1020.1,14.042
04-Oct-18,0,17.6,0,11.5,0,10.4,0,5.9,1014.8,14.417
05-Oct-18,0,12,0,7.3,0,8.4,0,7.7,1010.9,13.315
06-Oct-18,0,13,0,1.8,0,4.4,0,0,1013.7,11.385
07-Oct-18,0,15.3,0,1.4,0,-2.5,0,0,1013.9,10.165
08-Oct-18,0,16.2,0,12.9,0,10.7,0,0,1007.4,12.493
09-Oct-18,0,18.2,0,13.2,0,12.1,0,0,1004.7,13.51
10-Oct-18,0,20.2,0,11.6,0,7.6,0,0,999.3,13.805
11-Oct-18,0,17.1,0,10.6,0,13.2,0,0.7,990.5,13.56
12-Oct-18,0,16.4,0,11.6,0,5.8,0,5.9,987.7,12.597
13-Oct-18,0,13.2,0,8.7,0,10.2,0,18.4,994.2,12.688
14-Oct-18,0,14.1,0,3.3,0,4.3,0,0.1,1003.8,11.48
15-Oct-18,0,14.1,0,3,0,-0.4,0,0,1008.2,9.783
16-Oct-18,0,15.9,0,4.1,0,-0.1,0,0.1,1006,9.632
17-Oct-18,0,13.9,0,2.5,0,3.2,0,0.1,1015.5,9.94
18-Oct-18,0,13.7,0,1.1,0,-3.3,0,0,1022,8.175
19-Oct-18,0,15.2,0,3.3,0,-1.5,0,0,1019.3,9.235
20-Oct-18,0,17.6,0,8.8,0,3.3,0,0,1022.1,11.663
21-Oct-18,0,15.3,0,5.3,0,13.1,0,0.9,1025.1,12.785
22-Oct-18,0,12.9,0,3.2,0,-1,0,0,1033.8,9.286
23-Oct-18,0,13.6,0,7.9,0,5.6,0,0,1029.4,9.722
24-Oct-18,0,11.7,0,8.8,0,7.2,0,0,1025.7,10.733
25-Oct-18,0,11.9,0,8.1,0,8.4,0,0.3,1017.2,10.895
26-Oct-18,0,10,0,2.3,0,1.8,0,0.2,1013,9.205
27-Oct-18,0,7.4,0,1.5,0,-2.6,0,0.1,1017.8,6.533
28-Oct-18,0,10.2,0,-1.3,0,-2.9,0,0.4,1017.5,5.769
29-Oct-18,0,8.5,0,-1.7,0,-5.5,0,0,1004.8,5.179
30-Oct-18,0,10,0,-3,0,-7,0,0.1,994.8,5.135
31-Oct-18,0,9.6,0,3.8,0,0.2,0,1.4,995.7,6.92
01-Nov-18,0,9.2,0,-0.5,0,-5.3,0,0.1,1005,5.443
02-Nov-18,0,13,0,-0.3,0,-5.4,0,1,1013.3,4.823
03-Nov-18,0,15.8,0,11.3,0,-2.5,0,0.1,1002.9,9.677
04-Nov-18,0,12.8,0,8.6,0,4.6,0,3.8,997.8,8.996
05-Nov-18,0,12.4,0,10.1,0,7.5,0,5.8,993.5,9.873
06-Nov-18,0,12.7,0,7.9,0,9.5,0,2.9,984.8,10.365
07-Nov-18,0,9.6,0,3.5,0,3.8,0,18.6,986.8,9.293
08-Nov-18,0,11.3,0,3.5,0,-1.3,0,0.9,996.9,7.547
09-Nov-18,0,12,0,5.4,0,1.9,0,14.2,984.9,8.059
10-Nov-18,0,9.9,0,3.9,0,0.5,0,2.6,979.5,7.134
11-Nov-18,0,11.5,0,2.9,0,-0.9,0,4.1,985.6,6.752
12-Nov-18,0,12.8,0,8.1,0,2,0,0.1,994.8,7.46
13-Nov-18,0,13.3,0,7.1,0,2.8,0,0.5,1005,7.747
14-Nov-18,0,14.6,0,12,0,5.3,0,0.4,1004.6,10.265
15-Nov-18,0,15.3,0,5.3,0,8,0,0.1,1009.1,9.975
16-Nov-18,0,15.6,0,4.9,0,0.6,0,0.1,1014.3,9.268
17-Nov-18,0,13,0,8.3,0,10.5,0,0,1017.9,10.29
18-Nov-18,0,11.5,0,5.4,0,-0.5,0,0,1021,7.731
19-Nov-18,0,9.4,0,7.1,0,5.7,0,0.8,1017.8,7.491
20-Nov-18,0,8.1,0,5.4,0,3.6,0,19.4,1009.3,7.026
21-Nov-18,0,7,0,3.6,0,2.8,0,11.3,1003.8,6.453
22-Nov-18,0,8.8,0,2.4,0,1.6,0,1.7,1009.9,6.374
23-Nov-18,0,9.1,0,4.4,0,-1.5,0,0.1,1006.9,5.758
24-Nov-18,0,9.4,0,6.4,0,2.9,0,0.4,1006.6,7.219
25-Nov-18,0,9.4,0,4.9,0,0.4,0,3.3,1007.7,6.928
26-Nov-18,0,8.8,0,1.9,0,2.3,0,0.4,1008.4,6.459
27-Nov-18,0,10.9,0,5.1,0,-2.4,0,11,999.3,6.683
28-Nov-18,0,15.6,0,8.6,0,1.7,0,3.2,984.7,8.703
29-Nov-18,0,10.1,0,6.3,0,4.7,0,10.2,984.4,7.634
30-Nov-18,0,8.3,0,4.1,0,2.3,0,3.7,993.6,6.139
01-Dec-18,0,10.8,0,5.2,0,-0.2,0,4.8,991.8,7.384
02-Dec-18,0,13.3,0,9.1,0,7.7,0,2.9,984.8,8.862
03-Dec-18,0,9.4,0,2.8,0,5.6,0,5,998.2,7.552
04-Dec-18,0,5.8,0,-0.8,0,-5.6,0,0.8,1012.3,4.442
05-Dec-18,0,11.4,0,5.8,0,-2.6,0,16.2,1004.1,7.115
06-Dec-18,0,13.5,0,9.7,0,7.8,0,1.2,997.6,8.908
07-Dec-18,0,13.6,0,4.6,0,3.2,0,4.2,991.5,7.595
08-Dec-18,0,10.5,0,7.5,0,2.5,0,4.4,993.1,7.096
09-Dec-18,0,9.4,0,4.7,0,3.5,0,0.4,1004.9,6.962
10-Dec-18,0,9.5,0,3.2,0,-0.6,0,0.2,1019.8,5.802
11-Dec-18,0,11.2,0,3.3,0,-0.4,0,2.5,1013,6.288
12-Dec-18,0,9.7,0,6.2,0,3.1,0,1.6,1005.7,7.565
13-Dec-18,0,7.6,0,5.5,0,4.7,0,0.4,1006.2,6.654
14-Dec-18,0,7.3,0,5.5,0,4.5,0,2.2,1007.9,6.16
15-Dec-18,0,11.3,0,5.8,0,5.3,0,7.6,990,6.993
16-Dec-18,0,7.8,0,3.3,0,-0.6,0,0.5,996.2,5.321
17-Dec-18,0,13.3,0,3.4,0,-2.1,0,0,998.9,5.172
18-Dec-18,0,13.2,0,5.5,0,5,0,4.3,989.4,7.691
19-Dec-18,0,8.9,0,4.5,0,-1.2,0,0.2,989.4,4.953
20-Dec-18,0,7.9,0,6.4,0,2.2,0,1.3,992.4,5.855
21-Dec-18,0,9.5,0,5.8,0,4.3,0,5.1,992.5,6.499
22-Dec-18,0,9.3,0,6.1,0,2.6,0,3.1,1005.2,5.907
23-Dec-18,0,7.8,0,3.8,0,3,0,12.4,1013.2,6.602
24-Dec-18,0,9.9,0,4.6,0,0.1,0,0,1022.5,6.581
25-Dec-18,0,11.6,0,4.2,0,0.8,0,0,1023.1,6.516
26-Dec-18,0,11.7,0,4.8,0,1.1,0,0.1,1020.6,6.336
27-Dec-18,0,10.1,0,8.2,0,1.7,0,0,1019.7,7.585
28-Dec-18,0,12.1,0,8.6,0,5.5,0,0,1021.8,8.46
29-Dec-18,0,12.2,0,10.5,0,9.7,0,0.2,1023.9,9.448
30-Dec-18,0,12,0,9.5,0,7.2,0,0,1027.5,9.33
31-Dec-18,0,10.5,0,9.4,0,7.9,0,0,1028.7,8.887
01-Jan-19,0,9.7,0,2.7,0,3.4,0,0.4,1032.6,8.343
02-Jan-19,0,8,0,3.4,0,-2,0,0,1037.1,7.072
03-Jan-19,0,8.4,0,5.6,0,-0.7,0,0,1035.6,7.061
04-Jan-19,0,6.9,0,5.1,0,3.9,0,0,1035.6,6.645
05-Jan-19,0,8.8,0,2.2,0,-2.2,0,0,1032.2,6.283
06-Jan-19,0,10.7,0,7.8,0,3.5,0,0,1029.9,7.33
07-Jan-19,0,11.5,0,5.8,0,3.5,0,0,1026,8.158
08-Jan-19,0,8.9,0,2.5,0,0.5,0,0,1027.7,6.007
09-Jan-19,0,8.6,0,2.7,0,-3.2,0,0.1,1028,5.375
10-Jan-19,0,10.3,0,5.9,0,-1.5,0,2.4,1027.5,7.087
11-Jan-19,0,10.1,0,7.2,0,6,0,0.1,1025.4,7.608
12-Jan-19,0,10.4,0,7.7,0,5.1,0,0.8,1019.2,8.033
13-Jan-19,0,11.3,0,6.5,0,6.4,0,0.5,1012.8,8.184
14-Jan-19,0,8.6,0,6.2,0,2,0,0.1,1016.4,7.07
15-Jan-19,0,9.9,0,7.1,0,5.2,0,0,1007.3,7.529
16-Jan-19,0,9.3,0,1.9,0,1.3,0,0.8,997.9,6.54
17-Jan-19,0,3.7,0,-0.6,0,-6.4,0,0,1007,3.494
18-Jan-19,0,10.5,0,3.3,0,-5.4,0,0.2,1003.3,4.964
19-Jan-19,0,8,0,4.5,0,2.4,0,1.5,1001.8,6.189
20-Jan-19,0,7.8,0,-0.2,0,3.9,0,0.3,1013.8,6.07
21-Jan-19,0,6.8,0,-1.5,0,-6.2,0,1.9,1010.5,3.449
22-Jan-19,0,4.5,0,0.4,0,-2.1,0,0,996.9,3.118
23-Jan-19,0,4.7,0,-0.2,0,-4.3,0,0.1,999,2.711
24-Jan-19,0,10.2,0,4.7,0,0,0,3.3,1005.5,5.38
25-Jan-19,0,11.1,0,8.2,0,5.8,0,0,1007.6,7.737
26-Jan-19,0,11.1,0,4.5,0,4.9,0,5.7,992.1,7.644
27-Jan-19,0,6.2,0,0.5,0,-1.2,0,0.2,993.7,4.734
28-Jan-19,0,6.2,0,-0.2,0,-4.2,0,0,1002.9,3.432
29-Jan-19,0,4.4,0,0.1,0,-1.5,0,3.1,994.9,3.694
30-Jan-19,0,3.5,0,-3.6,0,-3.6,0,0,989.6,2.421
31-Jan-19,0,4.1,0,-3.9,0,-8.7,0,5.6,983,1.69
01-Feb-19,0,4.9,0,-1.2,0,-3.3,0,0,991.7,2.227
02-Feb-19,0,5.4,0,-2.4,0,-8.1,0,0,1006.8,1.239
03-Feb-19,0,9.1,0,-3,0,-8.5,0,0.9,1008.4,1.68
04-Feb-19,0,9.7,0,-1.2,0,1.1,0,0,1007.8,4.382
05-Feb-19,0,13.3,0,-1.2,0,-6.3,0,3.3,1008.5,3.932
06-Feb-19,0,11.1,0,3.9,0,-2.5,0,2.4,999.5,4.433
07-Feb-19,0,9.2,0,1.1,0,0.1,0,3.8,993.3,4.907
08-Feb-19,0,11.3,0,5.3,0,2.4,0,2.1,981.9,6.461
09-Feb-19,0,9.4,0,1.5,0,2.4,0,3.1,984.1,5.385
10-Feb-19,0,7.2,0,1.1,0,-2.7,0,2.1,997.2,4.497
11-Feb-19,0,9.6,0,2.5,0,-1.6,0,0,1015.3,4.8
12-Feb-19,0,13.7,0,5.8,0,-0.9,0,0,1020.5,6.624
13-Feb-19,0,11.8,0,9.6,0,7.9,0,0,1019.4,7.981
14-Feb-19,0,13.5,0,1.5,0,3.4,0,0,1018.9,7.68
15-Feb-19,0,16.5,0,0.4,0,-4.7,0,0,1012.5,6.308
16-Feb-19,0,12.8,0,7.1,0,3.3,0,0,1006,7.451
17-Feb-19,0,12.2,0,8.1,0,7.7,0,0.3,999.2,8.611
18-Feb-19,0,10.3,0,5.5,0,1.2,0,0.2,1003.1,6.7
19-Feb-19,0,10.5,0,3.7,0,-0.4,0,1.5,1004.8,6.137
20-Feb-19,0,14.1,0,10.2,0,6.2,0,0,1004.4,9.065
21-Feb-19,0,15,0,10.7,0,8.6,0,0,1012.6,10.035
22-Feb-19,0,16,0,11.4,0,8,0,0,1019.6,9.375
23-Feb-19,0,15,0,3.7,0,8.5,0,0,1022.4,8.88
24-Feb-19,0,13.6,0,3,0,-2,0,0.1,1026.9,7.661
25-Feb-19,0,15.8,0,2.9,0,-0.9,0,0,1026.2,7.687
26-Feb-19,0,16.6,0,0.7,0,-3.3,0,0,1023,6.895
27-Feb-19,0,13.5,0,0.1,0,-3.5,0,0,1015.5,6.878
28-Feb-19,0,11.4,0,5.7,0,3.6,0,0.1,1010.1,8.131
01-Mar-19,0,16.2,0,5,0,0.2,0,3.9,1008.1,8.666
02-Mar-19,0,12.6,0,5.6,0,1.6,0,5.3,995.9,8.317
03-Mar-19,0,7.3,0,0.4,0,3.6,0,21.6,984.4,5.452
04-Mar-19,0,6.7,0,1.3,0,-1.3,0,0.9,985.6,4.563
05-Mar-19,0,11,0,3.7,0,0.2,0,9.4,984,6.161
06-Mar-19,0,12.1,0,4.8,0,6.6,0,0.8,975.7,7.755
07-Mar-19,0,11.3,0,3.1,0,2.2,0,0.5,990.6,6.527
08-Mar-19,0,10.7,0,1.1,0,-2.9,0,1,999.3,5.903
09-Mar-19,0,10.1,0,4.2,0,2.6,0,4.1,1002.5,6.812
10-Mar-19,0,7.9,0,1.3,0,2,0,6.2,1004.5,6.509
11-Mar-19,0,11,0,1.1,0,-2.6,0,0.6,1006.6,5.449
12-Mar-19,0,11.5,0,4.5,0,3.7,0,5.2,992.4,7.512
13-Mar-19,0,10.6,0,5.5,0,3.6,0,1.4,1000.5,7.437
14-Mar-19,0,11.3,0,7.5,0,6.5,0,6.6,997.2,8.863
15-Mar-19,0,11.6,0,5.6,0,6.6,0,3.9,998.2,9.608
16-Mar-19,0,12.1,0,2.7,0,5.3,0,10.9,988.7,9.29
17-Mar-19,0,11.8,0,0.9,0,-1.6,0,3,1002.9,7.248
18-Mar-19,0,11.1,0,4.4,0,1.3,0,0.9,1015.6,7.949
19-Mar-19,0,14,0,6.8,0,3.1,0,0.6,1020.4,9.626
20-Mar-19,0,17.7,0,8.4,0,5.7,0,0.1,1023.2,11.655
21-Mar-19,0,14.3,0,10,0,7.8,0,0,1023.3,11.9
22-Mar-19,0,12,0,5.5,0,6.1,0,0.8,1019.3,10.46
23-Mar-19,0,10.6,0,2.2,0,-1.9,0,0,1026.4,8.929
24-Mar-19,0,11.3,0,2.3,0,-2.7,0,0,1026.6,8.575
25-Mar-19,0,12.4,0,4,0,-1.1,0,0,1028.9,9.511
26-Mar-19,0,13.6,0,3,0,-2.3,0,0,1029.2,9.613
27-Mar-19,0,14.4,0,3.6,0,-1.5,0,0,1030.1,10.26
28-Mar-19,0,17,0,2.5,0,-2.3,0,0,1027.9,10.866
29-Mar-19,0,14.1,0,2.9,0,-2.4,0,0,1020.8,10.576
30-Mar-19,0,12.9,0,3.8,0,0,0,0,1018.3,9.932
31-Mar-19,0,11.2,0,-1.2,0,-5.3,0,0,1019.6,8.592
01-Apr-19,0,12.6,0,5.6,0,2,0,2.8,1011.1,9.882
02-Apr-19,0,8.3,0,1.3,0,-0.9,0,0.1,1000.4,8.649
03-Apr-19,0,8.1,0,1.7,0,-2.1,0,7.2,993.6,7.06
04-Apr-19,0,8.6,0,1.3,0,0.8,0,14.4,984.8,7.104
05-Apr-19,0,8.9,0,0.2,0,-4,0,3.8,991.9,6.41
06-Apr-19,0,11.7,0,1.4,0,5.2,0,0.8,1001,9.457
07-Apr-19,0,10.8,0,0.4,0,-3.5,0,0,1003.6,8.052
08-Apr-19,0,9.5,0,6.6,0,0.6,0,4.4,1005.8,8.637
09-Apr-19,0,11.3,0,6.5,0,7.4,0,0.1,1010.7,9.323
10-Apr-19,0,9.9,0,3.5,0,2.1,0,0,1016.3,9.498
11-Apr-19,0,13.5,0,0.2,0,-4.3,0,0,1019.2,9.53
12-Apr-19,0,10.8,0,1,0,-3.5,0,0,1018.9,8.291
13-Apr-19,0,9.7,0,6.5,0,0.4,0,0,1017.2,9.106
14-Apr-19,0,8.1,0,5.7,0,5.6,0,0,1015.9,8.019
15-Apr-19,0,9.5,0,4.9,0,3.6,0,10.6,1008.5,7.066
16-Apr-19,0,10.1,0,3.8,0,5.3,0,3.7,1009.8,8.664
17-Apr-19,0,12.9,0,0.2,0,-2.4,0,0,1013.9,9.098
18-Apr-19,0,15.9,0,4.1,0,0.9,0,0,1018.1,11.3
19-Apr-19,0,20.6,0,5.3,0,1.5,0,0,1023.1,12.688
20-Apr-19,0,20.7,0,6.6,0,2.2,0,0,1022.9,14.358
21-Apr-19,0,22.1,0,8.2,0,3.7,0,0,1011.6,15.353
22-Apr-19,0,21.6,0,7.6,0,1.8,0,0,998.5,14.913
23-Apr-19,0,18.6,0,10,0,5.8,0,0,990.7,15.493
24-Apr-19,0,14.8,0,7.6,0,9,0,8.3,985.1,14.213
25-Apr-19,0,11.5,0,6.1,0,1,0,2.5,989.1,11.667
26-Apr-19,0,12.3,0,6.2,0,4.4,0,3,989.7,11.545
27-Apr-19,0,12.1,0,5.2,0,5.1,0,7.9,1000,11.243
28-Apr-19,0,12.1,0,4.6,0,0.1,0,0.1,1016,10.73
29-Apr-19,0,13.5,0,8.4,0,5.4,0,0.8,1017.1,12.56
30-Apr-19,0,13.3,0,9.3,0,9.4,0,1.1,1014.9,11.927
01-May-19,0,15.9,0,7.2,0,6.2,0,0,1012.5,14.025
02-May-19,0,15.8,0,8.3,0,5,0,0.5,1010.6,14.15
03-May-19,0,11.9,0,4,0,3.3,0,0,1012.9,12.833
04-May-19,0,13.1,0,2.3,0,0,0,0,1019.3,11.898
05-May-19,0,12,0,0.5,0,-4.1,0,0,1021.7,11.427
06-May-19,0,13,0,3,0,-1.6,0,0,1016,12.648
07-May-19,0,13,0,6.2,0,3.6,0,0,1003.6,12.288
08-May-19,0,9.6,0,7.5,0,4.8,0,5,989.9,10.273
09-May-19,0,11.1,0,6.4,0,6.7,0,10.2,994.7,10.767
10-May-19,0,13.6,0,2.8,0,-1.7,0,1.7,1003.7,11.635
11-May-19,0,15,0,2.8,0,-1.7,0,0,1017.4,12.42
12-May-19,0,18.2,0,2.7,0,-2.3,0,0,1028.9,12.898
13-May-19,0,19,0,5.7,0,0.2,0,0,1031,14.903
14-May-19,0,19.4,0,5,0,0.9,0,0,1026.4,16.165
15-May-19,0,20,0,6.5,0,1.7,0,0,1019.2,16.612
16-May-19,0,17.2,0,6.9,0,2.8,0,0,1013,16.22
17-May-19,0,14,0,7.3,0,3,0,0.6,1007.4,13.905
18-May-19,0,14.5,0,8,0,5.8,0,0.2,1003.8,14.355
19-May-19,0,15.1,0,6.8,0,3.6,0,0.8,1006.8,14.115
20-May-19,0,17.5,0,5.9,0,0.8,0,1.5,1011,15.215
21-May-19,0,17,0,3.6,0,-0.6,0,0,1014.3,14.962
22-May-19,0,17.8,0,9.6,0,8.6,0,0,1012.7,17.308
23-May-19,0,17.4,0,10.6,0,6.5,0,0,1011,17.235
24-May-19,0,18.3,0,11.1,0,7.6,0,0,1013.3,17.388
25-May-19,0,19.6,0,11.3,0,9.8,0,0,1011.7,17.458
26-May-19,0,18.6,0,11,0,13.6,0,0.7,1007.2,18.69
27-May-19,0,17,0,8,0,7.3,0,10.6,1004.3,17.212
28-May-19,0,15.4,0,8.3,0,4.8,0,0.3,1008.3,16.03
29-May-19,0,17.4,0,8.9,0,6.1,0,1.9,1008.1,16.195
30-May-19,0,21.7,0,14.2,0,12,0,0.6,1010.4,17.435
31-May-19,0,19.4,0,8.9,0,13.4,0,0.2,1012,18.392
01-Jun-19,0,20,0,7.5,0,3,0,1,1007.4,17.18
02-Jun-19,0,19.3,0,10.4,0,12.7,0,0.2,997.5,18.983
03-Jun-19,0,17.2,0,8.2,0,5,0,3,1001.3,17.407
04-Jun-19,0,12.4,0,7.9,0,5.9,0,23.8,997.3,14.92
05-Jun-19,0,12.6,0,8.8,0,9.7,0,2.5,996.5,14.712
06-Jun-19,0,16.7,0,5.8,0,7.2,0,0.2,1001.2,16.085
07-Jun-19,0,15.2,0,3.8,0,0.3,0,0,1000.9,14.62
08-Jun-19,0,17.2,0,8.4,0,8.6,0,0,1006,16.3
09-Jun-19,0,16.7,0,7.2,0,2.2,0,1.6,1012.1,16.405
10-Jun-19,0,16.3,0,8.5,0,6.3,0,2,1014,17.118
11-Jun-19,0,15.7,0,8.5,0,5.6,0,0,1015.2,16.185
12-Jun-19,0,11.5,0,10.1,0,8.4,0,3.8,1008.9,14.51
13-Jun-19,0,12.8,0,8.2,0,10,0,0.8,1001.8,13.962
14-Jun-19,0,15.4,0,5.8,0,1.4,0,4.9,998.7,13.602
15-Jun-19,0,17.1,0,9.1,0,8.9,0,7.4,1001.3,16.01
16-Jun-19,0,18.1,0,7.1,0,3.5,0,3.9,1002,16.432
17-Jun-19,0,19.4,0,9.4,0,4.6,0,0.1,1005.5,16.72
18-Jun-19,0,19.4,0,8,0,2.4,0,0,1006.1,18.04
19-Jun-19,0,18,0,10.3,0,8.2,0,1,1003.3,17.835
20-Jun-19,0,17.5,0,8.1,0,3.9,0,0.9,1006.3,17.298
21-Jun-19,0,18.2,0,6,0,0.3,0,0,1012.4,17.108
22-Jun-19,0,18,0,6,0,2.3,0,0,1013.5,17.987
23-Jun-19,0,17.8,0,12.5,0,10.7,0,16.2,1010.4,16.84
24-Jun-19,0,19.1,0,12.1,0,13.2,0,0,1011.6,17.585
25-Jun-19,0,18.8,0,12.2,0,7.9,0,0,1017.8,18.282
26-Jun-19,0,18.2,0,11.5,0,7.5,0,0,1023.6,18.318
27-Jun-19,0,19.3,0,13,0,11.5,0,0,1022.1,19.247
28-Jun-19,0,24.1,0,13.1,0,11.2,0,0,1015.4,20.535
29-Jun-19,0,22.4,0,14.4,0,11.7,0,0.8,1008.7,20.485
30-Jun-19,0,20.6,0,12.9,0,10.7,0,0.2,1008.1,20.105
01-Jul-19,0,19.6,0,10.4,0,11.5,0,0.5,1016.1,19.472
02-Jul-19,0,17.8,0,9.5,0,6.3,0,0,1022.5,18.665
03-Jul-19,0,19.2,0,6.9,0,2,0,0,1024,19.135
04-Jul-19,0,23.3,0,8.6,0,4.4,0,0,1020.3,19.955
05-Jul-19,0,21,0,9.9,0,5.4,0,0,1014.4,19.685
06-Jul-19,0,16.7,0,13.1,0,10.8,0,1.2,1010.5,18.873
07-Jul-19,0,19.4,0,10.6,0,9.3,0,0,1013,19.725
08-Jul-19,0,18.1,0,9.9,0,5.9,0,0.9,1014.8,18.483
09-Jul-19,0,24,0,13.7,0,12,0,0.1,1014.3,20.212
10-Jul-19,0,21.3,0,13.5,0,9.9,0,3.9,1009.9,19.91
11-Jul-19,0,22.2,0,14.2,0,12.5,0,0.8,1006.6,20.955
12-Jul-19,0,18.6,0,13.4,0,11,0,0,1013.6,19.73
13-Jul-19,0,20.3,0,11.4,0,13,0,0,1019.7,20.198
14-Jul-19,0,19.3,0,8.6,0,4.7,0,0,1019.2,20.455
15-Jul-19,0,24.5,0,9.9,0,5.6,0,0,1015.6,21.263
16-Jul-19,0,23,0,14.4,0,10.8,0,0,1012.1,21.302
17-Jul-19,0,19.7,0,12.7,0,10.6,0,2.2,1005.6,20.073
18-Jul-19,0,21.9,0,12.1,0,8.3,0,0.8,1003.2,19.78
19-Jul-19,0,22.4,0,12.4,0,9,0,4.9,998.1,19.855
20-Jul-19,0,19.6,0,14,0,13.5,0,0.9,1000.6,19.743
21-Jul-19,0,20.9,0,10.9,0,6.5,0,6.7,1007.2,18.548
22-Jul-19,0,26.6,0,18.3,0,17.2,0,0.1,1008.7,21.997
23-Jul-19,0,25.5,0,16.1,0,14,0,0,1007.5,23.27
24-Jul-19,0,24.9,0,16.1,0,14.1,0,0,1003.3,23.042
25-Jul-19,0,24,0,16.6,0,15.6,0,0,1001.3,21.735
26-Jul-19,0,23.2,0,13.1,0,16.5,0,1.8,1002,22.035
27-Jul-19,0,21.5,0,10.6,0,6.9,0,0.1,1004.9,20.995
28-Jul-19,0,20.8,0,10.8,0,7.3,0,0,1003.5,20.642
29-Jul-19,0,21.4,0,12.5,0,10.7,0,1.8,1001.7,20.897
30-Jul-19,0,18.9,0,13.4,0,12.1,0,22.9,1002.9,19.085
31-Jul-19,0,20.5,0,12.7,0,11.4,0,0.1,1008.8,19.378
01-Aug-19,0,21.1,0,11.2,0,7.6,0,0,1014.1,19.938
02-Aug-19,0,22,0,10.2,0,6.7,0,0,1014.2,20.43
03-Aug-19,0,21.4,0,14.6,0,11.1,0,1.3,1010,19.642
04-Aug-19,0,23.2,0,13.4,0,11.6,0,4.2,1002.9,19.997
05-Aug-19,0,22.5,0,12.1,0,9.4,0,0.1,998.5,19.872
06-Aug-19,0,20.2,0,14,0,13.5,0,3.7,995.7,19.658
07-Aug-19,0,22.1,0,12.8,0,11.1,0,0.7,999.3,19.885
08-Aug-19,0,19.8,0,11.2,0,7,0,3.9,998.3,19.455
09-Aug-19,0,20.8,0,15.2,0,13.8,0,18.2,986,19.327
10-Aug-19,0,20.2,0,14.4,0,16.1,0,8.1,988.6,19.49
11-Aug-19,0,18.8,0,9.4,0,12.2,0,3.5,1003.5,19.228
12-Aug-19,0,17.9,0,8.1,0,4.4,0,3.2,1010,17.75
13-Aug-19,0,19.2,0,7.8,0,3.6,0,1,1009.2,17.753
14-Aug-19,0,21.5,0,14.1,0,13.7,0,1.1,1002.2,19.47
15-Aug-19,0,21.1,0,12.9,0,11.5,0,0.1,1004.3,19.435
16-Aug-19,0,22.1,0,13.6,0,13.6,0,7.3,997.3,19.448
17-Aug-19,0,19.5,0,11.9,0,9.5,0,0.1,992.7,19.132
18-Aug-19,0,18.7,0,11.4,0,9.4,0,2.9,996.5,17.622
19-Aug-19,0,18.8,0,10.5,0,7.9,0,0.2,1006.7,17.987
20-Aug-19,0,17.5,0,8.6,0,4.5,0,2.3,1014.8,16.948
21-Aug-19,0,16.7,0,11.1,0,7.1,0,3.9,1014.6,16.25
22-Aug-19,0,21.1,0,13.9,0,12.4,0,0.3,1013.4,17.522
23-Aug-19,0,23.4,0,11.7,0,9,0,0,1014,19.632
24-Aug-19,0,21.9,0,10.9,0,7.5,0,0,1010.4,19.333
25-Aug-19,0,21.9,0,12,0,8.7,0,0,1011.6,18.585
26-Aug-19,0,21.6,0,10.6,0,6.1,0,0,1012,19.358
27-Aug-19,0,23,0,10.9,0,7,0,0,1006.7,19.163
28-Aug-19,0,19.9,0,11.8,0,11.9,0,0.1,1004.9,19.247
29-Aug-19,0,20.3,0,12.6,0,7.6,0,0,1007.8,18.295
30-Aug-19,0,21,0,15.9,0,14.8,0,0.1,1004.6,18.24
31-Aug-19,0,18.5,0,9.9,0,11.8,0,2.4,1002,18.505
01-Sep-19,0,18.6,0,8.4,0,5.2,0,0,1012.7,17.112
02-Sep-19,0,17.6,0,10.3,0,5.8,0,2.5,1014.8,16.417
03-Sep-19,0,22.1,0,13.3,0,11.2,0,1,1011.8,18.41
04-Sep-19,0,16.9,0,8.2,0,7,0,0.8,1014.3,17.195
05-Sep-19,0,18.7,0,6.9,0,2.3,0,0,1020.3,16.042
06-Sep-19,0,18.1,0,10.9,0,11,0,0.6,1015.5,17.24
07-Sep-19,0,18.7,0,9.2,0,6.8,0,0,1020.6,16.76
08-Sep-19,0,19.6,0,8.3,0,3.7,0,0.1,1015,16.878
09-Sep-19,0,17.5,0,7.5,0,12.2,0,2.2,1008.4,17.298
10-Sep-19,0,16.7,0,6,0,1.3,0,0.1,1011.4,15.05
11-Sep-19,0,19.4,0,13,0,11.8,0,0.9,1010.7,17.525
12-Sep-19,0,21.5,0,7.6,0,9.2,0,0.7,1020.6,17.705
13-Sep-19,0,18.5,0,7,0,1.6,0,0,1029.7,15.812
14-Sep-19,0,20.8,0,5.4,0,1.8,0,0,1024.6,15.845
15-Sep-19,0,15.7,0,12,0,12.3,0,8.7,1018.3,16.295
16-Sep-19,0,14.5,0,7.4,0,11.8,0,2.9,1018.7,15.425
17-Sep-19,0,17.6,0,5.9,0,1.8,0,0,1022.4,14.622
18-Sep-19,0,20.3,0,5.1,0,1.6,0,0,1024.7,14.962
19-Sep-19,0,20,0,6.5,0,2.8,0,0,1024.1,15.4
20-Sep-19,0,19.7,0,8.4,0,3.9,0,0,1014.2,15.307
21-Sep-19,0,20.5,0,12.5,0,7.6,0,0.4,1000.9,15.283
22-Sep-19,0,19.3,0,12.3,0,14.6,0,14.9,995.2,16.72
23-Sep-19,0,16.8,0,7.6,0,2.8,0,2.9,995.3,14.837
24-Sep-19,0,20.6,0,11.2,0,9.8,0,4.7,990.3,16.13
25-Sep-19,0,19.1,0,12.7,0,7,0,1.7,991.2,16.68
26-Sep-19,0,17.3,0,11.1,0,7.8,0,1.3,990,15.557
27-Sep-19,0,16.8,0,10.8,0,7.2,0,3.2,991.8,15.053
28-Sep-19,0,17.2,0,11.7,0,9.7,0,11.4,993.6,15.597
29-Sep-19,0,17.7,0,8.9,0,10.9,0,8.5,994.6,15.235
30-Sep-19,0,13.5,0,6,0,1.6,0,23.6,997.1,12.845
01-Oct-19,0,12.5,0,4.5,0,10.2,0,5.7,1000.7,13.005
02-Oct-19,0,12.7,0,3,0,-1.3,0,0.1,1013.9,11.025
03-Oct-19,0,16,0,5.9,0,3.8,0,0.4,1004.2,11.798
04-Oct-19,0,15,0,10.7,0,10.6,0,6.8,997.9,13.182
05-Oct-19,0,15.9,0,9.4,0,6.6,0,13.6,1003.2,13.465
06-Oct-19,0,15.8,0,8.9,0,6.9,0,0.4,1006.1,13.653
07-Oct-19,0,17.1,0,10.5,0,6.8,0,5.8,1002.3,13.812
08-Oct-19,0,15.1,0,9.7,0,5.7,0,0,995.6,12.637
09-Oct-19,0,14.1,0,7.7,0,4,0,0.2,997.1,11.802
10-Oct-19,0,16.3,0,9.2,0,5.7,0,2.7,997.5,12.13
11-Oct-19,0,15.2,0,9,0,6.5,0,0.3,995.1,12.77
12-Oct-19,0,15.5,0,4.9,0,-0.6,0,0.2,997.9,11.315
13-Oct-19,0,13.9,0,5,0,3.6,0,8.6,997.2,11.3
14-Oct-19,0,15.1,0,4.2,0,-0.8,0,6.5,998.9,10.71
15-Oct-19,0,14.7,0,7.2,0,2.4,0,1.7,992.6,11.345
16-Oct-19,0,14.3,0,6.4,0,1.9,0,1.5,991.9,11.7
17-Oct-19,0,14.7,0,6.8,0,1.5,0,1,991.3,10.342
18-Oct-19,0,13,0,6.2,0,0.6,0,0.9,988.1,9.892
19-Oct-19,0,12.4,0,5.2,0,4.7,0,1.2,997.7,10.292
20-Oct-19,0,12.1,0,4.8,0,-0.1,0,0.1,1010.9,9.291
21-Oct-19,0,13.1,0,1.9,0,-2.1,0,0,1018.4,9.27
22-Oct-19,0,11.5,0,3.1,0,-2.8,0,0,1013.7,9.076
23-Oct-19,0,13.8,0,10.3,0,7.6,0,0,1002.8,10.365
24-Oct-19,0,13.9,0,3.4,0,2.1,0,0.7,999.4,9.98
25-Oct-19,0,6.9,0,2,0,-2.1,0,9.3,1001,8.185
26-Oct-19,0,9.6,0,3.2,0,3.9,0,1.2,1006.9,8.435
27-Oct-19,0,11.1,0,0.4,0,-1.6,0,0.1,1017.7,6.738
28-Oct-19,0,10.5,0,-1.1,0,-5.4,0,0,1021.3,5.934
29-Oct-19,0,10.8,0,7.6,0,0,0,0,1020.8,7.41
30-Oct-19,0,11.4,0,9.4,0,7.9,0,0,1016.8,8.448
31-Oct-19,0,11.9,0,9.1,0,8.6,0,4.2,1005.9,9.193
01-Nov-19,0,14,0,10.6,0,9.1,0,4.9,985.2,10.95
02-Nov-19,0,10.7,0,5.7,0,1,0,20.3,969.6,10.33
03-Nov-19,0,8.5,0,5.3,0,1.7,0,0.3,974.6,9.535
04-Nov-19,0,10,0,4.9,0,0.9,0,16.8,982.4,9.172
05-Nov-19,0,10.8,0,5.9,0,4.9,0,0,997.5,9.18
06-Nov-19,0,10.1,0,3.5,0,-0.9,0,4.2,994.3,8.363
07-Nov-19,0,8.5,0,4.8,0,4.7,0,17.2,992.5,8.242
08-Nov-19,0,9.3,0,1.6,0,1.3,0,0,1004.2,7.054
09-Nov-19,0,8.8,0,4.4,0,-2.5,0,9.9,999.4,6.852
10-Nov-19,0,7.6,0,0.9,0,-1.7,0,8.9,1003.4,6.598
11-Nov-19,0,7.8,0,2.8,0,0.9,0,0.1,996.6,6.027
12-Nov-19,0,8.9,0,2.2,0,0.1,0,0.1,996.8,5.477
13-Nov-19,0,7.9,0,2.3,0,-1.4,0,13.8,989.4,5.15
14-Nov-19,0,8,0,2.2,0,3,0,1.9,997.3,5.535
15-Nov-19,0,8.1,0,2.1,0,-0.4,0,0,1008.4,4.351
16-Nov-19,0,4.1,0,0.8,0,-2.5,0,0,1005.2,4.208
17-Nov-19,0,7.9,0,0.6,0,-2.9,0,0,1009.8,4.311
18-Nov-19,0,9.3,0,-1.7,0,-6,0,0,1011.5,2.943
19-Nov-19,0,11.2,0,0.6,0,-3.5,0,0,1003.7,4.391
20-Nov-19,0,10.4,0,1.1,0,-3.8,0,4,996.9,5.44
21-Nov-19,0,8.3,0,6.3,0,6.1,0,6.2,991.8,6.391
22-Nov-19,0,9.5,0,5.8,0,5.6,0,15.3,986.4,6.844
23-Nov-19,0,9.9,0,6.7,0,5,0,7.8,991.2,7.36
24-Nov-19,0,10,0,6.2,0,3.3,0,5.4,993.7,7.653
25-Nov-19,0,12.3,0,9.4,0,7.2,0,10.5,990.3,8.97
26-Nov-19,0,12.5,0,7.6,0,5.9,0,5.9,981.8,8.81
27-Nov-19,0,11.3,0,5.7,0,5,0,0.7,980.5,8.163
28-Nov-19,0,9.2,0,5.3,0,0.9,0,0.8,994.6,7.451
29-Nov-19,0,6.9,0,0.3,0,-3.3,0,0.4,1008.4,5.757
30-Nov-19,0,8.3,0,0.4,0,-2.7,0,0,1014.6,5.762
01-Dec-19,0,6,0,-0.8,0,-3.9,0,0.7,1022.5,4.45
02-Dec-19,0,5.9,0,-0.4,0,-5.1,0,0,1026.4,3.443
03-Dec-19,0,8.6,0,-1.2,0,-5.7,0,0,1018.3,2.625
04-Dec-19,0,9.9,0,4.4,0,-2.2,0,0,1010.6,4.285
05-Dec-19,0,12.4,0,5.5,0,-1.1,0,0.1,1004.9,5.057
06-Dec-19,0,12,0,6.9,0,7.2,0,0.9,998.4,7.562
07-Dec-19,0,12.9,0,7,0,4.2,0,3.1,995.4,7.168
08-Dec-19,0,11.4,0,5,0,3.5,0,8.1,985.4,6.951
09-Dec-19,0,8.9,0,3.6,0,2.1,0,0,1000.7,5.408
10-Dec-19,0,14.2,0,4.5,0,-2,0,4.3,996.8,6.477
11-Dec-19,0,5.2,0,2.5,0,1.4,0,0,994.6,4.29
12-Dec-19,0,8.6,0,3.6,0,0,0,10.8,979.4,4.764
13-Dec-19,0,7.6,0,3.7,0,3.4,0,0.1,972.2,5.155
14-Dec-19,0,5.5,0,2.1,0,0.3,0,0.2,977.7,3.556
15-Dec-19,0,5.7,0,0.2,0,-3.2,0,0.1,979.4,2.753
16-Dec-19,0,5.6,0,2,0,-3.4,0,0.1,986.2,2.284
17-Dec-19,0,4.7,0,-1.8,0,-3.2,0,0.1,993.7,2.202
18-Dec-19,0,12.3,0,-1.9,0,-6.3,0,5.6,987.3,3.092
19-Dec-19,0,10.1,0,5.5,0,0.9,0,11.3,977.8,5.05
20-Dec-19,0,6.9,0,0.3,0,0.3,0,1.8,972.2,4.572
21-Dec-19,0,5.6,0,1.2,0,-3.9,0,0,968.9,3.305
22-Dec-19,0,8.1,0,3.7,0,-0.2,0,0.2,980.9,4.073
23-Dec-19,0,8.3,0,3.7,0,1.6,0,1.4,995.8,3.941
24-Dec-19,0,8.1,0,3,0,0.3,0,1.1,1003.5,4.416
25-Dec-19,0,7.6,0,0,0,-4.5,0,0.1,1014,2.749
26-Dec-19,0,10.4,0,6.3,0,-4.6,0,1.4,1007.5,5.116
27-Dec-19,0,13.6,0,6.9,0,2.1,0,0.5,1017.2,6.38
28-Dec-19,0,14,0,9,0,3.5,0,0,1020.5,6.758
29-Dec-19,0,13.6,0,7.5,0,8,0,0,1018.8,7.338
30-Dec-19,0,11.9,0,7.1,0,1.7,0,0.1,1020.7,6.374
31-Dec-19,0,9.4,0,6.5,0,5,0,0,1025.3,6.773
01-Jan-20,0,8.6,0,0.8,0,-3.7,0,0,1017.9,5.183
02-Jan-20,0,11.7,0,6.8,0,-2.1,0,1.1,1004.9,5.513
03-Jan-20,0,8,0,3.6,0,0.8,0,0,1015.2,5.288
04-Jan-20,0,8.8,0,5.8,0,0.9,0,0,1026.1,5.381
05-Jan-20,0,11.6,0,7.5,0,2.5,0,0.1,1018.7,6.042
06-Jan-20,0,10.5,0,5.8,0,6.9,0,4.1,1006.3,6.733
07-Jan-20,0,14.2,0,6.2,0,0.8,0,0.3,1004.9,6.995
08-Jan-20,0,10.6,0,4.2,0,5.7,0,2,1008.3,6.84
09-Jan-20,0,5.8,0,0.5,0,1.4,0,8.5,1003.2,5.662
10-Jan-20,0,10.7,0,0.4,0,-4,0,0.2,1012.8,4.467
11-Jan-20,0,13.5,0,6.1,0,-3.4,0,8.7,1005.4,7.253
12-Jan-20,0,7.5,0,2.7,0,-0.3,0,1.5,1007.8,5.373
13-Jan-20,0,10,0,4.4,0,-1.5,0,5.2,989.9,4.592
14-Jan-20,0,6.1,0,3.5,0,0.5,0,3.5,979.3,3.941
15-Jan-20,0,7.7,0,4.2,0,0.8,0,0,993.1,3.16
16-Jan-20,0,12.4,0,4.1,0,2.3,0,1.1,994.2,4.961
17-Jan-20,0,6.3,0,1.9,0,-1.7,0,0.1,1006.5,3.781
18-Jan-20,0,5.6,0,-1.8,0,-7,0,0,1024.9,2.04
19-Jan-20,0,7.5,0,-3.1,0,-7.8,0,0,1037.7,1.29
20-Jan-20,0,8.8,0,0.9,0,-5.9,0,0.1,1039.8,1.093
21-Jan-20,0,8.3,0,6.2,0,-3.4,0,0.2,1036.6,3.079
22-Jan-20,0,10.5,0,7.2,0,5.9,0,0,1032.8,5.892
23-Jan-20,0,11,0,6.4,0,5.4,0,0,1025.7,6.647
24-Jan-20,0,7.1,0,5.7,0,5.5,0,0.1,1016.9,6.695
25-Jan-20,0,9.9,0,5.4,0,3.4,0,0,1006.3,6.524
26-Jan-20,0,9.7,0,2,0,4.9,0,1.8,995.2,6.309
27-Jan-20,0,7.2,0,2.1,0,-2.2,0,0,985.5,4.332
28-Jan-20,0,6,0,1.3,0,-0.7,0,0,988.9,3.733
29-Jan-20,0,10.3,0,2.2,0,-0.2,0,0,997.7,4.112
30-Jan-20,0,13.3,0,6.8,0,2.9,0,0,993.7,6.294
31-Jan-20,0,13.7,0,9.1,0,5,0,1,990.9,7.571
01-Feb-20,0,10.9,0,6.2,0,5.4,0,0.1,994,6.726
02-Feb-20,0,11.5,0,5.2,0,1.9,0,4.7,996,6.72
03-Feb-20,0,8.8,0,3.3,0,3.3,0,0,1004.3,5.986
04-Feb-20,0,9.4,0,1.3,0,0.6,0,0.8,1020.5,4.656
05-Feb-20,0,9.3,0,0,0,-3.7,0,0,1028.9,3.664
06-Feb-20,0,9.9,0,-1.4,0,-6.1,0,0,1021.1,3.307
07-Feb-20,0,10.9,0,5.1,0,-3.6,0,0,1004.2,4.415
08-Feb-20,0,11.5,0,4.1,0,0.4,0,6.3,991,5.232
09-Feb-20,0,11.8,0,4.8,0,3,0,36.7,974.5,7.675
10-Feb-20,0,5.1,0,1.1,0,0.8,0,1.8,986.4,5.164
11-Feb-20,0,4.2,0,0.7,0,-0.3,0,5.2,997.8,3.751
12-Feb-20,0,7,0,1,0,-2.1,0,0.9,995.7,3.615
13-Feb-20,0,7.7,0,2.3,0,-0.6,0,1.4,991.5,4.789
14-Feb-20,0,12.4,0,1.4,0,-2.4,0,1.2,1000.5,5.494
15-Feb-20,0,12.4,0,5.7,0,0.5,0,12.5,985.9,6.117
16-Feb-20,0,10.4,0,3.6,0,2.6,0,7.7,978.4,6.084
17-Feb-20,0,9.1,0,3,0,1.5,0,0.2,996.4,4.82
18-Feb-20,0,7.8,0,2.3,0,0.5,0,7.3,1008.2,4.526
19-Feb-20,0,10.4,0,2.3,0,-0.4,0,3.3,1004,5.012
20-Feb-20,0,10,0,2.5,0,3.7,0,7.3,1001.4,6.471
21-Feb-20,0,11.6,0,4.7,0,0.5,0,4.5,1004,6.521
22-Feb-20,0,11,0,6,0,3.6,0,4,1003.5,7.34
23-Feb-20,0,8.1,0,4.1,0,4.2,0,9.3,1007.5,7.178
24-Feb-20,0,11.7,0,3.8,0,2.9,0,14.6,1001,7.209
25-Feb-20,0,5.3,0,1,0,-0.3,0,0.7,993.6,5.396
26-Feb-20,0,7.8,0,1.1,0,-1,0,2.4,997.6,5.202
27-Feb-20,0,8.4,0,0,0,-3.7,0,0.1,999.4,5.33
28-Feb-20,0,13.8,0,4.2,0,-0.9,0,4,987.3,6.384
29-Feb-20,0,8.2,0,1.9,0,-0.8,0,4.5,967.3,6.426
01-Mar-20,0,6.6,0,2,0,0.2,0,0.7,974.2,5.126
02-Mar-20,0,8.2,0,1.3,0,-3.3,0,1.1,982.6,4.486
03-Mar-20,0,9.3,0,2.7,0,-0.3,0,0.1,995,5.199
04-Mar-20,0,8.9,0,-0.9,0,-2.5,0,0,1000.3,5.264
05-Mar-20,0,8.3,0,-2.4,0,-7.2,0,0.4,995.1,4.462
06-Mar-20,0,9.9,0,-0.3,0,-4.8,0,0.2,999.6,5.191
07-Mar-20,0,13.8,0,5.8,0,1.3,0,0.5,997.3,7.227
08-Mar-20,0,11.2,0,5.2,0,2.7,0,2.7,994.3,7.393
09-Mar-20,0,12.2,0,4.8,0,1.7,0,7.3,998.5,6.411
10-Mar-20,0,12,0,5.1,0,5.7,0,2.4,995,8.632
11-Mar-20,0,11.9,0,1.7,0,0,0,5.8,994.5,7.444
12-Mar-20,0,9.4,0,0.7,0,-0.9,0,2.6,999.8,6.346
13-Mar-20,0,11.9,0,4.7,0,1.9,0,0.8,1006.9,7.558
14-Mar-20,0,13.1,0,5.2,0,1.9,0,2.3,997.5,8.159
15-Mar-20,0,10.4,0,2.6,0,3.2,0,0,1000.9,7.868
16-Mar-20,0,11.1,0,-1,0,-6.4,0,0.1,1011.5,6.523
17-Mar-20,0,15.8,0,6.2,0,2.4,0,3.7,1011.1,8.784
18-Mar-20,0,8.4,0,2.5,0,4.5,0,0,1018.1,8.799
19-Mar-20,0,9.7,0,-1,0,-4.7,0,0,1024.3,7.299
20-Mar-20,0,9.1,0,-2,0,-7.3,0,0,1025.8,6.393
21-Mar-20,0,8.4,0,5.3,0,3.6,0,0,1020.7,6.536
22-Mar-20,0,11,0,0.6,0,-4.6,0,0,1020,7.41
23-Mar-20,0,15.5,0,0.4,0,-5.6,0,0,1016.3,7.786
24-Mar-20,0,14.2,0,6.6,0,3.5,0,0,1012.7,8.981
25-Mar-20,0,16.1,0,5.1,0,-1,0,0,1015.5,9.253
26-Mar-20,0,13.1,0,3,0,-1.7,0,0,1019.3,9.518
27-Mar-20,0,10.6,0,3.3,0,-1.6,0,0,1023.2,8.601
28-Mar-20,0,10.3,0,5,0,0.4,0,0,1031.5,8.715
29-Mar-20,0,7,0,0,0,2.8,0,0,1039.6,7.231
30-Mar-20,0,9.1,0,-1,0,-6.2,0,0,1035.9,6.061
31-Mar-20,0,10.7,0,2.1,0,-3.9,0,0,1028.8,7.382
01-Apr-20,0,11.2,0,5.2,0,3.9,0,0,1020.8,8.523
02-Apr-20,0,12.3,0,5.6,0,5.7,0,1.1,1012.8,9.347
03-Apr-20,0,12.2,0,5.5,0,1.5,0,0.3,1010.7,9.67
04-Apr-20,0,12.6,0,6.9,0,3.2,0,0,1007.7,9.645
05-Apr-20,0,17.6,0,8.9,0,3.5,0,1.1,997.8,10.028
06-Apr-20,0,14.3,0,3.1,0,1.7,0,0.2,1007.1,10.632
07-Apr-20,0,15.9,0,1.7,0,-3.8,0,0,1020.4,10.328
08-Apr-20,0,17.2,0,3.5,0,-1.9,0,0,1019,11.023
09-Apr-20,0,15.1,0,5,0,-0.7,0,0,1018.5,11.235
10-Apr-20,0,20.1,0,7.5,0,3.5,0,0,1016,12.293
11-Apr-20,0,20.5,0,9.9,0,4.2,0,0,1015.5,13.535
12-Apr-20,0,11.3,0,8.3,0,2,0,0.5,1012.9,11.698
13-Apr-20,0,9.3,0,1.5,0,5.7,0,0,1021.5,10.96
14-Apr-20,0,14.2,0,-0.8,0,-6.5,0,0,1022.3,10.697
15-Apr-20,0,14.6,0,1,0,-4.3,0,0,1016.3,11.33
16-Apr-20,0,14.6,0,3.1,0,-3,0,0,1011.4,11.82
17-Apr-20,0,14.7,0,8.7,0,1.8,0,0,1010.2,12.618
18-Apr-20,0,10.4,0,7.3,0,7.1,0,4.2,1012.4,11.7
19-Apr-20,0,13.4,0,3.9,0,6.9,0,0.1,1015.3,11.818
20-Apr-20,0,13.8,0,3.8,0,-1.6,0,0,1015.2,11.278
21-Apr-20,0,15.4,0,7.5,0,5.2,0,0,1015.9,11.873
22-Apr-20,0,15.2,0,7.5,0,5,0,0,1017.9,12.37
23-Apr-20,0,14.6,0,6.3,0,2.2,0,0,1015.1,12.835
24-Apr-20,0,16.8,0,4.4,0,-0.5,0,0,1011,12.845
25-Apr-20,0,18.1,0,6,0,2.6,0,0,1008,13.8
26-Apr-20,0,11.7,0,8.5,0,8.8,0,0.1,1006.3,13.08
27-Apr-20,0,13.4,0,3.2,0,-1.1,0,0,1003.8,12.988
28-Apr-20,0,12.4,0,1.3,0,-3.2,0,0,999.8,12.32
29-Apr-20,0,14.8,0,5.3,0,1.1,0,3.8,988.7,11.925
30-Apr-20,0,12.4,0,4.7,0,0.5,0,2.2,984.4,11.725
01-May-20,0,14.3,0,3.7,0,-1,0,0.7,994.9,12.497
02-May-20,0,16.4,0,3.9,0,-0.5,0,0.1,1004.6,13.087
03-May-20,0,15.6,0,3.6,0,-1.5,0,0,1011.2,14.023
04-May-20,0,14.6,0,3.6,0,-1.7,0,0,1015.1,14.543
05-May-20,0,14.1,0,6.6,0,6.1,0,0,1015.7,14.81
06-May-20,0,14.7,0,5.8,0,-0.1,0,0,1018.3,14.92
07-May-20,0,19.2,0,9.4,0,8.4,0,1.8,1014.5,15.345
08-May-20,0,18.6,0,9.6,0,4.6,0,0,1011.8,16.285
09-May-20,0,19.9,0,7.5,0,2,0,0,1008.2,17.097
10-May-20,0,11.8,0,6.5,0,5,0,0,1012.5,14.47
11-May-20,0,10.3,0,1.9,0,2.3,0,0,1020.7,13.392
12-May-20,0,14.4,0,0.5,0,-5.4,0,0,1017.5,13.225
13-May-20,0,10.9,0,0.8,0,-2.3,0,0,1016.3,13.565
14-May-20,0,15,0,-0.8,0,-5.7,0,0,1019.9,14.452
15-May-20,0,14.2,0,3.3,0,-2.1,0,0,1021,14.21
16-May-20,0,17.1,0,5.9,0,2,0,0,1019.2,15.427
17-May-20,0,18.3,0,9.5,0,6,0,0,1015.8,15.895
18-May-20,0,18.1,0,11.1,0,8.8,0,0.9,1014.4,15.45
19-May-20,0,22.1,0,10.9,0,11.4,0,0,1015.1,16.993
20-May-20,0,23.6,0,8.3,0,3.2,0,0,1012.3,18.37
21-May-20,0,18.1,0,10.7,0,7.6,0,2.3,1006.2,18.237
22-May-20,0,18.2,0,9.2,0,7.7,0,1.8,999.5,16.93
23-May-20,0,16.4,0,8.8,0,6.1,0,0.7,1011.2,15.417
24-May-20,0,21,0,8.3,0,10,0,0,1022.5,17.995
25-May-20,0,19.8,0,5.4,0,-0.1,0,0,1026.5,18.478
26-May-20,0,19.8,0,11.1,0,11.1,0,0,1029.8,20.195
27-May-20,0,20,0,9.4,0,4.9,0,0,1030.6,20.395
28-May-20,0,23.3,0,10.1,0,5.9,0,0,1025.8,20.802
29-May-20,0,23.5,0,11.3,0,6.2,0,0,1019.6,21.163
30-May-20,0,22,0,9.2,0,4.2,0,0,1016.4,21.11
31-May-20,0,21.5,0,9,0,4.4,0,0,1016.9,21.292
01-Jun-20,0,21.1,0,8.9,0,3.8,0,0,1019,21.647
02-Jun-20,0,26,0,6.9,0,2.1,0,0,1014.8,21.815
03-Jun-20,0,15,0,9,0,11.1,0,0.8,1009.3,19.555
04-Jun-20,0,17.9,0,6.5,0,1.4,0,0.2,1002.1,16.628
05-Jun-20,0,16.2,0,5.2,0,7.2,0,1.4,996,17.153
06-Jun-20,0,12.9,0,5.1,0,1.3,0,0.7,997.7,14.438
07-Jun-20,0,17.9,0,9.5,0,8.9,0,0.2,1007.3,15.378
08-Jun-20,0,18.3,0,5.1,0,-0.9,0,0,1014.2,17.767
09-Jun-20,0,15.4,0,6.3,0,0.7,0,0.1,1013.2,16.757
10-Jun-20,0,15.2,0,9.2,0,9.9,0,8.6,1008.1,16.07
11-Jun-20,0,13.9,0,9.9,0,8.6,0,4.9,1009.9,14.443
12-Jun-20,0,14.5,0,10.7,0,10,0,0.9,1006.3,13.8
13-Jun-20,0,17.5,0,11.9,0,11.5,0,4.8,1003.9,14.993
14-Jun-20,0,20.1,0,12,0,7.2,0,0.5,1007.8,16.975
15-Jun-20,0,22.6,0,9.1,0,4.7,0,0,1010,18.895
16-Jun-20,0,20.9,0,11.8,0,6.8,0,1.5,1009.3,18.542
17-Jun-20,0,17,0,12.8,0,12.6,0,13.6,1008.6,17.938
18-Jun-20,0,16.9,0,11.9,0,8.6,0,5.8,1005.6,17.222
19-Jun-20,0,16.1,0,11.2,0,12.2,0,7.6,1005.5,17.007
20-Jun-20,0,19.8,0,8.5,0,5,0,1.4,1003.8,17.638
21-Jun-20,0,19.7,0,8.7,0,7.5,0,0.7,1005.7,18.615
22-Jun-20,0,20.9,0,8.7,0,4.3,0,1.5,1010.4,17.525
23-Jun-20,0,19.3,0,15,0,13.2,0,2,1011.8,17.933
24-Jun-20,0,21.2,0,12.6,0,9,0,0,1014.1,18.612
25-Jun-20,0,25.3,0,11.5,0,8.7,0,0.1,1009.4,20.767
26-Jun-20,0,23.7,0,13.8,0,14.9,0,1.7,999.9,21.183
27-Jun-20,0,18.7,0,11,0,12.4,0,7.8,992.2,18.998
28-Jun-20,0,17.1,0,10.8,0,9.7,0,1.2,995.5,17.805
29-Jun-20,0,14.4,0,10.9,0,10.7,0,0.8,998.9,16.395
30-Jun-20,0,17.6,0,11.2,0,11.2,0,0.1,998.5,17.515
01-Jul-20,0,15.5,0,12.9,0,12.7,0,14,998.9,17.53
02-Jul-20,0,18.5,0,10.9,0,8.9,0,0.5,1005,18.83
03-Jul-20,0,19.6,0,11.8,0,11.3,0,2.5,1002.8,18.52
04-Jul-20,0,20.1,0,14.8,0,14.9,0,2.5,997,18.892
05-Jul-20,0,17.3,0,10.7,0,8.2,0,0.6,1002.1,18.612
06-Jul-20,0,18.5,0,10.2,0,7.7,0,0.1,1013.8,18.218
07-Jul-20,0,15.5,0,11,0,9.7,0,14.6,1012.2,17.255
08-Jul-20,0,14.5,0,11.6,0,11.7,0,13.5,1007,16.795
09-Jul-20,0,17.7,0,11.7,0,11.9,0,2.5,1008.7,16.965
10-Jul-20,0,18,0,7.7,0,3.5,0,0,1016.8,17.743
11-Jul-20,0,18.3,0,7,0,2,0,0,1021.8,17.68
12-Jul-20,0,19.5,0,9.4,0,5.3,0,0.4,1019.6,18.483
13-Jul-20,0,19.7,0,13.3,0,13.8,0,0.6,1015.5,19.5
14-Jul-20,0,15.4,0,11,0,10.1,0,3.7,1012.9,18.122
15-Jul-20,0,20.8,0,12.2,0,12.2,0,1.2,1012.4,18.413
16-Jul-20,0,24,0,14.1,0,13.9,0,0.2,1015.4,20.892
17-Jul-20,0,21,0,14.6,0,11.4,0,0.8,1012.5,19.965
18-Jul-20,0,19.3,0,11.4,0,13.3,0,5,1011.5,20.61
19-Jul-20,0,19.3,0,6.6,0,2.2,0,0,1016.6,19.535
20-Jul-20,0,19.3,0,6.2,0,1.2,0,0,1019.7,19
21-Jul-20,0,19.5,0,10.7,0,8.3,0,0,1019.5,20.247
22-Jul-20,0,21.6,0,13.4,0,12.5,0,3.6,1014.6,20.698
23-Jul-20,0,20.2,0,13.8,0,13.4,0,2.7,1008.8,20.43
24-Jul-20,0,21.2,0,11.5,0,7.6,0,3.9,1002.7,19.94
25-Jul-20,0,17.7,0,11.3,0,12.5,0,4.7,997.9,19.177
26-Jul-20,0,20.5,0,11.6,0,6.7,0,3.4,1000.1,18.858
27-Jul-20,0,19.5,0,11.3,0,13.4,0,9.7,996.2,19.548
28-Jul-20,0,18.1,0,9.9,0,6.7,0,0,1008.9,18.9
29-Jul-20,0,17.1,0,11.6,0,11.1,0,0.8,1011.6,18.34
30-Jul-20,0,21,0,14.4,0,13.5,0,7,1006.4,18.96
31-Jul-20,0,23.1,0,15.2,0,11.7,0,2.2,1002.5,19.215
01-Aug-20,0,19,0,12.5,0,12.7,0,1.4,1007.7,19.097
02-Aug-20,0,19,0,10.4,0,5.9,0,2.8,1010.4,18.907
03-Aug-20,0,19.1,0,9.2,0,4.5,0,0,1011.6,18.385
04-Aug-20,0,24.1,0,12.1,0,10.8,0,1.5,1003.7,19.722
05-Aug-20,0,23.6,0,13.6,0,16.3,0,0.6,1001.6,20.515
06-Aug-20,0,21.8,0,11.1,0,7.3,0,0,1008,19.788
07-Aug-20,0,25,0,13.2,0,9.9,0,0.2,1012.3,20.892
08-Aug-20,0,20.5,0,9.9,0,5.6,0,0,1017.6,20.272
09-Aug-20,0,18.3,0,9.7,0,6,0,0,1015.1,18.692
10-Aug-20,0,17.2,0,11.9,0,8.2,0,1.4,1012.4,17.448
11-Aug-20,0,19.4,0,12.1,0,8.5,0,0,1011.3,17.802
12-Aug-20,0,23.3,0,16.4,0,13.3,0,0,1009.7,20.365
13-Aug-20,0,22.5,0,16,0,14.8,0,0,1009.4,20.237
14-Aug-20,0,20.8,0,14.1,0,13.5,0,0,1010.4,19.548
15-Aug-20,0,20.7,0,13.6,0,10.5,0,0,1009.8,20.362
16-Aug-20,0,16.6,0,15.3,0,13.6,0,1.3,1006.3,18.43
17-Aug-20,0,16.1,0,15.2,0,15.2,0,13.2,1000.8,17.64
18-Aug-20,0,22,0,14.3,0,14.5,0,11.6,998.2,19.045
19-Aug-20,0,17.8,0,12.1,0,8.4,0,10.1,988.4,17.71
20-Aug-20,0,21.5,0,14.4,0,11.5,0,2.5,982.9,18.325
21-Aug-20,0,20,0,14.2,0,12.6,0,1.3,985.5,18.507
22-Aug-20,0,18.1,0,13.1,0,9.4,0,1.4,1001.2,17.815
23-Aug-20,0,18.6,0,11.4,0,8.9,0,0.2,1008.9,18.323
24-Aug-20,0,17.4,0,9.1,0,4.6,0,3.6,1003.8,17.272
25-Aug-20,0,18.4,0,12.8,0,13.4,0,17.9,986.6,17.115
26-Aug-20,0,20.5,0,11.2,0,7.4,0,0.6,1004.7,17.433
27-Aug-20,0,14.7,0,11.4,0,8.5,0,8.8,1003.4,16.49
28-Aug-20,0,15.9,0,9,0,11.2,0,8.9,1002.9,15.58
29-Aug-20,0,14.4,0,6.3,0,6.1,0,0,1011.9,14.515
30-Aug-20,0,16.6,0,4.7,0,-0.4,0,0,1015.8,14.7
31-Aug-20,0,19.3,0,6.8,0,2.1,0,0,1014.2,16.358
01-Sep-20,0,21.1,0,10.6,0,6.4,0,0,1011.1,17.382
02-Sep-20,0,22.5,0,13,0,12.2,0,20.6,1005.3,18.108
03-Sep-20,0,19.1,0,10.7,0,10.2,0,0.1,1007.6,18.378
04-Sep-20,0,17.3,0,9.5,0,6.1,0,3.9,1013.6,16.155
05-Sep-20,0,17.1,0,9.3,0,5.7,0,2.1,1015.5,15.43
06-Sep-20,0,19.4,0,11.1,0,6.9,0,0.1,1015.3,16.782
07-Sep-20,0,18.5,0,11.1,0,7.9,0,3,1014.5,16.715
08-Sep-20,0,22.5,0,16.4,0,15.6,0,0.3,1015.3,18.673
09-Sep-20,0,17.9,0,10.1,0,5.4,0,1,1018.3,18.145
10-Sep-20,0,15.5,0,10.6,0,8.3,0,0,1015.8,16.46
11-Sep-20,0,16.4,0,11.4,0,9.9,0,0.3,1007.6,15.64
12-Sep-20,0,18.1,0,9.4,0,5.2,0,0.1,1009.4,15.465
13-Sep-20,0,23,0,14,0,13.1,0,0,1011.7,17.715
14-Sep-20,0,24.7,0,13.3,0,8.9,0,0,1012.8,18.368
15-Sep-20,0,24.6,0,14.3,0,13.7,0,1.3,1013.9,19.1
16-Sep-20,0,20.4,0,12.8,0,9.3,0,0,1020.5,18.337
17-Sep-20,0,19.5,0,11.8,0,14.1,0,0,1022.4,18.487
18-Sep-20,0,15.7,0,9.1,0,5,0,0,1019.2,16.005
19-Sep-20,0,14.5,0,12.1,0,11.1,0,0,1016.5,14.682
20-Sep-20,0,15.7,0,7.3,0,8.3,0,0,1015.6,14.773
21-Sep-20,0,20.5,0,6.4,0,1.2,0,0.1,1010.6,14.727
22-Sep-20,0,18.2,0,10.9,0,8,0,3.3,1001.2,16.05
23-Sep-20,0,14.9,0,4.3,0,7,0,0.1,993,15.108
24-Sep-20,0,11.9,0,5.2,0,0.3,0,10.2,989.6,13.025
25-Sep-20,0,14.2,0,3.6,0,-0.3,0,0.2,1005.4,11.727
26-Sep-20,0,14.4,0,1.4,0,-3.2,0,0,1013.6,10.855
27-Sep-20,0,15.7,0,1.2,0,-3.6,0,0,1011.6,11.014
28-Sep-20,0,18.2,0,6.9,0,5,0,1.8,1008,13.43
29-Sep-20,0,16,0,4.3,0,-0.6,0,0.2,1005.2,12.182
30-Sep-20,0,15,0,6,0,8,0,7.6,994.9,13.5
01-Oct-20,0,12.6,0,3.5,0,-1,0,8.8,990.9,11.345
02-Oct-20,0,13.9,0,6.1,0,4.6,0,4.8,991.6,11.773
03-Oct-20,0,12.7,0,5.2,0,0.3,0,0.3,989.5,11.273
04-Oct-20,0,12.1,0,7.5,0,6.1,0,17,982.8,11.062
05-Oct-20,0,13.4,0,8.3,0,3.1,0,2.3,989.5,11.68
06-Oct-20,0,15.2,0,8.1,0,3.7,0,2.5,994.7,12.648
07-Oct-20,0,14.1,0,7.5,0,4.2,0,10.9,1002.1,11.62
08-Oct-20,0,14.3,0,7,0,8.4,0,3.2,1004.6,12.762
09-Oct-20,0,12.5,0,5.2,0,2.2,0,0.9,1013.6,11.523
10-Oct-20,0,14.3,0,5.4,0,2.1,0,0.4,1020.3,10.995
11-Oct-20,0,13.4,0,5.7,0,1.1,0,0.1,1021.6,11.048
12-Oct-20,0,14.1,0,6.5,0,2.5,0,1.5,1014.2,11.945
13-Oct-20,0,12.6,0,6.5,0,2.5,0,0.2,1012,11.02
14-Oct-20,0,14.9,0,7.9,0,8.9,0,0.7,1019.4,12.052
15-Oct-20,0,13.3,0,5.9,0,2.3,0,3.1,1023.1,11.583
16-Oct-20,0,12.4,0,6.4,0,1.1,0,0.2,1020.7,10.78
17-Oct-20,0,12.7,0,6.2,0,2.1,0,0,1018.1,11.125
18-Oct-20,0,13.7,0,2.6,0,-1.6,0,0,1014.4,10.023
19-Oct-20,0,13.2,0,11.2,0,5.5,0,2.4,998.7,11.19
20-Oct-20,0,15.8,0,11.2,0,8.8,0,0.8,983.9,11.967
21-Oct-20,0,14,0,7.5,0,3.7,0,0,991,11.352
22-Oct-20,0,11.8,0,6.3,0,3.8,0,0,999.1,10.795
23-Oct-20,0,12.3,0,7.5,0,2.2,0,1.7,995.3,10.562
24-Oct-20,0,13.2,0,7.6,0,4.2,0,2.8,985.9,10.255
25-Oct-20,0,12.4,0,6.9,0,2.4,0,0,981,9.12
26-Oct-20,0,12.8,0,5.7,0,4.5,0,0.8,988.1,9.415
27-Oct-20,0,13,0,6.5,0,0.2,0,2.1,986.2,9.552
28-Oct-20,0,10.8,0,6.4,0,3.1,0,2.5,991.7,8.371
29-Oct-20,0,15.5,0,7.1,0,3.6,0,5.9,995.8,9.863
30-Oct-20,0,15.2,0,4.8,0,8.9,0,1.2,1002.8,10.972
31-Oct-20,0,15.8,0,8.3,0,-0.3,0,3.3,990.9,10.91
01-Nov-20,0,16.2,0,6.8,0,6.4,0,8,983.9,10.665
02-Nov-20,0,10.8,0,5.2,0,3.5,0,2.5,993,10.012
03-Nov-20,0,10.2,0,2.7,0,1.8,0,0.4,1013.1,7.927
04-Nov-20,0,10.4,0,2.3,0,-1.6,0,0.1,1028.7,7.025
05-Nov-20,0,9.6,0,2.9,0,-1.5,0,0.5,1030.9,8.055
06-Nov-20,0,11.9,0,4.5,0,0.7,0,0,1020.7,8.09
07-Nov-20,0,11.8,0,4.6,0,0,0,0.6,1011.5,7.496
08-Nov-20,0,15.4,0,8.4,0,6,0,8.6,1008.4,9.948
09-Nov-20,0,14,0,12,0,4.5,0,2.1,1009.1,10.693
10-Nov-20,0,13.1,0,9.9,0,5.1,0,0.2,1010.8,10.615
11-Nov-20,0,14.4,0,8.3,0,8.5,0,6.2,999.4,10.98
12-Nov-20,0,12.6,0,6.2,0,3.1,0,2.7,997.7,9.72
13-Nov-20,0,10.2,0,6.1,0,1.8,0,1.7,997.4,8.847
14-Nov-20,0,13.3,0,9.4,0,4.2,0,3.1,989.5,9.358
15-Nov-20,0,11.5,0,6.6,0,6.2,0,6.2,985.4,9.31
16-Nov-20,0,14,0,7.2,0,4.9,0,1.4,999.1,9.32
17-Nov-20,0,15.9,0,12.9,0,7.4,0,0,1004.3,10.945
18-Nov-20,0,14.7,0,7.1,0,9.1,0,2.5,1001.6,10.672
19-Nov-20,0,8.4,0,4.5,0,2.1,0,0,1017.5,8.422
20-Nov-20,0,12.9,0,7.2,0,2.8,0,2.3,1020.4,9.29
21-Nov-20,0,11.4,0,6,0,7.9,0,1.6,1015.4,9.517
22-Nov-20,0,8.6,0,2.5,0,-3,0,0.1,1019.5,6.538
23-Nov-20,0,12.3,0,1,0,-4.2,0,0.1,1013.7,6.431
24-Nov-20,0,14.3,0,5.1,0,6.1,0,4.3,1001.9,9.052
25-Nov-20,0,7.7,0,3.5,0,-0.5,0,0.1,1008.2,6.628
26-Nov-20,0,7.9,0,2.8,0,-0.2,0,0.1,1015.8,6.36
27-Nov-20,0,9.5,0,-1.4,0,-4.6,0,0,1012.8,5.44
28-Nov-20,0,10.7,0,1.8,0,-3.2,0,0,1012.7,5.566
29-Nov-20,0,10.6,0,4.1,0,-0.2,0,0,1019.6,6.848
30-Nov-20,0,10.5,0,3.8,0,6.7,0,0.2,1020,7.872
01-Dec-20,0,9.3,0,4.6,0,-1,0,0.1,1021.6,7.177
02-Dec-20,0,9.1,0,4.4,0,0.4,0,0.8,1008.2,7.118
03-Dec-20,0,5.5,0,-0.3,0,-0.8,0,1.2,987.4,5.662
04-Dec-20,0,7.7,0,-0.7,0,-5,0,4.5,978.2,3.781
05-Dec-20,0,7.3,0,0.1,0,-2.1,0,1,989.9,4.944
06-Dec-20,0,0.2,0,-2.2,0,-6,0,0,997.7,3.204
07-Dec-20,0,3.1,0,-3.2,0,-6.3,0,1,995.2,2.832
08-Dec-20,0,6.6,0,0.4,0,-2.1,0,0,999.2,3.018
09-Dec-20,0,8.5,0,1.4,0,-3.5,0,4.6,994.8,3.407
10-Dec-20,0,9.9,0,6.5,0,0.4,0,2.6,983.7,5.94
11-Dec-20,0,9.8,0,4.9,0,1.6,0,0.9,981.3,6.309
12-Dec-20,0,7,0,1.9,0,-0.6,0,0.2,993.3,4.278
13-Dec-20,0,13,0,5.6,0,-1.9,0,9.8,985.7,6.117
14-Dec-20,0,10.2,0,6.9,0,3.2,0,1.2,981.6,6.214
15-Dec-20,0,9.7,0,4.9,0,-1.4,0,0.7,989.9,4.521
16-Dec-20,0,10.5,0,6.3,0,0.8,0,6.8,989.9,6.209
17-Dec-20,0,12.6,0,5.5,0,-0.1,0,2.3,997.6,5.517
18-Dec-20,0,14.1,0,7,0,1.3,0,1.9,990.6,7.666
19-Dec-20,0,9.6,0,5.3,0,1.5,0,0,988.7,6.191
20-Dec-20,0,7.1,0,4.8,0,-0.2,0,0,998.1,4.131
21-Dec-20,0,9.6,0,2.2,0,-1.4,0,2.6,997,5.4
22-Dec-20,0,6.7,0,0.3,0,-3.9,0,1.7,1004.1,4.293
23-Dec-20,0,6.4,0,2.3,0,-3.2,0,13.8,1009.9,5.025
24-Dec-20,0,5.2,0,-1.6,0,-4.3,0,0,1024.4,2.521
25-Dec-20,0,7.5,0,-0.9,0,-6.4,0,0,1024.2,2.556
26-Dec-20,0,8.6,0,5.9,0,0.6,0,14.5,994.9,5.136
27-Dec-20,0,6.2,0,1.2,0,-0.7,0,4.1,966.7,3.999
28-Dec-20,0,5.3,0,2.7,0,-0.7,0,1.2,970.5,3.757
29-Dec-20,0,5.8,0,1.1,0,-2.5,0,0.3,989.1,3.003
30-Dec-20,0,2.8,0,-1.5,0,-3,0,0,999.1,2.03
31-Dec-20,0,4.7,0,-1.7,0,-5.6,0,1.7,1003.7,1.46
01-Jan-21,0,4.8,0,-1.3,0,-5.8,0,0,1010.8,1.816
02-Jan-21,0,4,0,-1.8,0,-7.3,0,0.1,1015.9,1.149
03-Jan-21,0,4.5,0,-1.9,0,-7.5,0,2.3,1019,0.977
04-Jan-21,0,5.5,0,1.9,0,-6.4,0,2.5,1021.2,1.319
05-Jan-21,0,5.7,0,1.4,0,-3.5,0,1.7,1022.1,1.763
06-Jan-21,0,3.7,0,-2.6,0,-3.1,0,4.9,1018.6,1.931
07-Jan-21,0,1.4,0,-2.6,0,-7.4,0,0.3,1014.5,1.32
08-Jan-21,0,2.1,0,-4.7,0,-7.3,0,0,1017.1,0.948
09-Jan-21,0,2.6,0,-5.4,0,-8.8,0,0,1021,0.5
10-Jan-21,0,5.9,0,2.1,0,-8,0,0,1017.8,0.497
11-Jan-21,0,9.5,0,5.1,0,2.4,0,4.6,1008.6,2.713
12-Jan-21,0,9.5,0,5.3,0,5,0,11.2,1008.1,5.329
13-Jan-21,0,11.5,0,5.8,0,4.3,0,8.5,1010.1,6.597
14-Jan-21,0,10.4,0,1.4,0,6.4,0,0.2,1014.6,6.605
15-Jan-21,0,9.9,0,-1,0,-4.9,0,2.4,1014.2,3.899
16-Jan-21,0,10.8,0,4.5,0,-2.3,0,0.8,1009.7,5.542
17-Jan-21,0,6.3,0,2.3,0,-0.8,0,0,1018.1,3.701
18-Jan-21,0,9.2,0,4.5,0,1,0,6.2,1007.7,4.556
19-Jan-21,0,11.4,0,8.3,0,3.5,0,15.9,988.1,6.946
20-Jan-21,0,10.7,0,1.5,0,4,0,7.8,975.6,6.193
21-Jan-21,0,5.8,0,0.9,0,-0.5,0,0,977.8,4.072
22-Jan-21,0,4.6,0,0.5,0,-3,0,0.1,985.8,2.453
23-Jan-21,0,3.7,0,-1,0,-3.2,0,0,990.5,2.213
24-Jan-21,0,2.2,0,-2.3,0,-7.2,0,0.2,994.4,1.881
25-Jan-21,0,4.1,0,-1.3,0,-7.4,0,0,1004.4,1.278
26-Jan-21,0,10.5,0,2.8,0,-5.6,0,1,1003.6,2.697
27-Jan-21,0,11.3,0,7.2,0,2.7,0,9.9,999.3,5.574
28-Jan-21,0,13.3,0,7.6,0,6,0,1,990.4,7.167
29-Jan-21,0,10.3,0,5.7,0,0.4,0,2.6,990.7,6.675
30-Jan-21,0,6.5,0,4,0,4.1,0,27.1,992.6,5.539
31-Jan-21,0,4.3,0,2.2,0,0.2,0,4.3,991.2,3.899
01-Feb-21,0,6.9,0,3.5,0,1.4,0,3.1,987.6,4.984
02-Feb-21,0,11.3,0,5.7,0,1.9,0,15.9,980,6.484
03-Feb-21,0,9.3,0,6.4,0,4.1,0,1.7,985.8,6.668
04-Feb-21,0,10,0,5.9,0,4,0,2,994.3,6.791
05-Feb-21,0,6.5,0,2,0,0.7,0,1.3,999.6,6.2
06-Feb-21,0,6.8,0,4,0,-1,0,4.5,1003.5,5.697
07-Feb-21,0,5.3,0,2.6,0,3.5,0,0.2,1004.9,4.456
08-Feb-21,0,3.4,0,0.7,0,1.3,0,1.2,1003.6,2.591
09-Feb-21,0,2.6,0,0.9,0,-1,0,1.2,1004.4,1.919
10-Feb-21,0,3.9,0,-0.1,0,-1.6,0,0.5,1012.2,2.119
11-Feb-21,0,2.5,0,0.8,0,-2.3,0,0,1016.2,1.366
12-Feb-21,0,5,0,1.4,0,0.6,0,0,1017.7,2.062
13-Feb-21,0,5.3,0,0.3,0,-0.3,0,0.9,1013.8,2.697
14-Feb-21,0,13.1,0,5.1,0,0.3,0,1.6,1002.7,5.519
15-Feb-21,0,13.5,0,6.9,0,-0.8,0,1.3,999,6.218
16-Feb-21,0,11.6,0,6.9,0,4.8,0,0.1,993.9,6.738
17-Feb-21,0,10.9,0,5.8,0,-0.1,0,1.1,988.3,6.267
18-Feb-21,0,10.6,0,2,0,-0.1,0,6,987,6.353
19-Feb-21,0,13.7,0,7.5,0,-0.6,0,5.7,986.7,7.359
20-Feb-21,0,13.3,0,6.5,0,1.2,0,1.4,982.5,7.436
21-Feb-21,0,13,0,7.1,0,1.7,0,0,995.6,7.03
22-Feb-21,0,12.8,0,1.5,0,-4.5,0,0,1004.8,6.571
23-Feb-21,0,14.6,0,9.1,0,0,0,10.8,999.6,8.677
24-Feb-21,0,11.7,0,7,0,7.9,0,0.9,1006.9,8.967
25-Feb-21,0,10.6,0,1.7,0,-0.4,0,0.3,1019.6,6.867
26-Feb-21,0,11.9,0,0.6,0,-4.3,0,0,1029.8,5.836
27-Feb-21,0,11.8,0,1.4,0,-4.4,0,0,1033.9,6.038
28-Feb-21,0,11.1,0,1.4,0,-3,0,0,1031.2,7.062
01-Mar-21,0,10.3,0,1.2,0,-4.2,0,0,1025.8,6.19
02-Mar-21,0,8.5,0,-0.8,0,-3.4,0,0,1023.5,5.733
03-Mar-21,0,5.9,0,4.5,0,2.6,0,0,1022.5,6.137
04-Mar-21,0,6.2,0,3.3,0,3,0,0.1,1022.9,5.586
05-Mar-21,0,6.1,0,-2,0,3.8,0,0,1027.4,5.28
06-Mar-21,0,9,0,-1.8,0,-6.5,0,0,1027.6,4.676
07-Mar-21,0,10.7,0,-2.6,0,-6.9,0,0,1022.6,4.669
08-Mar-21,0,12.2,0,4.6,0,-3.7,0,0.3,1016.9,6.582
09-Mar-21,0,10.8,0,6,0,1.9,0,0.7,1004.5,7.478
10-Mar-21,0,13.3,0,7.3,0,6.2,0,6.2,983,8.231
11-Mar-21,0,9.5,0,2.6,0,3.9,0,6.1,980.9,7.535
12-Mar-21,0,8.8,0,1.6,0,0.2,0,6.1,985.3,6.664
13-Mar-21,0,8.5,0,3.2,0,1.7,0,3.7,990.1,6.902
14-Mar-21,0,10.9,0,4.1,0,1.6,0,1.2,1008,6.787
15-Mar-21,0,13.4,0,6,0,4.3,0,3.3,1017.6,8.913
16-Mar-21,0,14.9,0,4.9,0,8.8,0,0.3,1027.2,10.89
17-Mar-21,0,14.6,0,2.5,0,-1.2,0,0.1,1031.5,9.106
18-Mar-21,0,15.1,0,8.5,0,7.4,0,0.2,1028.3,10.805
19-Mar-21,0,13.2,0,3.2,0,-0.6,0,0,1026.8,9.741
20-Mar-21,0,13.5,0,4.6,0,-0.4,0,0,1027.5,10.05
21-Mar-21,0,13.3,0,6.5,0,3.1,0,0.1,1025.3,10.75
22-Mar-21,0,10.4,0,7.7,0,6.3,0,0,1019.8,9.92
23-Mar-21,0,13.1,0,5.2,0,6.7,0,1.3,1012.3,9.702
24-Mar-21,0,13.1,0,4.4,0,-0.4,0,0.1,1010.3,8.954
25-Mar-21,0,12.8,0,6.6,0,2.3,0,0,1003.2,9.239
26-Mar-21,0,9.8,0,1.9,0,1.9,0,2.3,998.4,8.937
27-Mar-21,0,11.1,0,1.9,0,-0.4,0,1.1,1006.8,7.317
28-Mar-21,0,15.9,0,10.4,0,7.2,0,1,1004,11.023
29-Mar-21,0,17.5,0,11.8,0,11.1,0,0,1012.4,12.985
30-Mar-21,0,16.4,0,6.5,0,7.9,0,0,1017.4,13.153
31-Mar-21,0,15.5,0,5.7,0,1.7,0,0,1014.6,11.835
01-Apr-21,0,9.4,0,7.3,0,6.5,0,0,1020.5,10.198
02-Apr-21,0,10.2,0,1.3,0,3.7,0,0,1027.2,9.913
03-Apr-21,0,12.3,0,-0.7,0,-4.3,0,0,1028.6,9.607
04-Apr-21,0,14,0,0,0,-3.9,0,0,1020.8,10.053
05-Apr-21,0,8.2,0,-0.2,0,1.6,0,0.1,1018.9,9.898
06-Apr-21,0,8.5,0,-1.5,0,-4.4,0,0.3,1020.6,7.501
07-Apr-21,0,8.6,0,0.6,0,-2.5,0,0.3,1018.8,8.3
08-Apr-21,0,11.5,0,5.1,0,4,0,0.9,1011.9,9.313
09-Apr-21,0,8.4,0,0.3,0,2.4,0,2.4,1009.4,9.312
10-Apr-21,0,8.8,0,-2.9,0,-6.2,0,0.1,1012.5,7.118
11-Apr-21,0,9.3,0,-2.2,0,-6.5,0,2.8,1017.1,7.694
12-Apr-21,0,10.8,0,2.7,0,1.2,0,1.2,1022.9,9.809
13-Apr-21,0,12,0,1.3,0,-2,0,0.1,1026.6,9.523
14-Apr-21,0,12.5,0,2.2,0,-0.6,0,0,1027.8,10.943
15-Apr-21,0,13.3,0,0.3,0,-3.5,0,0,1026.7,9.788
16-Apr-21,0,13.5,0,-0.6,0,-4.1,0,0,1024.3,9.478
17-Apr-21,0,14.4,0,-1,0,-4.9,0,0,1021.8,10.049
18-Apr-21,0,12,0,5,0,6.3,0,0.9,1018,10.962
19-Apr-21,0,13.5,0,4.7,0,1.9,0,0.6,1014.4,11.41
20-Apr-21,0,12.1,0,7.5,0,7.3,0,0.8,1013.7,11.795
21-Apr-21,0,13.5,0,3.8,0,0.1,0,0,1016.6,11.9
22-Apr-21,0,14.2,0,3,0,-0.8,0,0,1019.7,12.028
23-Apr-21,0,15.7,0,1.7,0,-2.7,0,0,1020.1,11.488
24-Apr-21,0,16.1,0,3.4,0,-0.9,0,0,1021.4,12.707
25-Apr-21,0,11.7,0,3.5,0,-0.1,0,0,1023.4,12.77
26-Apr-21,0,17,0,1.3,0,-3.1,0,0,1015.9,13.753
27-Apr-21,0,12,0,7,0,5.3,0,2,1006.9,13.413
28-Apr-21,0,11,0,4.7,0,6.1,0,0,1007,11.565
29-Apr-21,0,10.9,0,1,0,-2.8,0,2.4,1009.4,10.665
30-Apr-21,0,10,0,-0.6,0,-4,0,1.3,1011.6,9.824
01-May-21,0,11.7,0,-0.2,0,-4.1,0,0,1013.1,9.962
02-May-21,0,13.4,0,2.2,0,-2.8,0,0,1013.3,11.658
03-May-21,0,13.2,0,5.3,0,2.8,0,12,996.3,11.03
04-May-21,0,11.5,0,3,0,1.8,0,1,997.1,11.517
05-May-21,0,11.2,0,0.5,0,-1.2,0,3,1004.7,10.597
06-May-21,0,12.7,0,-0.9,0,-4.6,0,0,1005.5,10.485
07-May-21,0,12.2,0,0.7,0,-3.6,0,0,1006.2,10.8
08-May-21,0,19.2,0,5.7,0,4.7,0,15.7,992.8,12.628
09-May-21,0,14.7,0,8.9,0,5.4,0,0,982.6,11.868
10-May-21,0,15.9,0,8.3,0,6.7,0,3.6,986.9,12.983
11-May-21,0,15.7,0,4.9,0,2.5,0,0,995.9,13.29
12-May-21,0,12.7,0,2.6,0,-0.8,0,2.6,1000.8,12.462
13-May-21,0,14.8,0,2.6,0,-0.3,0,0,1004.2,12.77
14-May-21,0,14.8,0,4.2,0,0.2,0,0,1000.8,12.792
15-May-21,0,13.1,0,7.1,0,6.7,0,8.4,992.9,12.985
16-May-21,0,15.1,0,4,0,1.8,0,1,992.7,13.587
17-May-21,0,16,0,4.9,0,1.5,0,2.2,1000.8,14.15
18-May-21,0,14.7,0,3.7,0,1,0,8.4,1007.3,14.055
19-May-21,0,17,0,4.5,0,1.4,0,0.1,1011.8,14.507
20-May-21,0,14.6,0,9,0,7.4,0,8.2,993.9,13.505
21-May-21,0,11.6,0,8.4,0,9.2,0,10,987.3,12.913
22-May-21,0,13.9,0,3.5,0,0.6,0,0,999,13.253
23-May-21,0,13.9,0,3.2,0,4.7,0,4.8,994.8,13.22
24-May-21,0,16,0,2.8,0,1,0,0,998.9,13.837
25-May-21,0,16,0,6.1,0,2.4,0,2.7,1009.2,14.488
26-May-21,0,16.7,0,6.3,0,3.5,0,0,1011.5,15.27
27-May-21,0,18,0,5.1,0,2.2,0,4.6,1013.1,14.935
28-May-21,0,14.3,0,11,0,11.2,0,8.6,1016.1,15.025
29-May-21,0,18,0,9.4,0,8,0,0,1020.8,16.66
30-May-21,0,22.4,0,7.8,0,5.8,0,0,1020.3,17.657
31-May-21,0,21,0,7.7,0,5.3,0,0,1013.1,17.673
01-Jun-21,0,20.9,0,11.8,0,9.6,0,0,1008.1,18.725
02-Jun-21,0,19,0,11.5,0,8.5,0,0,1006,17.528
03-Jun-21,0,19.9,0,10,0,11,0,0,1010.2,18.91
04-Jun-21,0,20.1,0,9.6,0,6.4,0,0,1015.8,18.685
05-Jun-21,0,19.8,0,8.2,0,8.6,0,0.1,1017.6,18.208
06-Jun-21,0,17.5,0,6.1,0,2.1,0,0,1019.2,16.76
07-Jun-21,0,20.2,0,9.2,0,6.7,0,0,1016,18.298
08-Jun-21,0,19.8,0,11.9,0,8.6,0,0,1013.7,18.503
09-Jun-21,0,22.5,0,15.4,0,13.9,0,0,1011.1,19.115
10-Jun-21,0,22.5,0,13.6,0,9.5,0,0,1009.2,19.79
11-Jun-21,0,18.9,0,11,0,13.7,0,0,1012,19.673
12-Jun-21,0,20,0,10.1,0,6.6,0,0,1018.9,19.183
13-Jun-21,0,25.6,0,13.4,0,9.7,0,0,1018,20.575
14-Jun-21,0,18.7,0,10.7,0,12,0,0.2,1016.6,19.682
15-Jun-21,0,23.4,0,7.1,0,2.9,0,0,1011.4,19.845
16-Jun-21,0,18.9,0,11.2,0,11.5,0,1.1,1004.2,19.345
17-Jun-21,0,19.3,0,8,0,2.8,0,0,1009.8,18.802
18-Jun-21,0,16.7,0,5.7,0,1.4,0,0,1013.2,18.317
19-Jun-21,0,17.8,0,5.3,0,0.5,0,0,1007.6,18.555
20-Jun-21,0,17.4,0,10.9,0,7.7,0,0,1005.9,20.177
21-Jun-21,0,18.4,0,9.4,0,7.1,0,0,1013.2,20.083
22-Jun-21,0,18.5,0,5.2,0,0.4,0,0.3,1019,20.017
23-Jun-21,0,19.1,0,10,0,9.9,0,8,1019.2,18.673
24-Jun-21,0,19.5,0,11.6,0,11.9,0,3.9,1016.3,19.43
25-Jun-21,0,14.2,0,9.8,0,8.1,0,0.6,1015.1,16.882
26-Jun-21,0,15.2,0,9.5,0,8.5,0,0,1015.9,16.188
27-Jun-21,0,18.8,0,7.6,0,3.3,0,0,1014.8,17.443
28-Jun-21,0,20.8,0,9.3,0,6,0,0,1012.7,18.38
29-Jun-21,0,23.4,0,10.5,0,6.2,0,0,1013.1,20.355
30-Jun-21,0,20.3,0,10.4,0,6.7,0,0,1013.2,21.243
01-Jul-21,0,20.1,0,9.2,0,4.7,0,0,1012.3,21.562
02-Jul-21,0,20.2,0,10.9,0,6.8,0,0,1008.8,21.188
03-Jul-21,0,19.8,0,13.1,0,12.4,0,1,1002.6,20.038
04-Jul-21,0,20.8,0,12.9,0,11.4,0,12,997.7,19.913
05-Jul-21,0,20,0,10.4,0,8.9,0,0.1,994.3,20.333
06-Jul-21,0,17.8,0,10.1,0,7.5,0,25.6,993.6,18.728
07-Jul-21,0,20.8,0,11.9,0,9.2,0,0,1004.2,19.45
08-Jul-21,0,19.1,0,12.8,0,10,0,0,1013.5,20.005
09-Jul-21,0,17.7,0,14.2,0,14.5,0,0,1013.5,18.972
10-Jul-21,0,20,0,11.9,0,13.4,0,0,1009.4,19.12
11-Jul-21,0,17.1,0,12.3,0,8.2,0,12.2,1005.9,18
12-Jul-21,0,20.8,0,14,0,13.8,0,0.4,1008.4,18.63
13-Jul-21,0,20.5,0,12.2,0,8,0,0,1012.7,18.765
14-Jul-21,0,23,0,11.6,0,7.6,0,0,1016.5,20.632
15-Jul-21,0,25,0,14.9,0,15.6,0,0,1020.2,22.685
16-Jul-21,0,25.4,0,14.3,0,12.4,0,0,1023.4,23.927
17-Jul-21,0,28,0,13.8,0,10.6,0,0,1023.6,24.855
18-Jul-21,0,25.1,0,15.3,0,11.1,0,0,1020.2,25.245
19-Jul-21,0,24.2,0,15.1,0,12.1,0,0,1016.3,25.433
20-Jul-21,0,24.5,0,13.9,0,10.4,0,0,1015.8,25.68
21-Jul-21,0,26.2,0,13.6,0,9.9,0,0,1017.5,25.958
22-Jul-21,0,26.5,0,12.6,0,8.1,0,0,1016.3,25.722
23-Jul-21,0,24.9,0,15.4,0,11.5,0,0,1011.1,25.693
24-Jul-21,0,20.3,0,11.4,0,14.4,0,0,1006.5,24.66
25-Jul-21,0,25.4,0,10.2,0,6.2,0,0,1005.1,24.375
26-Jul-21,0,20.1,0,12.1,0,6.9,0,0,1004.8,22.39
27-Jul-21,0,20.7,0,12.6,0,11.5,0,1.8,1002.7,21.775
28-Jul-21,0,18.2,0,11.1,0,6.5,0,6.6,999.4,19.458
29-Jul-21,0,19.3,0,10.3,0,8.5,0,0,1001.2,18.717
30-Jul-21,0,18.2,0,12.9,0,12.8,0,21.4,1001,18.483
31-Jul-21,0,19.4,0,12.9,0,11.9,0,2.5,1004.8,19.08
01-Aug-21,0,18.7,0,11.7,0,10.5,0,0,1008.3,18.885
02-Aug-21,0,17.8,0,8.4,0,5.3,0,0,1009.9,17.645
03-Aug-21,0,17.5,0,9.4,0,5.4,0,3,1007.5,17.263
04-Aug-21,0,22.5,0,9.7,0,6.3,0,0,1003.3,18.55
05-Aug-21,0,21.2,0,14.2,0,13.4,0,7.8,992.6,18.987
06-Aug-21,0,18.8,0,14.2,0,12.2,0,2.2,986.3,19.058
07-Aug-21,0,17.4,0,14.2,0,13.3,0,8.4,988.2,18.267
08-Aug-21,0,19.6,0,11.5,0,13.4,0,1.6,996,18.36
09-Aug-21,0,18.9,0,10.8,0,6.3,0,1.5,1003.4,17.325
10-Aug-21,0,19.9,0,12.7,0,9.3,0,0,1007.9,19.295
11-Aug-21,0,20.3,0,9.1,0,14.1,0,3.5,1007.1,19.123
12-Aug-21,0,20.5,0,8.5,0,4.8,0,1.4,1006.7,17.487
13-Aug-21,0,21,0,12.3,0,8,0,0,1010.1,18.038
14-Aug-21,0,16.3,0,12.6,0,11.3,0,2.7,1009.9,17.458
15-Aug-21,0,19,0,11.8,0,13.7,0,0,1008.4,18.035
16-Aug-21,0,17.6,0,12.4,0,8.7,0,0.5,1014.4,17.337
17-Aug-21,0,19.3,0,12.2,0,12.3,0,1,1016,17.868
18-Aug-21,0,17.5,0,11.3,0,11.5,0,0.1,1012.5,17.675
19-Aug-21,0,20.7,0,10.6,0,7.5,0,0.5,1006.9,18.608
20-Aug-21,0,20.5,0,14.3,0,13.8,0,2.4,1005.6,18.752
21-Aug-21,0,19.5,0,12.9,0,13.7,0,14,1007.7,18.442
22-Aug-21,0,20.8,0,12.5,0,9.7,0,0.6,1015.9,18.853
23-Aug-21,0,21.5,0,10.8,0,8.3,0,0,1023.9,19.208
24-Aug-21,0,21.2,0,12.1,0,13.9,0,0,1026.1,20.3
25-Aug-21,0,22.9,0,10.2,0,8,0,0,1022.5,19.8
26-Aug-21,0,22.5,0,11.3,0,8.8,0,0,1019,20.12
27-Aug-21,0,19.1,0,9.8,0,8.6,0,0,1020.3,20.105
28-Aug-21,0,20.8,0,9.8,0,5.9,0,0,1022.4,19.48
29-Aug-21,0,18.7,0,9.3,0,6,0,0,1022.7,18.177
30-Aug-21,0,15.9,0,12.1,0,14.6,0,0,1024.1,17.7
31-Aug-21,0,15.5,0,13.1,0,8.7,0,0,1027.2,16.855
01-Sep-21,0,17.6,0,11.7,0,12.9,0,0,1028.3,17.375
02-Sep-21,0,16.2,0,8.9,0,4.7,0,0,1024.4,16.065
03-Sep-21,0,16.9,0,9.9,0,5.7,0,0,1018,16.745
04-Sep-21,0,19.8,0,11.7,0,7.4,0,0,1012.9,17.007
05-Sep-21,0,22.3,0,13.1,0,9.7,0,0,1013.8,18.458
06-Sep-21,0,23.6,0,12.7,0,9.1,0,0,1016.4,19.76
07-Sep-21,0,22.3,0,14.6,0,11,0,0,1013.4,20.208
08-Sep-21,0,23.4,0,14.2,0,10.6,0,0,1006,19.01
09-Sep-21,0,21.1,0,15.7,0,14.7,0,4.7,1000.1,19.413
10-Sep-21,0,20.3,0,15.2,0,15,0,0,1004,19.222
11-Sep-21,0,20.3,0,12.7,0,11.9,0,0,1010.5,18.76
12-Sep-21,0,14.9,0,10.3,0,9.1,0,0,1014.2,17.01
13-Sep-21,0,17.9,0,10.3,0,5.7,0,0.5,1010.4,16.625
14-Sep-21,0,20.5,0,13.6,0,11.3,0,0,1007.7,17.823
15-Sep-21,0,19,0,11.7,0,10.1,0,0.1,1010.1,17.66
16-Sep-21,0,21.6,0,8.5,0,4.2,0,0,1008.3,16.735
17-Sep-21,0,19.3,0,12.3,0,15.1,0,2.6,1004.6,17.625
18-Sep-21,0,18.1,0,10.4,0,6.8,0,0,1007,16.375
19-Sep-21,0,19.5,0,9.3,0,7.8,0,0,1010.5,17
20-Sep-21,0,19.7,0,7.5,0,3,0,0,1020.3,16.375
21-Sep-21,0,18.1,0,11.5,0,7.7,0,0,1024.4,16.833
22-Sep-21,0,21.7,0,13.3,0,10.6,0,0,1018.8,17.985
23-Sep-21,0,20.5,0,12.2,0,11.1,0,1,1013.3,17.917
24-Sep-21,0,21.7,0,14.2,0,8.4,0,0,1009.4,18.033
25-Sep-21,0,23.1,0,15.7,0,14.5,0,0,1005,18.878
26-Sep-21,0,21.1,0,11.4,0,9.9,0,8.8,998.2,17.53
27-Sep-21,0,16.9,0,8.1,0,5.4,0,10.2,1000.2,15.75
28-Sep-21,0,15.6,0,6.4,0,4,0,0,1004.7,14.023
29-Sep-21,0,15.2,0,5.1,0,2,0,1.5,1012.5,12.875
30-Sep-21,0,16.1,0,10.9,0,7.4,0,4,1004.6,14.582
01-Oct-21,0,14.1,0,8,0,5.8,0,2.5,998.1,13.962
02-Oct-21,0,14.2,0,6.8,0,4.7,0,0.4,989.1,12.828
03-Oct-21,0,15.8,0,7.5,0,1.4,0,3.3,986.8,12.323
04-Oct-21,0,15.7,0,7.5,0,3.2,0,3.2,994.5,12.422
05-Oct-21,0,15.4,0,6.8,0,4,0,1.3,1001.6,12.655
06-Oct-21,0,17.4,0,6.9,0,1.4,0,0.6,1012.1,12.068
07-Oct-21,0,20.4,0,15.8,0,11.8,0,0.3,1013.8,14.908
08-Oct-21,0,20.1,0,14.9,0,13.8,0,2.4,1018.3,15.89
09-Oct-21,0,18.3,0,8.5,0,12.7,0,1.2,1022.6,15.452
10-Oct-21,0,15.7,0,6.5,0,2.7,0,0,1027.4,13.562
11-Oct-21,0,15.6,0,5.7,0,1,0,0,1026.7,12.203
12-Oct-21,0,15.3,0,8.3,0,3.7,0,0,1023.5,12.62
13-Oct-21,0,13.1,0,10.6,0,10.6,0,0,1021.8,13.37
14-Oct-21,0,14.6,0,11.4,0,9.2,0,0,1016.4,13.26
15-Oct-21,0,13.6,0,7.6,0,5.4,0,1.2,1015.1,12.945
16-Oct-21,0,15.8,0,7.7,0,4.1,0,3,1009.6,12.83
17-Oct-21,0,18.6,0,11.6,0,11.8,0,0,1005,14.48
18-Oct-21,0,19.6,0,13.9,0,8.2,0,0.5,1002.9,15.335
19-Oct-21,0,19.2,0,10.5,0,11.5,0,3.5,998.1,15.158
20-Oct-21,0,13.2,0,7.1,0,3,0,6.3,993.1,12.295
21-Oct-21,0,12.6,0,3.3,0,-0.6,0,0.1,1004,9.722
22-Oct-21,0,13.5,0,6.8,0,1.4,0,0,1015.1,10.757
23-Oct-21,0,14,0,9.5,0,7.2,0,0.1,1010,11.182
24-Oct-21,0,17,0,9.8,0,7.3,0,0.5,1002.5,12.06
25-Oct-21,0,13.7,0,7.7,0,3.7,0,0,1004.9,10.35
26-Oct-21,0,17.7,0,10.2,0,3.4,0,0.5,1003.7,11.905
27-Oct-21,0,18.1,0,14.8,0,12.5,0,12.7,997.8,13.82
28-Oct-21,0,15.3,0,10.1,0,12.1,0,12.7,991.3,13.833
29-Oct-21,0,13.2,0,8.5,0,7.6,0,8.3,985.1,12.32
30-Oct-21,0,12.5,0,4.5,0,-0.3,0,0.1,985.2,9.59
31-Oct-21,0,13.4,0,7.7,0,0.6,0,10.5,976.6,10.09
01-Nov-21,0,10.9,0,4.3,0,5.3,0,3.6,984.6,9.153
02-Nov-21,0,10,0,3.3,0,-1.4,0,0.2,994.4,6.957
03-Nov-21,0,10.4,0,2.7,0,-1.8,0,0.2,1005.3,6.117
04-Nov-21,0,10.3,0,3.3,0,-1.6,0,0,1016,6.594
05-Nov-21,0,11.4,0,7,0,1.5,0,0,1021,8.604
06-Nov-21,0,13.8,0,7.9,0,7,0,0.8,1014.9,9.577
07-Nov-21,0,11.4,0,4.2,0,2.2,0,0,1017.2,7.481
08-Nov-21,0,16.6,0,5.6,0,0.1,0,2.7,1013.6,9.463
09-Nov-21,0,14.3,0,9.9,0,9.4,0,0.2,1012.2,11.083
10-Nov-21,0,12.1,0,6.8,0,2.4,0,0,1016.3,10.137
11-Nov-21,0,15.1,0,5.1,0,1,0,1,1007.9,10.262
12-Nov-21,0,13.7,0,10.5,0,5.7,0,0.2,1001,10.762
13-Nov-21,0,12.5,0,10.1,0,8.4,0,0,1011.7,11.062
14-Nov-21,0,14.8,0,7.8,0,5,0,0,1017.8,11.092
15-Nov-21,0,12.1,0,7.3,0,4.9,0,1.9,1020.5,10.75
16-Nov-21,0,11.4,0,6.7,0,4.4,0,0.1,1015.1,9.467
17-Nov-21,0,11.5,0,6.9,0,2.3,0,0,1016.9,8.398
18-Nov-21,0,13.8,0,10.8,0,7.3,0,0,1020.6,10.568
19-Nov-21,0,12.7,0,9,0,3.7,0,0,1022.8,10.475
20-Nov-21,0,12.3,0,4.1,0,5.4,0,0.5,1018.8,9.733
21-Nov-21,0,8.7,0,1.3,0,-2.5,0,0.1,1022.2,5.405
22-Nov-21,0,8.5,0,-1.4,0,-4.4,0,0,1028.5,3.45
23-Nov-21,0,7.4,0,-0.1,0,-3.4,0,0,1027.7,4.936
24-Nov-21,0,7.5,0,0.8,0,-2.5,0,0.7,1019.1,5.101
25-Nov-21,0,7.8,0,-0.3,0,-4.9,0,0,1012.2,3.255
26-Nov-21,0,8.2,0,2.4,0,-3.4,0,0.7,999.1,4.873
27-Nov-21,0,5.1,0,0.7,0,-1.4,0,0,1003.9,2.638
28-Nov-21,0,5.2,0,0.7,0,-2.7,0,0,1006.2,3.141
29-Nov-21,0,9.5,0,2.1,0,-3.4,0,0.1,1009.1,4.97
30-Nov-21,0,11.2,0,8.5,0,4.4,0,4.5,1000.1,8.062
01-Dec-21,0,8.6,0,1.7,0,2.8,0,0.1,1001.6,6.563
02-Dec-21,0,8.4,0,1.4,0,-3.3,0,8.5,1005.7,4.24
03-Dec-21,0,9.5,0,6.1,0,-0.1,0,1.1,995.3,6.328
04-Dec-21,0,6.2,0,2.1,0,-0.6,0,0,997.5,4.205
05-Dec-21,0,6.6,0,0.1,0,-4.1,0,0,1008.2,2.095
06-Dec-21,0,7.6,0,2,0,-4.3,0,2.2,1002.8,3.161
07-Dec-21,0,9,0,1.9,0,-2.4,0,12.2,977.8,3.974
08-Dec-21,0,6.4,0,2.8,0,2,0,10.1,980.3,4.115
09-Dec-21,0,10,0,2.6,0,-1.1,0,1.3,990.4,4.054
10-Dec-21,0,6,0,1.5,0,-1.6,0,0,998,2.814
11-Dec-21,0,13.2,0,5.2,0,-1.1,0,1.2,1003.9,5.847
12-Dec-21,0,13.8,0,7.8,0,5.9,0,0.4,1004.7,8.399
13-Dec-21,0,8,0,-0.3,0,1.5,0,0,1012.6,6.249
14-Dec-21,0,9,0,-0.1,0,-3.8,0,0,1016.6,3.651
15-Dec-21,0,11.5,0,7.2,0,-1.3,0,0.1,1021.8,4.318
16-Dec-21,0,11.8,0,4.2,0,-1.1,0,0,1030.2,5.158
17-Dec-21,0,9.2,0,3,0,-2.2,0,0.1,1034.3,5.262
18-Dec-21,0,9.1,0,2.9,0,-1.5,0,0,1032.4,5.197
19-Dec-21,0,7.8,0,1.5,0,-1.6,0,0,1028.5,5.072
20-Dec-21,0,7.8,0,6.2,0,0.8,0,0,1022.7,6.364
21-Dec-21,0,6.9,0,5,0,4.8,0,0,1016.2,5.692
22-Dec-21,0,10.4,0,5.4,0,0,0,5.3,1005.5,5.556
23-Dec-21,0,13,0,5.4,0,5.3,0,0,995.9,7.789
24-Dec-21,0,10.4,0,3.6,0,-0.6,0,1.2,993.9,6.02
25-Dec-21,0,9.3,0,5.4,0,0.1,0,17.4,990.9,7.054
26-Dec-21,0,9.9,0,3.2,0,1.3,0,0.7,989.7,6.447
27-Dec-21,0,9.6,0,2,0,-2,0,0.2,983.6,5.449
28-Dec-21,0,8.2,0,3.2,0,1.9,0,10.4,986.8,6.841
29-Dec-21,0,14,0,5.3,0,-0.2,0,3,988.5,7.363
30-Dec-21,0,13.8,0,11.7,0,5.4,0,7.9,996.3,9.065
31-Dec-21,0,14.6,0,12.7,0,8.7,0,0.3,1000.6,9.642
01-Jan-22,0,15,0,9.5,0,7.9,0,0.3,998.4,9.087
02-Jan-22,0,10.8,0,8.3,0,2.7,0,0.1,997,6.904
03-Jan-22,0,9.9,0,2.7,0,3.7,0,1.5,995.5,6.096
04-Jan-22,0,4,0,0.1,0,-3.5,0,0,1002.4,3.272
05-Jan-22,0,4.6,0,-2.1,0,-3.7,0,0,1010.9,1.921
06-Jan-22,0,9.6,0,-2,0,-6.3,0,4.9,1004.6,2.832
07-Jan-22,0,7.2,0,0.5,0,-1.5,0,3.3,1002.1,2.346
08-Jan-22,0,9.8,0,2.6,0,-0.5,0,3.3,994.5,4.573
09-Jan-22,0,7.8,0,2.3,0,-1.3,0,0.3,996.7,3.311
10-Jan-22,0,12.5,0,6,0,0.7,0,0.6,1009,6.453
11-Jan-22,0,8.4,0,2.9,0,-0.2,0,0.1,1024.1,4.442
12-Jan-22,0,10.1,0,1.4,0,-2.3,0,0,1033.6,2.721
13-Jan-22,0,6.3,0,-0.6,0,-4.8,0,0,1034.3,2.529
14-Jan-22,0,8.2,0,-0.3,0,-0.6,0,0,1028.1,3.585
15-Jan-22,0,8.3,0,-1,0,-4.6,0,0.1,1018.3,3.729
16-Jan-22,0,7.8,0,0.4,0,-2.5,0,0.1,1023.1,3.887
17-Jan-22,0,7.2,0,-2.3,0,-5.7,0,0,1031.9,1.694
18-Jan-22,0,10.4,0,-3.3,0,-6.1,0,0,1026,2.111
19-Jan-22,0,9.9,0,3.2,0,-1,0,0.2,1025.1,4.612
20-Jan-22,0,6.8,0,0.4,0,-4.5,0,0,1033.5,2.965
21-Jan-22,0,6.9,0,4.7,0,-2.2,0,0,1034.7,4.547
22-Jan-22,0,7.7,0,5.2,0,4,0,0.1,1031.7,5.441
23-Jan-22,0,7.5,0,5.4,0,4.2,0,0,1027.3,5.629
24-Jan-22,0,9.4,0,1.4,0,-3.7,0,0,1025.8,4.794
25-Jan-22,0,8,0,1.5,0,-2.6,0,0,1027.3,5.078
26-Jan-22,0,10.5,0,3.3,0,-3.8,0,0.1,1023.2,4.8
27-Jan-22,0,11.1,0,2.6,0,2.3,0,0.6,1023.7,7.082
28-Jan-22,0,12.6,0,2.9,0,-2.3,0,0,1025.2,6.718
29-Jan-22,0,12.1,0,1.3,0,7.5,0,0.1,1023.5,8.091
30-Jan-22,0,9.1,0,0.3,0,-4.2,0,0.9,1022.2,5.001
31-Jan-22,0,9.3,0,4.1,0,-0.6,0,0.1,1021.5,5.381
01-Feb-22,0,11,0,8.9,0,3.9,0,0.7,1018.5,7.916
02-Feb-22,0,10.8,0,7.7,0,5.8,0,0,1014,8.031
03-Feb-22,0,11.9,0,4.9,0,5.2,0,4.3,1003.8,7.86
04-Feb-22,0,6.8,0,2,0,-0.8,0,0.5,1007.1,5.496
05-Feb-22,0,9.7,0,2.7,0,-1,0,4,1005.6,4.944
06-Feb-22,0,9.7,0,3.3,0,4.7,0,4.7,1005.5,6.4
07-Feb-22,0,12.1,0,2.2,0,-2.2,0,0.4,1015.3,5.863
08-Feb-22,0,11.6,0,7.9,0,8.2,0,7,1014.7,8.663
09-Feb-22,0,8.3,0,3.1,0,-0.2,0,0.2,1015.5,6.935
10-Feb-22,0,7.5,0,1.5,0,-1.3,0,0,1019.2,4.309
11-Feb-22,0,9.1,0,-0.7,0,-5.9,0,0.7,1018,3.726
12-Feb-22,0,11.8,0,7.4,0,-0.4,0,1.8,1004.6,6.694
13-Feb-22,0,9.3,0,5,0,2.9,0,13,989.6,6.971
14-Feb-22,0,9,0,3.4,0,2.8,0,0.8,995.1,6.176
15-Feb-22,0,11.5,0,6.1,0,-2,0,4.2,991.2,6.122
16-Feb-22,0,13.6,0,6.6,0,5.7,0,3.8,986.8,8.481
17-Feb-22,0,7.7,0,3.6,0,0.7,0,5,995.7,6.111
18-Feb-22,0,8.1,0,1.4,0,-0.5,0,4.1,986.8,5.349
19-Feb-22,0,10.4,0,1.5,0,-1.1,0,11.6,997.3,4.505
20-Feb-22,0,11.9,0,1.6,0,3.6,0,14.2,990.1,7.322
21-Feb-22,0,10.6,0,2.9,0,0.1,0,0.9,1004,6.213
22-Feb-22,0,11.4,0,6,0,5,0,3.7,1008.4,7.785
23-Feb-22,0,12.4,0,3.6,0,2.8,0,2.6,1007.1,6.537
24-Feb-22,0,6.9,0,0.8,0,-0.9,0,1.7,1004.9,5.311
25-Feb-22,0,11.2,0,2.4,0,-0.5,0,0.1,1016.4,5.385
26-Feb-22,0,11.2,0,8,0,3.5,0,0,1014.8,6.83
27-Feb-22,0,10,0,7.6,0,5.2,0,0.2,1008.6,7.022
28-Feb-22,0,9.9,0,-0.2,0,4.2,0,1.7,1014.3,7.365
01-Mar-22,0,9.3,0,-2.8,0,-7.8,0,0,1021.1,4.778
02-Mar-22,0,10.1,0,6.4,0,-4.1,0,4,1010.1,6.402
03-Mar-22,0,10.8,0,4.2,0,-0.4,0,0.4,1009,7.416
04-Mar-22,0,10.2,0,-0.1,0,-2.8,0,0.2,1018.3,6.325
05-Mar-22,0,9.1,0,-2.3,0,-8.2,0,0,1024.8,4.667
06-Mar-22,0,8.6,0,-3.4,0,-7.9,0,0,1025.7,4.3
07-Mar-22,0,6.6,0,2,0,-5.5,0,0,1014.5,4.331
08-Mar-22,0,12.8,0,4.8,0,0.5,0,0.8,999.9,5.673
09-Mar-22,0,10.5,0,4.2,0,2,0,14.8,1000.3,6.591
10-Mar-22,0,11.7,0,3.8,0,3.5,0,1.3,1000.6,7.582
11-Mar-22,0,13.5,0,6.2,0,4.4,0,3.4,990.5,7.826
12-Mar-22,0,10.8,0,5.1,0,2,0,10.1,990.9,7.799
13-Mar-22,0,12.5,0,5.9,0,4.6,0,3.3,994.4,8.614
14-Mar-22,0,11.5,0,0.6,0,-0.2,0,1.6,1011.9,6.941
15-Mar-22,0,11.8,0,-0.1,0,-5.3,0,0,1012.4,6.451
16-Mar-22,0,10.5,0,1.6,0,3.9,0,0.6,1014.6,8.466
17-Mar-22,0,15.2,0,-0.1,0,-4.7,0,0.2,1024.6,7.63
18-Mar-22,0,15.8,0,-0.1,0,-4.6,0,0,1032.6,7.69
19-Mar-22,0,14.4,0,6.4,0,0.8,0,0,1027.8,8.559
20-Mar-22,0,11.5,0,4.9,0,-0.2,0,0,1020.6,8.374
21-Mar-22,0,13.7,0,7.9,0,5.4,0,0,1018.1,9.74
22-Mar-22,0,16.8,0,5.9,0,3.2,0,0,1019.3,10.085
23-Mar-22,0,18.5,0,4.4,0,-1.3,0,0,1022.3,9.802
24-Mar-22,0,17.5,0,4,0,-0.8,0,0,1024.2,10.079
25-Mar-22,0,17.2,0,5.3,0,0.5,0,0,1026.3,10.795
26-Mar-22,0,16.9,0,1.7,0,-2.6,0,0,1028.2,10.165
27-Mar-22,0,14.5,0,3,0,-1.6,0,0,1025.2,10.375
28-Mar-22,0,16.4,0,1.6,0,-1.9,0,0,1016.8,10.597
29-Mar-22,0,13.7,0,5.3,0,-0.5,0,0,1008.3,10.755
30-Mar-22,0,8.2,0,1.5,0,0.8,0,0.6,1005.5,9.11
31-Mar-22,0,9.1,0,0.4,0,-2.1,0,0.1,1012.5,7.758
01-Apr-22,0,9.3,0,-1.5,0,-6.4,0,1.7,1018.1,7.435
02-Apr-22,0,9.8,0,-0.7,0,-0.7,0,1.2,1020,8.547
03-Apr-22,0,12.9,0,-2.2,0,-6.8,0,1,1017.4,8.579
04-Apr-22,0,14.5,0,8.9,0,7.4,0,0.1,1009.4,11.08
05-Apr-22,0,13.1,0,9.1,0,7.7,0,0.3,999.5,10.9
06-Apr-22,0,12.3,0,6.3,0,5.2,0,9,983.1,10.323
07-Apr-22,0,11.5,0,2.5,0,4,0,0,984.9,10.142
08-Apr-22,0,10.1,0,-0.7,0,-5.8,0,0.2,1001.7,8.434
09-Apr-22,0,11.1,0,-0.6,0,-4.6,0,0,1010.8,8.407
10-Apr-22,0,11.1,0,0.1,0,-4.6,0,0,1008.3,8.245
11-Apr-22,0,12.1,0,8.4,0,6.7,0,2,1000.1,9.113
12-Apr-22,0,10.4,0,6.5,0,2.5,0,8.6,999.5,9.132
13-Apr-22,0,16.6,0,6.5,0,3.3,0,0,1007.3,11.387
14-Apr-22,0,15.3,0,5.6,0,0.4,0,0,1013.6,11.215
15-Apr-22,0,18.5,0,9.7,0,7,0,0,1017.2,12.8
16-Apr-22,0,17,0,6,0,0.8,0,0,1019.2,13.882
17-Apr-22,0,13.8,0,7.6,0,10,0,3.4,1012.3,12.778
18-Apr-22,0,12.8,0,3.1,0,1.7,0,0.8,1010.1,11.79
19-Apr-22,0,14.3,0,1.6,0,-3.3,0,0,1013.7,11.515
20-Apr-22,0,15.1,0,0,0,-4.3,0,0,1011.6,11.82
21-Apr-22,0,15.5,0,5.4,0,0.6,0,0,1007.3,13.023
22-Apr-22,0,15.2,0,8.5,0,6.5,0,0,1006.9,12.132
23-Apr-22,0,14.4,0,7.9,0,5.5,0,0,1005.1,11.58
24-Apr-22,0,14.2,0,6.5,0,1.6,0,0,1008.8,12.715
25-Apr-22,0,12.4,0,2.4,0,1.2,0,0,1012.9,12.158
26-Apr-22,0,12.9,0,1.3,0,-3.2,0,0,1017.5,11.212
27-Apr-22,0,12.9,0,2.1,0,-3.3,0,0,1023.1,11.493
28-Apr-22,0,12.5,0,2.7,0,-2.3,0,0,1026.7,11.922
29-Apr-22,0,13.4,0,0.4,0,-4.4,0,0,1027,12.555
30-Apr-22,0,12.9,0,7.2,0,0.8,0,9.6,1021.3,12.632
01-May-22,0,15,0,8.9,0,9.3,0,8,1015,13.135
02-May-22,0,15.1,0,9.1,0,4.9,0,0.1,1015.8,13.845
03-May-22,0,18.1,0,9.8,0,8.6,0,0.4,1014.4,15.112
04-May-22,0,18.4,0,9.5,0,8.7,0,0,1014.1,16.483
05-May-22,0,17.5,0,9.5,0,5.3,0,0,1017.8,16.388
06-May-22,0,16.5,0,10.3,0,7.8,0,13.1,1018.5,15.448
07-May-22,0,15.5,0,7.2,0,3.3,0,0.1,1022.2,16.163
08-May-22,0,20.5,0,5.6,0,1.2,0,0,1019.3,16.788
09-May-22,0,16,0,10.4,0,8.2,0,1.1,1009.8,15.225
10-May-22,0,17.4,0,9.6,0,5.7,0,0.8,1002.4,16.388
11-May-22,0,16.9,0,8.7,0,5.4,0,1,1003.5,16.142
12-May-22,0,15.7,0,5.4,0,0.6,0,2.3,1009.5,15.035
13-May-22,0,19.2,0,10.3,0,7.8,0,0,1010.9,15.985
14-May-22,0,16.7,0,8.3,0,4.6,0,0,1013.4,17.103
15-May-22,0,17.1,0,9.9,0,8.1,0,1,1007,17.577
16-May-22,0,20.9,0,12.3,0,12.2,0,4.2,1003.3,18.118
17-May-22,0,17.2,0,9.7,0,10.2,0,11.2,1004.4,15.645
18-May-22,0,17.3,0,9.6,0,6.8,0,1.9,1005.5,14.648
19-May-22,0,18.6,0,6.7,0,0.7,0,0,1008.6,15.92
20-May-22,0,17.6,0,10.2,0,7.1,0,0.7,1008.5,16.03
21-May-22,0,18.5,0,10.4,0,5.6,0,0,1010.5,15.98
22-May-22,0,18.9,0,9.9,0,9.9,0,0.8,1003.5,16.483
23-May-22,0,16.3,0,8.6,0,6.4,0,1,997.4,16.725
24-May-22,0,18.1,0,7.7,0,3.5,0,0,1000.1,17.475
25-May-22,0,18,0,10.5,0,9.1,0,0.8,1004.8,17.712
26-May-22,0,19,0,8,0,7,0,0.2,1013.6,18.247
27-May-22,0,18.2,0,6.6,0,1.4,0,0,1021.2,18.475
28-May-22,0,17.6,0,4.8,0,0.9,0,0,1021.8,18.47
29-May-22,0,14.6,0,4.6,0,0.2,0,0,1016.1,17.157
30-May-22,0,14.2,0,6.5,0,2.9,0,4.8,1008.6,16.183
31-May-22,0,15.6,0,4.5,0,-0.1,0,2.4,1008.4,15.278
01-Jun-22,0,16.8,0,6.5,0,4.1,0,0.7,1012.4,16.622
02-Jun-22,0,17.6,0,5.1,0,0.5,0,7,1012.8,15.503
03-Jun-22,0,15.8,0,10.3,0,8.1,0,6.2,1014.8,16.962
04-Jun-22,0,15.3,0,11.4,0,11.1,0,0,1016.4,16.147
05-Jun-22,0,12.4,0,10.7,0,10.2,0,6.1,1012.2,14.295
06-Jun-22,0,16.2,0,7.6,0,8.4,0,0,1009.6,16.372
07-Jun-22,0,17.7,0,6.1,0,1.9,0,0.5,1001.4,16.71
08-Jun-22,0,18.3,0,10.9,0,10.8,0,4.1,998.3,18.41
09-Jun-22,0,21.7,0,10.6,0,7.8,0,3.1,1003.4,18.068
10-Jun-22,0,19.6,0,12.3,0,9.4,0,7.5,1006,18.042
11-Jun-22,0,19,0,11.5,0,9.2,0,0.1,1011.1,18.43
12-Jun-22,0,16.7,0,10.1,0,7.6,0,0.5,1017.4,17.23
13-Jun-22,0,16.4,0,10.5,0,9.4,0,0,1019,17.158
14-Jun-22,0,19.7,0,10.6,0,9.6,0,0,1015.5,18.845
15-Jun-22,0,20.6,0,8.9,0,5.9,0,0,1014.1,19.097
16-Jun-22,0,23.9,0,10.7,0,7,0,0,1013.2,20.34
17-Jun-22,0,20.1,0,13,0,15.4,0,0,1012.2,19.333
18-Jun-22,0,16.7,0,8.4,0,4.8,0,0,1016,18.177
19-Jun-22,0,17.8,0,8.2,0,4.3,0,0,1014.2,17.24
20-Jun-22,0,21.1,0,6.1,0,1.4,0,0,1014.4,19.763
21-Jun-22,0,19.3,0,11.4,0,7.4,0,0,1010.3,19.295
22-Jun-22,0,21,0,14.6,0,14.5,0,0.3,1008.9,19.96
23-Jun-22,0,22.9,0,14.2,0,14.3,0,0,1002.2,20.888
24-Jun-22,0,19.9,0,11.7,0,7,0,2.1,991.8,19.478
25-Jun-22,0,17.8,0,9.8,0,8.6,0,1.5,990,19.2
26-Jun-22,0,19,0,11.2,0,10.4,0,8.2,996.2,18.737
27-Jun-22,0,17.2,0,8.9,0,6.8,0,0.3,1005,18.493
28-Jun-22,0,19.1,0,12.9,0,11.9,0,5.1,1001.4,17.97
29-Jun-22,0,19.5,0,11.5,0,8.8,0,0,1001.8,18.815
30-Jun-22,0,18.6,0,11.9,0,11.6,0,2.8,1005.3,18.612
01-Jul-22,0,18.3,0,10.6,0,11.8,0,6.8,1006.2,18.32
02-Jul-22,0,19.8,0,9.7,0,6.2,0,3.6,1009.1,18.372
03-Jul-22,0,19,0,10.5,0,7.8,0,0.1,1013.8,18.882
04-Jul-22,0,18.7,0,11.4,0,10,0,0.2,1016.4,18.68
05-Jul-22,0,20.3,0,12.4,0,8.7,0,0.2,1020.9,19.028
06-Jul-22,0,21.2,0,14.5,0,13.8,0,0,1022.8,19.978
07-Jul-22,0,23.6,0,13.9,0,11.9,0,0,1026.2,21.017
08-Jul-22,0,21.6,0,12.8,0,7.7,0,0,1028.6,21.32
09-Jul-22,0,21.8,0,15.5,0,11.2,0,0,1027.1,21.673
10-Jul-22,0,22,0,12.8,0,8.3,0,0,1022.1,23.088
11-Jul-22,0,27.7,0,10.5,0,5.8,0,0,1015.4,22.903
12-Jul-22,0,23.7,0,13.7,0,15.5,0,1.5,1016,22.305
13-Jul-22,0,21.8,0,10.2,0,5.8,0,0,1019.1,21.465
14-Jul-22,0,21,0,10.6,0,6.6,0,0,1020.2,21.243
15-Jul-22,0,21.8,0,12.8,0,9.6,0,0,1019.3,21.823
16-Jul-22,0,23.8,0,10.7,0,6.2,0,0.3,1018.7,23.01
17-Jul-22,0,29.3,0,14.6,0,12.1,0,0,1015.2,24.405
18-Jul-22,0,33,0,14,0,9.6,0,0,1009.4,24.888
19-Jul-22,0,27,0,15.1,0,12.1,0,0.3,1005.8,24.698
20-Jul-22,0,19.2,0,13.3,0,10.4,0,0,1013.7,22.21
21-Jul-22,0,19.2,0,12.1,0,9.7,0,0,1018.7,20.895
22-Jul-22,0,21.1,0,11.9,0,10.6,0,0,1014.3,22.1
23-Jul-22,0,23.9,0,15.8,0,10.4,0,3.6,1005.9,21.99
24-Jul-22,0,23.7,0,14,0,14.1,0,4,999.2,22.445
25-Jul-22,0,19.6,0,13.3,0,10.5,0,0.2,1006.8,20.54
26-Jul-22,0,18.3,0,11.7,0,11.2,0,0,1016.4,19.812
27-Jul-22,0,17.7,0,8.3,0,3.8,0,0,1014.6,18.905
28-Jul-22,0,19.5,0,11.3,0,10,0,0,1011.4,20.055
29-Jul-22,0,22.1,0,11.3,0,6.6,0,0.5,1011.1,20.397
30-Jul-22,0,21.7,0,16.6,0,15.9,0,12.7,1009,20.815
31-Jul-22,0,20.1,0,11.9,0,13.4,0,4.1,1011,20.438
01-Aug-22,0,21.3,0,9.4,0,5,0,1.1,1008.4,19.075
02-Aug-22,0,25.2,0,16.9,0,17.4,0,0.8,1002.2,21.605
03-Aug-22,0,21.3,0,11.2,0,13.3,0,0,1005.3,21.33
04-Aug-22,0,19.5,0,8.8,0,5.2,0,0.1,1013.1,19.603
05-Aug-22,0,19.9,0,8.7,0,4.9,0,0.1,1020.8,18.897
06-Aug-22,0,20.1,0,7,0,2.6,0,0,1023.8,18.82
07-Aug-22,0,23.3,0,9.7,0,4.1,0,0,1021.8,20.022
08-Aug-22,0,24,0,9.9,0,4.5,0,0,1023.1,21.695
09-Aug-22,0,24.8,0,11.1,0,7.7,0,0,1023.7,22.53
10-Aug-22,0,26.9,0,11.3,0,6.1,0,0,1020.3,23.028
11-Aug-22,0,27,0,10.9,0,6.9,0,0,1017.2,23.613
12-Aug-22,0,26.2,0,11.5,0,6.3,0,0,1014.8,23.682
13-Aug-22,0,25.4,0,12.3,0,8.5,0,0,1009.5,23.805
14-Aug-22,0,26.4,0,12.9,0,9.2,0,0.6,1002.9,23.39
15-Aug-22,0,21.6,0,15.7,0,14.9,0,6.8,999.9,22.243
16-Aug-22,0,18.1,0,10.3,0,13.5,0,0,1006.6,18.825
17-Aug-22,0,19.4,0,9.1,0,5.6,0,0.1,1010.8,17.743
18-Aug-22,0,23.3,0,13.1,0,10.1,0,0,1005.3,19.06
19-Aug-22,0,20.3,0,12.1,0,8.1,0,0.2,1007,18.64
20-Aug-22,0,23.1,0,11.6,0,10.2,0,0,1006.4,19.845
21-Aug-22,0,20.2,0,8.2,0,2.1,0,0,1008.2,20.315
22-Aug-22,0,24.8,0,14.6,0,13.6,0,0.3,1004.9,21.745
23-Aug-22,0,23.3,0,15.9,0,13.2,0,1.3,1004.2,22.19
24-Aug-22,0,21.1,0,10.5,0,10.9,0,2.8,1008.9,20.275
25-Aug-22,0,21.4,0,9.4,0,4.4,0,0,1013.7,19.323
26-Aug-22,0,19.1,0,9,0,9.7,0,0.2,1014,19.03
27-Aug-22,0,20.1,0,7.7,0,3.8,0,0,1015.7,19.003
28-Aug-22,0,18.4,0,11.5,0,8.2,0,0,1017.2,18.395
29-Aug-22,0,21.8,0,13.4,0,10.9,0,0,1018.7,19.77
30-Aug-22,0,19.6,0,11.7,0,10.8,0,0,1021.3,20.07
31-Aug-22,0,18.9,0,10.9,0,5.5,0,0,1021.7,19.365
01-Sep-22,0,19.5,0,11.9,0,6.4,0,0,1016.5,18.812
02-Sep-22,0,20.5,0,12.7,0,11.7,0,0,1006.3,19.18
03-Sep-22,0,16.1,0,12,0,11.8,0,17.6,998.5,17.352
04-Sep-22,0,20.4,0,10.6,0,7.1,0,38.6,998.9,16.825
05-Sep-22,0,20.2,0,10.7,0,6.3,0,2.4,1002.8,17.132
06-Sep-22,0,18.1,0,13.2,0,13.2,0,4.1,999,16.885
07-Sep-22,0,20.1,0,13.8,0,9.8,0,6.9,995.6,16.722
08-Sep-22,0,18.8,0,14.3,0,13.7,0,2.9,997.5,16.682
09-Sep-22,0,19,0,11.7,0,12,0,8.6,1005.2,17.163
10-Sep-22,0,19.8,0,8.6,0,4.8,0,0,1012,16.413
11-Sep-22,0,19.6,0,9.5,0,5,0,9.2,1007.6,15.49
12-Sep-22,0,17.9,0,9.6,0,15,0,2.8,1006.1,17.105
13-Sep-22,0,17.8,0,7.4,0,3,0,0,1007.7,15.025
14-Sep-22,0,16.5,0,8.7,0,4,0,0.1,1007.4,14.76
15-Sep-22,0,18.3,0,9.4,0,4.7,0,0,1012.1,15.293
16-Sep-22,0,17.1,0,6.2,0,1.4,0,0,1017.8,14.425
17-Sep-22,0,16.4,0,4.5,0,-0.7,0,0,1020,13.333
18-Sep-22,0,18.8,0,7.4,0,3.3,0,0,1018.7,14.93
19-Sep-22,0,17.9,0,11,0,7.4,0,0,1019.8,15.832
20-Sep-22,0,20,0,9.4,0,5.2,0,0,1019.4,16.36
21-Sep-22,0,18.5,0,10.4,0,6.5,0,0,1015.2,15.923
22-Sep-22,0,16.6,0,8.6,0,12.9,0,18.8,1010.3,15.68
23-Sep-22,0,18.2,0,7.5,0,2.9,0,1.9,1013.6,14.102
24-Sep-22,0,16,0,6.9,0,2.7,0,0,1017.2,13.663
25-Sep-22,0,15,0,5.5,0,0.8,0,1.2,1010.2,12.852
26-Sep-22,0,15.5,0,9.5,0,6.6,0,0.1,1002,13.655
27-Sep-22,0,13.2,0,7.2,0,5.8,0,0,999.7,12.765
28-Sep-22,0,14.1,0,6.8,0,2.5,0,2.4,999.2,12.158
29-Sep-22,0,16.8,0,7,0,2.1,0,0,1002.7,12.165
30-Sep-22,0,18,0,9,0,3.4,0,11.1,994.2,13.1
01-Oct-22,0,17.4,0,10.5,0,7.6,0,0.4,1000.1,13.045
02-Oct-22,0,17.3,0,8.4,0,3.2,0,0.1,1014.2,13.358
03-Oct-22,0,17.9,0,10.6,0,8.1,0,0,1012.5,13.985
04-Oct-22,0,17.7,0,14.5,0,14.1,0,2.4,1000.7,14.985
05-Oct-22,0,15.1,0,8.3,0,9.9,0,9.7,1004.1,14.02
06-Oct-22,0,17.7,0,9.3,0,3.9,0,1,1012.7,12.845
07-Oct-22,0,15.1,0,7.9,0,10.1,0,2.9,1009.4,13.395
08-Oct-22,0,15.6,0,6.5,0,0.5,0,0.1,1014.6,11.805
09-Oct-22,0,15.4,0,5.9,0,5.9,0,3.4,1004.7,12.23
10-Oct-22,0,14.7,0,5.1,0,-0.7,0,0.1,1014.2,10.632
11-Oct-22,0,13.8,0,7.3,0,1.7,0,0,1016.5,11.48
12-Oct-22,0,14.8,0,5.8,0,9.1,0,0,1010.2,12.295
13-Oct-22,0,17.2,0,3.1,0,-1.3,0,0.2,1007.9,10.863
14-Oct-22,0,14.8,0,5.5,0,4.1,0,0.1,998.9,11.28
15-Oct-22,0,14,0,6.6,0,0.3,0,5.6,989.7,10.185
16-Oct-22,0,12.9,0,6.1,0,2,0,5.3,997,9.29
17-Oct-22,0,15.4,0,5.3,0,8.6,0,0,1004.7,10.507
18-Oct-22,0,16.3,0,3.2,0,-1.6,0,0,1019.1,9.394
19-Oct-22,0,13.6,0,11.8,0,10.7,0,27.4,1008.8,11.49
20-Oct-22,0,16.8,0,9.4,0,4.4,0,0,997.2,11.945
21-Oct-22,0,17.9,0,13.1,0,4.8,0,7.7,988.6,13.045
22-Oct-22,0,17.4,0,10.7,0,7.7,0,0.7,993.9,13.057
23-Oct-22,0,18.2,0,8.6,0,9.8,0,13,992.9,13.417
24-Oct-22,0,16.4,0,8,0,2.6,0,1.1,993.8,11.565
25-Oct-22,0,16.3,0,8.6,0,3.2,0,2.9,994.3,11.135
26-Oct-22,0,16.5,0,10.7,0,10,0,10.9,994,12.392
27-Oct-22,0,17.9,0,11.8,0,7,0,0.9,999.3,12.347
28-Oct-22,0,16.9,0,8.5,0,3.7,0,4.2,997.2,12.812
29-Oct-22,0,18.3,0,11.4,0,8.8,0,4.8,1000.4,12.47
30-Oct-22,0,14.8,0,11.6,0,8.2,0,0.2,998.9,11.85
31-Oct-22,0,16.3,0,9.9,0,7.4,0,8.2,995.7,11.575
01-Nov-22,0,13.7,0,6.5,0,3.7,0,0.8,995.9,10.805
02-Nov-22,0,14.2,0,6.7,0,1.9,0,5.7,993.8,9.552
03-Nov-22,0,12.5,0,3.6,0,-1.2,0,0.1,994.8,8.26
04-Nov-22,0,11.1,0,3.4,0,-1.5,0,0.1,1005.1,7.399
05-Nov-22,0,13.8,0,7.6,0,2.6,0,0.7,1001.1,9.465
06-Nov-22,0,13.9,0,8.2,0,1.6,0,1.2,990.8,9.26
07-Nov-22,0,15.9,0,8.6,0,3,0,0.9,982.6,10.17
08-Nov-22,0,13.1,0,8.8,0,3.6,0,0.2,982.2,9.54
09-Nov-22,0,13.2,0,7.7,0,2.6,0,3,993.3,8.896
10-Nov-22,0,15.9,0,13.1,0,6.2,0,0,1002.3,11.122
11-Nov-22,0,17.3,0,14.1,0,13.2,0,2.3,1009.3,12.738
12-Nov-22,0,15.6,0,12.9,0,11,0,0.1,1012.5,12.533
13-Nov-22,0,16.6,0,11.2,0,9.6,0,3.4,1005.8,12.028
14-Nov-22,0,13.2,0,9.1,0,8.5,0,3.6,993.3,11.455
15-Nov-22,0,12.8,0,4.9,0,-0.3,0,1.9,983.1,9.645
16-Nov-22,0,11.5,0,1.8,0,-3,0,0.4,979.9,7.455
17-Nov-22,0,6.4,0,2.6,0,-1.4,0,0.1,985.3,7.49
18-Nov-22,0,9.2,0,3,0,1.5,0,0,998.7,7.004
19-Nov-22,0,9.2,0,-0.5,0,-6,0,1.5,1003.9,5.031
20-Nov-22,0,8.7,0,3.3,0,-1.8,0,0.3,998.6,5.291
21-Nov-22,0,10.5,0,2.1,0,-1.3,0,9.6,987.8,6.556
22-Nov-22,0,6.4,0,0.7,0,-2.7,0,0,982.2,5.329
23-Nov-22,0,10,0,2.5,0,-4.4,0,4,977.1,5.589
24-Nov-22,0,11,0,6.6,0,1.8,0,2.9,985.6,5.965
25-Nov-22,0,11,0,6.5,0,2.1,0,0.1,1001,5.707
26-Nov-22,0,14.6,0,10.9,0,5.1,0,0.2,1002.7,8.462
27-Nov-22,0,12.1,0,6.1,0,3.9,0,2.7,998.5,7.587
28-Nov-22,0,8,0,4,0,-0.2,0,0.5,1002.5,5.821
29-Nov-22,0,8.4,0,3.6,0,-1.3,0,0,1012.4,5.843
30-Nov-22,0,11.2,0,3.1,0,-1.6,0,0.1,1016.5,5.414
01-Dec-22,0,11.6,0,4.9,0,2.7,0,0,1020.7,7.087
02-Dec-22,0,11,0,3.5,0,-0.7,0,0,1020.6,6.498
03-Dec-22,0,8.9,0,3.6,0,2.2,0,1.7,1018.2,6.77
04-Dec-22,0,7.8,0,3.6,0,-0.1,0,13.2,1015,5.9
05-Dec-22,0,8,0,6.1,0,3.5,0,7.6,1019.6,6.161
06-Dec-22,0,6.6,0,3.2,0,-0.1,0,0.7,1022,5.768
07-Dec-22,0,4.6,0,-0.2,0,-2.9,0,0,1017.6,3.781
08-Dec-22,0,3,0,-1.9,0,-4.6,0,3.4,1009.8,2.397
09-Dec-22,0,0.2,0,-3.2,0,-7.9,0,0.8,1005.3,1.924
10-Dec-22,0,0.6,0,-0.9,0,-5.2,0,0,1003.4,1.881
11-Dec-22,0,1.2,0,-1.5,0,-5.9,0,2,1004,2.032
12-Dec-22,0,0.1,0,-2.4,0,-4.5,0,0,1002.2,2.418
13-Dec-22,0,4.2,0,-2.7,0,-5.4,0,0,1001.7,2.082
14-Dec-22,0,4,0,-2.8,0,-4.8,0,0,1004.6,1.965
15-Dec-22,0,1.4,0,-3.9,0,-8.6,0,0,1009.8,1.391
16-Dec-22,0,3,0,-3.7,0,-9.4,0,0.2,1010.6,0.985
17-Dec-22,0,5.5,0,-1,0,-9.1,0,0,1009.4,0.831
18-Dec-22,0,13.8,0,0.5,0,-6.4,0,0.2,997.6,0.884
19-Dec-22,0,15,0,6.8,0,4.2,0,1.5,986.3,5.828
20-Dec-22,0,8.7,0,5.9,0,1.7,0,0.1,993.2,3.965
21-Dec-22,0,8.3,0,3.2,0,1.8,0,0,993.3,3.016
22-Dec-22,0,7,0,0.4,0,-1.6,0,2.9,996.2,3.675
23-Dec-22,0,9.8,0,-0.5,0,-3.2,0,13.2,992.9,4.446
24-Dec-22,0,11.9,0,5.6,0,0.3,0,12.8,994.4,4.544
25-Dec-22,0,10.6,0,1.8,0,2.4,0,8.9,997,4.678
26-Dec-22,0,5.3,0,1.4,0,-1.2,0,0,1007.5,2.819
27-Dec-22,0,11.6,0,1.3,0,-3.7,0,1,1005.5,3.765
28-Dec-22,0,11.7,0,4.1,0,0.2,0,5,988,5.114
29-Dec-22,0,9.7,0,4.7,0,2.6,0,1,987.2,4.336
30-Dec-22,0,11.4,0,6.9,0,2,0,3.1,979.5,5.736
31-Dec-22,0,10.2,0,5.7,0,3.1,0,2.1,987.2,5.831
01-Jan-23,0,6.8,0,1.8,0,-2.5,0,0.9,996.1,5.1
02-Jan-23,0,6.9,0,0.2,0,-3.1,0,0,1007.2,3.365
03-Jan-23,0,13.4,0,5.9,0,-4.6,0,2,1001,5.185
04-Jan-23,0,12.6,0,9.1,0,7.6,0,0.4,1003.5,7.583
05-Jan-23,0,12.9,0,6.9,0,5.4,0,3.3,1005,7.691
06-Jan-23,0,11.7,0,5.7,0,1.5,0,2.2,995.2,6.095
07-Jan-23,0,10.6,0,5.3,0,1,0,2.8,982.2,6.232
08-Jan-23,0,7.7,0,4.9,0,0.8,0,0,978.6,4.876
09-Jan-23,0,8,0,3.8,0,0.9,0,0.9,992.6,4.086
10-Jan-23,0,13.8,0,5.7,0,1.4,0,8.5,992,6.232
11-Jan-23,0,11.7,0,5.6,0,3.1,0,5.7,990.8,5.472
12-Jan-23,0,11.9,0,5.7,0,4.1,0,3.3,988.5,6.619
13-Jan-23,0,9.8,0,6.2,0,3.8,0,2.1,996.9,5.668
14-Jan-23,0,9.3,0,2.2,0,3.5,0,5.1,989.3,5.619
15-Jan-23,0,5.4,0,1.5,0,0.4,0,2.6,988.9,4.098
16-Jan-23,0,2.6,0,-3,0,-6.5,0,0,985.9,2.731
17-Jan-23,0,2,0,-3.9,0,-9.4,0,0,986.5,1.593
18-Jan-23,0,4,0,0,0,-7,0,0,995.9,1.291
19-Jan-23,0,4,0,-1.3,0,-6.9,0,0,1005.7,1.193
20-Jan-23,0,8,0,-3.4,0,-8.8,0,0,1015.6,0.887
21-Jan-23,0,9.6,0,4.9,0,-7.6,0,0,1021.6,1.129
22-Jan-23,0,11.5,0,8.7,0,4.1,0,0.2,1022.8,4.851
23-Jan-23,0,12.2,0,4.7,0,5,0,0.4,1027.5,6.68
24-Jan-23,0,11.5,0,4.7,0,-1,0,0.1,1031.1,5.707
25-Jan-23,0,10.1,0,2.2,0,1.1,0,0.9,1028.7,6.649
26-Jan-23,0,8.2,0,2.6,0,-3.2,0,0,1031.1,5.099
27-Jan-23,0,7.5,0,0.5,0,-4,0,0,1028.5,4.308
28-Jan-23,0,7.3,0,2.7,0,-4.3,0,0.6,1025.9,4.657
29-Jan-23,0,10.2,0,4.2,0,1.1,0,0.2,1019.1,5.863
30-Jan-23,0,8.9,0,3.8,0,-0.3,0,0,1019.5,5.284
31-Jan-23,0,8.9,0,5.9,0,3.4,0,0.2,1017.4,5.677
01-Feb-23,0,10.3,0,5.7,0,3,0,0,1018.1,5.405
02-Feb-23,0,10.5,0,8.6,0,4.6,0,0.3,1018.3,7.061
03-Feb-23,0,12.3,0,7.2,0,7.1,0,0,1023.7,7.942
04-Feb-23,0,11.5,0,1.2,0,1.1,0,1,1033.3,7.703
05-Feb-23,0,9.4,0,-2.4,0,-7.5,0,0,1038.8,4.348
06-Feb-23,0,10.4,0,-1,0,-5.8,0,0,1033.3,4.074
07-Feb-23,0,10.5,0,2.5,0,-1.7,0,0,1030.3,4.949
08-Feb-23,0,9.9,0,2.4,0,-2.2,0,0.4,1023.9,4.648
09-Feb-23,0,8.4,0,1.1,0,-3.4,0,0,1026,4.413
10-Feb-23,0,12,0,4.2,0,-1.7,0,0,1027.4,5.799
11-Feb-23,0,11.2,0,7.8,0,5.2,0,0.1,1029.3,7.27
12-Feb-23,0,11.5,0,4.2,0,6,0,0,1027.7,7.292
13-Feb-23,0,12.4,0,0.5,0,-3.9,0,0,1022.8,5.26
14-Feb-23,0,15.9,0,4.8,0,-3,0,0,1016.9,6.16
15-Feb-23,0,10.6,0,5.5,0,3.7,0,5.4,1010.2,7.003
16-Feb-23,0,13.4,0,7.9,0,4.5,0,0.4,1008.2,8.512
17-Feb-23,0,13.3,0,10.8,0,9.1,0,0.6,1010.6,9.773
18-Feb-23,0,11.9,0,8.9,0,8.2,0,0.8,1014.6,9.472
19-Feb-23,0,12.3,0,7.2,0,4.6,0,0,1018.2,8.892
20-Feb-23,0,12.7,0,6.7,0,8,0,0,1014.1,9.267
21-Feb-23,0,12.7,0,7.6,0,1.9,0,1.1,1008.1,9.345
22-Feb-23,0,8.2,0,3.4,0,2.2,0,1.2,1010.2,8.229
23-Feb-23,0,9.5,0,-0.1,0,-4.9,0,0,1018.3,6.211
24-Feb-23,0,11.1,0,2.5,0,-0.6,0,0,1013.2,7.179
25-Feb-23,0,7.2,0,1.1,0,-2.9,0,0,1017.5,5.729
26-Feb-23,0,8.9,0,5.2,0,3.2,0,0,1024.7,6.145
27-Feb-23,0,7.9,0,5.9,0,2,0,0,1029.8,6.364
28-Feb-23,0,7.4,0,4.1,0,1.9,0,0.9,1032.3,6.81
01-Mar-23,0,8.8,0,5.4,0,4.6,0,0,1028.4,7.099
02-Mar-23,0,8,0,4.8,0,1.3,0,1.6,1023.3,7.089
03-Mar-23,0,7.4,0,4.7,0,3.6,0,0.2,1026.3,6.998
04-Mar-23,0,5.7,0,3.5,0,3.2,0,0,1025.1,6.67
05-Mar-23,0,10.3,0,2.7,0,1.8,0,0,1014.5,6.74
06-Mar-23,0,7.7,0,2.4,0,3.5,0,6.5,1002.2,7.109
07-Mar-23,0,6.9,0,-1.5,0,-4.1,0,0,994.4,6.042
08-Mar-23,0,5.5,0,0.9,0,-5,0,0.7,987.9,5.009
09-Mar-23,0,3.7,0,1.2,0,1.4,0,30.3,983.2,4.69
10-Mar-23,0,7.5,0,-1.5,0,-3.4,0,7.4,995,4.285
11-Mar-23,0,10,0,-0.8,0,-5,0,9.4,997.8,4.431
12-Mar-23,0,13.4,0,7.8,0,3.1,0,2.1,987.3,7.387
13-Mar-23,0,15.2,0,2.6,0,8.2,0,9.2,979.2,9.203
14-Mar-23,0,7.3,0,-0.7,0,-1.7,0,1.3,998.1,6.911
15-Mar-23,0,10.9,0,-1,0,-4.8,0,6.4,1000.8,5.608
16-Mar-23,0,15.2,0,8.5,0,3.8,0,1,990.7,9.062
17-Mar-23,0,13.8,0,7.3,0,3.3,0,0.6,991.9,8.773
18-Mar-23,0,11.6,0,4.3,0,2.1,0,1.3,1001.2,9.145
19-Mar-23,0,11.2,0,1.9,0,-0.2,0,2.2,1008.5,7.795
20-Mar-23,0,16,0,10.2,0,6.1,0,1.2,1001.8,10.145
21-Mar-23,0,13.8,0,9.5,0,7.2,0,2.9,989.1,10.943
22-Mar-23,0,13.5,0,6.3,0,3.9,0,1.1,982.4,10.642
23-Mar-23,0,14.1,0,6.4,0,3.7,0,3.2,980.1,10.377
24-Mar-23,0,13.5,0,6.8,0,4.4,0,0.8,983.8,10.085
25-Mar-23,0,12.8,0,5.7,0,4.5,0,0.9,992.6,10.465
26-Mar-23,0,10.1,0,0.6,0,2,0,0.3,1006,10.062
27-Mar-23,0,10.6,0,-1.6,0,-5.8,0,0,1015.4,8.402
28-Mar-23,0,15.7,0,7.7,0,5.3,0,2.1,1005.3,10.363
29-Mar-23,0,17.1,0,10.2,0,7.9,0,3.3,994.3,11.712
30-Mar-23,0,16.7,0,7.9,0,3.4,0,5.9,985.6,12.092
31-Mar-23,0,12,0,8.9,0,7.9,0,19.4,987.4,11.753
01-Apr-23,0,12.1,0,7.8,0,8.1,0,10.3,1007.1,11.75
02-Apr-23,0,12.1,0,6.2,0,6.1,0,0.2,1020.9,11.77
03-Apr-23,0,12.5,0,4.4,0,0.7,0,0,1021.5,10.512
04-Apr-23,0,14.4,0,5.4,0,0,0,2.1,1016.4,10.905
05-Apr-23,0,15.2,0,8.6,0,8.4,0,0.4,1010,12.455
06-Apr-23,0,14,0,3.2,0,2.9,0,0.8,1011.2,12.55
07-Apr-23,0,14,0,1.4,0,-3.3,0,0,1015.1,10.065
08-Apr-23,0,15,0,3.7,0,-1.6,0,0,1015.6,10.348
09-Apr-23,0,13.2,0,8.8,0,6.3,0,0.8,1006.8,10.398
10-Apr-23,0,11.4,0,5,0,1.5,0,3.8,999.8,10.82
11-Apr-23,0,10.8,0,3.1,0,0.3,0,6.4,992,8.733
12-Apr-23,0,7.5,0,2.4,0,-0.7,0,5.3,982.4,7.791
13-Apr-23,0,13.3,0,3.2,0,-0.2,0,0,993.6,9.318
14-Apr-23,0,13.9,0,1.1,0,-2.9,0,0,1001.3,10.288
15-Apr-23,0,13.7,0,2.3,0,-2.7,0,4.5,1011.8,10.601
16-Apr-23,0,18.9,0,7.9,0,7.5,0,1.5,1016.5,13.225
17-Apr-23,0,17.9,0,8,0,3.5,0,0,1021.3,13.587
18-Apr-23,0,12.5,0,9.6,0,8.1,0,0,1023.9,13.66
19-Apr-23,0,12.2,0,7.7,0,6.3,0,0,1021.5,10.975
20-Apr-23,0,12.8,0,7.1,0,5.1,0,0,1018.1,11.453
21-Apr-23,0,15.2,0,8.2,0,6.6,0,0,1009.8,11.472
22-Apr-23,0,9.7,0,6.2,0,7.9,0,7.8,999.8,10.845
23-Apr-23,0,12.6,0,5,0,4.6,0,1.2,999.2,11.533
24-Apr-23,0,9.1,0,1.9,0,2.4,0,10.8,1007.5,10.693
25-Apr-23,0,11.6,0,0.5,0,-2.6,0,0.2,1012.7,10.425
26-Apr-23,0,13.4,0,5.7,0,3.5,0,0,1010.8,11.755
27-Apr-23,0,12.9,0,9,0,8.1,0,0,1005.3,12.243
28-Apr-23,0,17.3,0,7.9,0,9.4,0,0.4,1006.5,13.823
29-Apr-23,0,18.3,0,6.9,0,3.2,0,7.3,1012.5,14.623
30-Apr-23,0,18.1,0,11,0,9.6,0,12.6,1011.1,15.99
01-May-23,0,17.9,0,7.5,0,8.8,0,0.2,1014.5,16.51
02-May-23,0,18.5,0,7.5,0,3.5,0,0,1018.2,15.833
03-May-23,0,16.6,0,10,0,7,0,0,1015.3,15.415
04-May-23,0,14.4,0,9.5,0,5.7,0,6.3,1005.3,13.783
05-May-23,0,19.7,0,10.2,0,10,0,0,1000.9,16.243
06-May-23,0,17.3,0,8.6,0,5.8,0,0,1005.6,15.365
07-May-23,0,19.3,0,8.3,0,4.5,0,2.8,1008.4,16.195
08-May-23,0,20.2,0,10.3,0,12.7,0,7.7,1006.3,17.532
09-May-23,0,17.5,0,8.5,0,4.2,0,1.8,1005,16.745
10-May-23,0,16.5,0,10,0,5,0,2.2,1005.8,16.32
11-May-23,0,14.9,0,6.9,0,6.8,0,6.4,1013.1,15.292
12-May-23,0,16.4,0,5.6,0,2,0,0,1021.5,14.667
13-May-23,0,16.8,0,5.8,0,1.5,0,0,1020.9,15.605
14-May-23,0,16.7,0,5.4,0,6,0,0.4,1015.9,15.222
15-May-23,0,15.8,0,3.7,0,-0.4,0,0,1019.8,14.182
16-May-23,0,18.8,0,3.9,0,0,0,0,1022.6,14.998
17-May-23,0,20.1,0,6.1,0,2.4,0,0,1023.1,16.44
18-May-23,0,18.5,0,9.4,0,7,0,0,1022.2,17.153
19-May-23,0,17.1,0,8.6,0,6.1,0,0.1,1024.2,16.87
20-May-23,0,16,0,11.2,0,10.3,0,0,1022.4,16.208
21-May-23,0,17.8,0,9.7,0,7,0,0,1019.3,16.485
22-May-23,0,17.2,0,8.8,0,9.8,0,0,1022,17.715
23-May-23,0,19.3,0,7.5,0,4.6,0,0,1023.6,18.472
24-May-23,0,18.1,0,7.4,0,2.9,0,0,1024.2,18.523
25-May-23,0,20.3,0,9.2,0,4.9,0,0,1026.6,20.59
26-May-23,0,18.8,0,9.3,0,6.5,0,0,1027,21.04
27-May-23,0,20.5,0,8.1,0,3.9,0,0,1022.3,20.677
28-May-23,0,16,0,10.9,0,11,0,0,1022.1,21.188
29-May-23,0,17.1,0,6.7,0,2.3,0,0,1024.3,20.682
30-May-23,0,18.2,0,7.8,0,2.7,0,0,1026,21.125
31-May-23,0,16.3,0,7.5,0,3,0,0,1023.5,19.967
01-Jun-23,0,16.5,0,7.6,0,2.3,0,0,1021.7,20.26
02-Jun-23,0,15.7,0,7.2,0,7.7,0,0,1021,20.52
03-Jun-23,0,19.3,0,6.4,0,1.4,0,0,1019.8,21.13
04-Jun-23,0,19.5,0,7.1,0,2.4,0,0,1020.1,21.695
05-Jun-23,0,19.5,0,8.9,0,3.3,0,0,1019.9,22.287
06-Jun-23,0,16.9,0,8,0,3.8,0,0,1019.2,20.978
07-Jun-23,0,14.9,0,6.7,0,1.8,0,0,1016.8,18.94
08-Jun-23,0,15.8,0,7.6,0,2.5,0,0,1012.5,17.812
09-Jun-23,0,18.7,0,10.2,0,5.1,0,0,1008.9,20.062
10-Jun-23,0,19.5,0,11.1,0,7.4,0,0.9,1007.8,20.065
11-Jun-23,0,23.2,0,14.9,0,12.7,0,0,1009.6,21.493
12-Jun-23,0,21.8,0,14.3,0,10.4,0,0.9,1010.8,20.683
13-Jun-23,0,25.2,0,14.4,0,12.8,0,4.3,1010.5,22.855
14-Jun-23,0,21.8,0,11.5,0,9.1,0,0,1012.7,23.298
15-Jun-23,0,23.4,0,9.3,0,4.8,0,0,1014.3,22.798
16-Jun-23,0,22,0,11.4,0,7.5,0,11.7,1011.6,20.48
17-Jun-23,0,20.3,0,14.2,0,13.4,0,5.8,1007,20.1
18-Jun-23,0,22.2,0,14.7,0,12.5,0,0.8,1002.1,20.865
19-Jun-23,0,22.6,0,13.5,0,10.5,0,0,1000.8,21.222
20-Jun-23,0,19.7,0,12.6,0,8.8,0,17.7,1002.2,19.818
21-Jun-23,0,23.8,0,12.3,0,9.1,0,0,1008.3,20.735
22-Jun-23,0,21,0,9.7,0,6.1,0,0,1014,20.892
23-Jun-23,0,22.2,0,16.8,0,13.3,0,0.3,1012.8,20.21
24-Jun-23,0,25.2,0,17.8,0,15.8,0,0,1010.5,22.423
25-Jun-23,0,21.5,0,11.8,0,14.8,0,3.9,1006.5,20.987
26-Jun-23,0,20.9,0,11.2,0,6.6,0,0.1,1012.3,20.233
27-Jun-23,0,23.2,0,14.6,0,13.6,0,0.3,1011,20.388
28-Jun-23,0,21,0,13.1,0,14.1,0,2.4,1010.2,20.917
29-Jun-23,0,19.7,0,9.5,0,5.1,0,0,1010.7,19.875
30-Jun-23,0,17.9,0,13.1,0,12,0,1.8,1002.4,18.983
01-Jul-23,0,20.2,0,10.9,0,11.3,0,0,1002.5,20.097
02-Jul-23,0,18.9,0,10,0,4.9,0,0.1,1004.9,19.505
03-Jul-23,0,18.8,0,8.9,0,4.2,0,11.6,1003.2,19.135
04-Jul-23,0,20,0,8.8,0,4.8,0,2.2,1002.1,19.315
05-Jul-23,0,19,0,8.8,0,4.6,0,0.7,1005.1,19.315
06-Jul-23,0,18.2,0,12.1,0,10,0,1.4,1002.4,17.767
07-Jul-23,0,22.2,0,15.6,0,14.4,0,0,1002.2,18.48
08-Jul-23,0,22.3,0,13.5,0,12.6,0,0,1004,20.735
09-Jul-23,0,22.5,0,11.5,0,6.8,0,0.3,1009,21.105
10-Jul-23,0,17.6,0,13.4,0,7.5,0,17,1005.5,19.19
11-Jul-23,0,20.9,0,13,0,10,0,0.7,1001.3,19.897
12-Jul-23,0,21,0,11.1,0,9.9,0,1.6,1004.2,19.558
13-Jul-23,0,20.4,0,10.9,0,6.4,0,1.7,1007,19.37
14-Jul-23,0,18.2,0,12.3,0,9.5,0,15.6,993.9,17.352
15-Jul-23,0,15.8,0,13.1,0,12.3,0,11.2,987.5,16.718
16-Jul-23,0,19.5,0,11.3,0,10.8,0,6.9,999.1,18.208
17-Jul-23,0,20,0,11.1,0,8,0,0,1009,18.925
18-Jul-23,0,18.5,0,12.4,0,10.1,0,12.2,1009.7,18.247
19-Jul-23,0,18.5,0,12.4,0,8.5,0,0.6,1011.8,18.658
20-Jul-23,0,19.5,0,11.4,0,9.4,0,0.5,1011.7,18.575
21-Jul-23,0,18.9,0,10.6,0,8.1,0,4.9,1007.2,18.267
22-Jul-23,0,20,0,13.4,0,12.7,0,36,998,18.65
23-Jul-23,0,16,0,12.2,0,14.7,0,4.9,997.3,18.038
24-Jul-23,0,18.8,0,9.8,0,5.9,0,0,1004.5,17.612
25-Jul-23,0,20,0,7.3,0,2.7,0,0,1006.6,17.87
26-Jul-23,0,17.8,0,9.8,0,5.2,0,8,999.5,16.868
27-Jul-23,0,23.5,0,15,0,15.1,0,0.4,995.1,19.625
28-Jul-23,0,21.1,0,12.8,0,11,0,0.4,995.7,19.517
29-Jul-23,0,20.5,0,12,0,8.7,0,3.2,996.5,18.955
30-Jul-23,0,18.1,0,13.1,0,11.6,0,2.6,998.8,18.438
31-Jul-23,0,18.3,0,12.8,0,15,0,4.4,994.8,18.73
01-Aug-23,0,20.3,0,11.9,0,9,0,9.8,989,18.673
02-Aug-23,0,17.8,0,13.2,0,13.2,0,7.4,986.8,17.13
03-Aug-23,0,20,0,11.5,0,7.3,0,0.8,1005.4,17.3
04-Aug-23,0,18.1,0,8.7,0,3.9,0,3.2,1010.9,17.253
05-Aug-23,0,18.1,0,9.7,0,10.5,0,44.8,1004.3,16.715
06-Aug-23,0,20,0,8.7,0,4.9,0,1.8,1014.6,17.493
07-Aug-23,0,19.2,0,8.7,0,4.6,0,0,1013.6,17.452
08-Aug-23,0,19.7,0,10.4,0,6.7,0,0.3,1009.6,17.75
09-Aug-23,0,24,0,12.5,0,8.5,0,0,1010.1,19.405
10-Aug-23,0,23.8,0,14.2,0,11.1,0,0,1008,20.46
11-Aug-23,0,22.1,0,14.3,0,9.8,0,0,1003.9,19.72
12-Aug-23,0,20.9,0,14.8,0,14.4,0,1,1000.6,19.36
13-Aug-23,0,20.9,0,13.7,0,10.9,0,0,1002.3,20.455
14-Aug-23,0,21.2,0,12.5,0,9.5,0,0,1003.3,19.978
15-Aug-23,0,22,0,12.8,0,8.4,0,0,1010.8,20.485
16-Aug-23,0,18.8,0,10.4,0,6.1,0,0,1016,19.075
17-Aug-23,0,21.5,0,11.2,0,6.5,0,0,1011.9,19.345
18-Aug-23,0,18.3,0,15.2,0,15,0,21.4,998.1,18.283
19-Aug-23,0,21.8,0,15.7,0,15.4,0,1.9,994.7,19.58
20-Aug-23,0,22.6,0,14.4,0,11.5,0,0,1010.2,19.355
21-Aug-23,0,22.9,0,16,0,13.2,0,0,1010.6,19.307
22-Aug-23,0,20.9,0,12,0,13.4,0,0.4,1011.4,19.045
23-Aug-23,0,20.5,0,11.5,0,8.8,0,0.4,1011.8,18.413
24-Aug-23,0,19.3,0,10.8,0,7.4,0,0,1007.8,18.505
25-Aug-23,0,19.4,0,11.9,0,10.1,0,8.3,1003.9,18.557
26-Aug-23,0,19.8,0,11.2,0,9.6,0,3.9,1005.3,17.983
27-Aug-23,0,19.2,0,10,0,10.4,0,2,1008.6,17.507
28-Aug-23,0,18.6,0,9.7,0,6.3,0,0.2,1010.3,17.427
29-Aug-23,0,18.2,0,10.7,0,10.2,0,0,1007.1,17.76
30-Aug-23,0,18,0,9.8,0,5.5,0,0,1004.3,16.9
31-Aug-23,0,17.1,0,11.5,0,10.4,0,1.8,1001,16.942
01-Sep-23,0,19.9,0,13,0,13.6,0,0.3,1006.2,18.323
02-Sep-23,0,21.5,0,11.8,0,8,0,0,1015.8,18.097
03-Sep-23,0,24.2,0,10.4,0,6.2,0,0,1020.2,18.52
04-Sep-23,0,23.7,0,10,0,5.7,0,0,1016.8,18.733
05-Sep-23,0,22.1,0,14.8,0,10.6,0,0,1012.4,19.253
06-Sep-23,0,26.4,0,12.4,0,9,0,0,1012,20.32
07-Sep-23,0,25.3,0,15.3,0,12.6,0,0,1011.2,20.413
08-Sep-23,0,26.8,0,14.7,0,11.6,0,0,1010.3,21.283
09-Sep-23,0,26.1,0,16.4,0,12.6,0,0,1010.6,21.725
10-Sep-23,0,21,0,15.1,0,11.2,0,13.9,1007.9,19.962
11-Sep-23,0,18.4,0,12.9,0,15.3,0,8.5,1006.9,18.923
12-Sep-23,0,17.8,0,7.7,0,10.3,0,0.2,1013,17.562
13-Sep-23,0,17.4,0,5.9,0,1.1,0,0.8,1013.9,14.99
14-Sep-23,0,18.5,0,11.2,0,5.3,0,4.6,1012.1,16.302
15-Sep-23,0,12.2,0,10.8,0,11.2,0,26.6,1010.1,14.825
16-Sep-23,0,15.3,0,10.6,0,10.4,0,1.8,1011.4,13.875
17-Sep-23,0,15.6,0,14.4,0,11.8,0,21,1002.6,15.417
18-Sep-23,0,16.1,0,10.6,0,9.9,0,1,995,16.175
19-Sep-23,0,20,0,11.4,0,8.1,0,9.6,988.8,16.317
20-Sep-23,0,17.7,0,8.5,0,10.2,0,1.4,982,16.648
21-Sep-23,0,17,0,5.8,0,1.7,0,0.1,988.6,14.628
22-Sep-23,0,15.7,0,6,0,4.6,0,0.1,999.1,14.153
23-Sep-23,0,17.3,0,4.3,0,-0.9,0,0.1,1004.4,12.837
24-Sep-23,0,20.4,0,13.7,0,11.8,0,1.7,997.2,15.095
25-Sep-23,0,19.6,0,13.7,0,10.3,0,0,1003.9,14.852
26-Sep-23,0,18.8,0,8.5,0,9.2,0,2.8,1004.5,15.265
27-Sep-23,0,18,0,9.2,0,3.6,0,11.2,994,14.155
28-Sep-23,0,16.2,0,10.3,0,9,0,0.8,998.8,13.682
29-Sep-23,0,18.1,0,9.1,0,5.1,0,0.1,1010.1,13.443
30-Sep-23,0,17.4,0,8,0,3.6,0,11.6,1011.3,12.688
01-Oct-23,0,19.6,0,9.8,0,10.5,0,0.6,1009.3,15.26
02-Oct-23,0,14.8,0,8.5,0,3.4,0,0,1009.4,12.618
03-Oct-23,0,17.2,0,9.4,0,3,0,0.1,1012.1,12.6
04-Oct-23,0,16.5,0,10.9,0,6.4,0,0,1015.2,13.057
05-Oct-23,0,17.8,0,12.9,0,11.7,0,3.6,1010.8,14.405
06-Oct-23,0,21.2,0,15.2,0,13.4,0,0.1,1010.9,16.432
07-Oct-23,0,21.8,0,14.5,0,13,0,0,1013,16.11
08-Oct-23,0,21.6,0,11.6,0,7.7,0,0,1015.9,15.955
09-Oct-23,0,23.4,0,13.1,0,8.9,0,0,1014.2,16.555
10-Oct-23,0,21.7,0,13.7,0,9.8,0,0,1007.6,16.62
11-Oct-23,0,16,0,5.4,0,10.1,0,7.8,1005.3,14.375
12-Oct-23,0,13.4,0,3.4,0,-0.8,0,0,1002.9,11.577
13-Oct-23,0,13.9,0,6.3,0,8.5,0,2.9,999.4,12.948
14-Oct-23,0,11.7,0,2.6,0,0.3,0,0.1,1013.6,9.867
15-Oct-23,0,11.3,0,1,0,-3.9,0,0,1020.5,8.439
16-Oct-23,0,13.1,0,4.5,0,0.9,0,0,1014.7,9.398
17-Oct-23,0,13.2,0,10.3,0,1,0,10.1,1004.1,9.823
18-Oct-23,0,13.9,0,10.6,0,9.3,0,22,986.7,11.57
19-Oct-23,0,18.2,0,12.5,0,12.1,0,16.6,973,13.708
20-Oct-23,0,13.9,0,9.5,0,8.5,0,31,976,12.28
21-Oct-23,0,11.5,0,5.2,0,5.7,0,2.5,984.7,10.807
22-Oct-23,0,14.4,0,2.3,0,-2,0,0.1,995.6,8.497
23-Oct-23,0,14.6,0,9.9,0,1.1,0,10,996.6,10.587
24-Oct-23,0,13.8,0,6.5,0,7.4,0,5.5,992.4,10.903
25-Oct-23,0,13.3,0,4.6,0,0.7,0,2.7,988.8,9.567
26-Oct-23,0,16.2,0,6.9,0,3.1,0,0.3,981.6,10.868
27-Oct-23,0,14.3,0,4.8,0,0.4,0,1,978.4,9.544
28-Oct-23,0,15.1,0,8.2,0,3.6,0,5.3,974.2,10.417
29-Oct-23,0,12.7,0,4.4,0,0.4,0,3.4,976.3,9.998
30-Oct-23,0,12.3,0,2.8,0,-0.8,0,3,984.4,8.504
31-Oct-23,0,13,0,7.2,0,2.9,0,2.7,987.3,10.278
01-Nov-23,0,13,0,3.7,0,5.9,0,2.3,974.5,10.4
02-Nov-23,0,10.5,0,4.5,0,-0.9,0,1.7,968.1,8.424
03-Nov-23,0,11.6,0,4.3,0,0.2,0,0.1,975,8.529
04-Nov-23,0,10.9,0,4.9,0,0.5,0,12.3,965.8,8.258
05-Nov-23,0,12,0,5.4,0,1.5,0,0.4,975.9,8.327
06-Nov-23,0,11.5,0,6.1,0,2.2,0,0.1,990.1,7.344
07-Nov-23,0,11.6,0,6.6,0,3.9,0,0.1,999.3,7.465
08-Nov-23,0,12.2,0,4.3,0,2.8,0,2.6,991.8,7.97
09-Nov-23,0,9.1,0,4.8,0,0.1,0,0.1,985.1,6.339
10-Nov-23,0,10.5,0,4.1,0,0.4,0,2.9,992.1,6.542
11-Nov-23,0,9.4,0,2.1,0,-2.3,0,0.2,999,4.983
12-Nov-23,0,13.5,0,8,0,-0.1,0,3.5,991.1,7.279
13-Nov-23,0,13.9,0,9.1,0,2.2,0,7.8,981.8,8.596
14-Nov-23,0,12.8,0,8.2,0,4.5,0,0,997.6,8.089
15-Nov-23,0,10.5,0,4,0,2.8,0,0,1008.1,6.425
16-Nov-23,0,10.3,0,4.1,0,-0.7,0,0.6,1008,6.285
17-Nov-23,0,11.3,0,5.1,0,0.4,0,5,1006.1,5.843
18-Nov-23,0,14.6,0,10.6,0,3.1,0,0.4,996.5,9.177
19-Nov-23,0,12.5,0,9,0,7.4,0,1.6,994.9,9.188
20-Nov-23,0,11.5,0,6.9,0,4.2,0,0.6,1008.5,8.887
21-Nov-23,0,9.5,0,3.3,0,-1.3,0,0,1022.1,6.609
22-Nov-23,0,11.8,0,8.7,0,0.8,0,0.4,1022.9,8.803
23-Nov-23,0,13.2,0,8.3,0,9,0,0.2,1020.2,9.977
24-Nov-23,0,9.1,0,1.3,0,2,0,0,1020.9,7.975
25-Nov-23,0,7.4,0,-1,0,-5.6,0,0,1015.6,5.149
26-Nov-23,0,11,0,4.7,0,-3.1,0,3.8,1005.2,7.102
27-Nov-23,0,9.1,0,2.9,0,7.1,0,0.3,1002.1,7.468
28-Nov-23,0,6.9,0,1.6,0,-2.3,0,0,1005.6,5.57
29-Nov-23,0,6.1,0,0.6,0,-2.2,0,1.4,1001.3,4.919
30-Nov-23,0,5.5,0,-1,0,-1.6,0,5,1001.1,3.619
01-Dec-23,0,3.2,0,-2.5,0,-7.5,0,0,1005.2,2.122
02-Dec-23,0,5.9,0,-2.5,0,-7.9,0,0.2,1005.5,1.697
03-Dec-23,0,6.2,0,0.3,0,-5.8,0,0.5,1000.9,2.198
04-Dec-23,0,5.5,0,2,0,0.9,0,0,999.6,3.573
05-Dec-23,0,6.4,0,1.7,0,1.6,0,0,1006.6,4.435
06-Dec-23,0,9.1,0,1.4,0,-3.1,0,1,1002.5,4.653
07-Dec-23,0,12.8,0,8.6,0,6.6,0,3.3,989.9,7.159
08-Dec-23,0,10.2,0,8.5,0,3.8,0,0.2,988.7,6.601
09-Dec-23,0,12,0,6.7,0,6.3,0,10.2,986.9,7.332
10-Dec-23,0,10.9,0,6.6,0,2.9,0,8.4,987,6.412
11-Dec-23,0,10.6,0,6,0,2.6,0,7.3,993.8,6.423
12-Dec-23,0,9.3,0,4.1,0,-0.1,0,0.2,991.2,6.637
13-Dec-23,0,7.9,0,2.9,0,-1.9,0,0.1,1003,5.331
14-Dec-23,0,9.1,0,7.1,0,-2.4,0,0.1,1015.5,5.916
15-Dec-23,0,11.7,0,7.5,0,3.8,0,0,1025.4,7.005
16-Dec-23,0,12,0,8.3,0,2,0,0,1025.2,7.035
17-Dec-23,0,13.2,0,10.4,0,4.5,0,0.2,1019.9,8.521
18-Dec-23,0,13.9,0,9.2,0,9.7,0,0.9,1015.8,10.045
19-Dec-23,0,9.4,0,5.3,0,1.7,0,0.2,1015.7,7.593
20-Dec-23,0,11.3,0,6.8,0,0.7,0,0.6,1011.2,7.313
21-Dec-23,0,11.9,0,8.9,0,8.4,0,1.6,1006,8.877
22-Dec-23,0,10.9,0,9.2,0,7.1,0,0.7,1009.3,8.783
23-Dec-23,0,12.8,0,9.5,0,7.7,0,1.3,1003,9.108
24-Dec-23,0,13,0,9.1,0,9,0,2.4,995.2,10.158
25-Dec-23,0,9.9,0,6.8,0,6.3,0,1.2,997.6,8.279
26-Dec-23,0,8.3,0,3.4,0,-2,0,3.4,1005.4,5.846
27-Dec-23,0,13.9,0,5.9,0,-2,0,16.4,990.2,7.679
28-Dec-23,0,9.6,0,6.7,0,3.6,0,0.7,987.2,6.507
29-Dec-23,0,7,0,2.9,0,2.1,0,0,996.9,4.696
30-Dec-23,0,11,0,2.8,0,-1.5,0,4.6,987.1,4.958
31-Dec-23,0,8.5,0,5.9,0,2.2,0,3.1,979.4,5.336
01-Jan-24,0,10.9,0,2.9,0,-2.9,0,7,983.8,4.644
02-Jan-24,0,10.5,0,5.8,0,-2.8,0,7.4,975.1,6.506
03-Jan-24,0,8.5,0,5.8,0,0.1,0,0.2,983.6,5.864
04-Jan-24,0,7.6,0,2.1,0,-0.5,0,0.2,992.7,4.707
05-Jan-24,0,7.1,0,1.9,0,-3.7,0,0.2,1002.2,3.35
06-Jan-24,0,5.7,0,0.1,0,-3.6,0,0,1015,1.937
07-Jan-24,0,3.2,0,-1.7,0,-7,0,2,1024.5,1.555
08-Jan-24,0,5.7,0,0.8,0,-5.2,0,2.8,1028.9,2.086
09-Jan-24,0,5.5,0,4.1,0,1.6,0,0,1028.7,2.657
10-Jan-24,0,7.2,0,4.2,0,1.5,0,0.4,1029.8,3.463
11-Jan-24,0,8.1,0,6.1,0,1.8,0,0,1033.9,4.882
12-Jan-24,0,6.2,0,1.4,0,4.1,0,0,1032.2,4.963
13-Jan-24,0,4.5,0,1.2,0,0.6,0,0.4,1021.6,4.412
14-Jan-24,0,5.7,0,0.1,0,-4.4,0,0.1,1012.6,3.839
15-Jan-24,0,2.6,0,-2.2,0,-8.7,0,0,1009.4,1.958
16-Jan-24,0,4.7,0,-1,0,-7.6,0,0,1000.1,1.385
17-Jan-24,0,2.8,0,-3.9,0,-10.3,0,0,992.6,1.217
18-Jan-24,0,2.6,0,-4.1,0,-11.2,0,0,1004.3,0.546
19-Jan-24,0,6.8,0,-1.7,0,-9.7,0,0,1011,0.176
20-Jan-24,0,10.7,0,6.5,0,-6.7,0,5.2,1001.2,1.681
21-Jan-24,0,14.1,0,6.6,0,2.7,0,5.2,984.7,5.175
22-Jan-24,0,8.3,0,5.2,0,3.3,0,0.1,996.8,4.913
23-Jan-24,0,14.8,0,5.3,0,0.6,0,6.8,1002.8,5.925
24-Jan-24,0,10.6,0,4.1,0,4.8,0,0,1009.9,6.055
25-Jan-24,0,14.1,0,5.2,0,-1.6,0,3.1,1008.7,6.941
26-Jan-24,0,8.8,0,3.6,0,0.3,0,0.5,1012.5,5.54
27-Jan-24,0,11.6,0,6.7,0,1.1,0,0,1016.7,5.434
28-Jan-24,0,14.8,0,7.2,0,6.3,0,0.1,1007.6,7.547
29-Jan-24,0,7.2,0,2.2,0,3,0,15.8,1015.6,6.337
30-Jan-24,0,8.1,0,-0.2,0,-4.6,0,0,1021.9,3.433
31-Jan-24,0,11.3,0,3.7,0,-4.4,0,3.3,1017.5,4.438
01-Feb-24,0,10.1,0,2.8,0,-1.6,0,0,1025.2,4.345
02-Feb-24,0,13.2,0,10,0,-0.1,0,0.2,1020,7.631
03-Feb-24,0,11.7,0,8,0,7.5,0,0.7,1019.4,8.64
04-Feb-24,0,14.1,0,8.1,0,5.3,0,0.1,1016.4,8.611
05-Feb-24,0,12,0,9.3,0,7.9,0,0,1008,8.608
06-Feb-24,0,11.2,0,2.7,0,8.6,0,12.6,999.4,8.404
07-Feb-24,0,6.9,0,0.5,0,-4.7,0,0,998.6,5.656
08-Feb-24,0,8.1,0,2.7,0,-2.3,0,22.7,982.1,5.183
09-Feb-24,0,7,0,4.2,0,3,0,4.5,968.9,6.403
10-Feb-24,0,10.3,0,1.4,0,-4.3,0,0.1,975.7,5.369
11-Feb-24,0,9.2,0,2.4,0,-2.8,0,0.1,985.9,5.234
12-Feb-24,0,8.9,0,2.1,0,-3.2,0,0.7,995.8,4.245
13-Feb-24,0,9.7,0,3.1,0,-2.1,0,3.2,999.6,5.292
14-Feb-24,0,14,0,7.3,0,2.9,0,2.5,998.3,7.863
15-Feb-24,0,13.2,0,5.8,0,8.3,0,4.6,997.1,9.577
16-Feb-24,0,12,0,5.3,0,-0.9,0,0.5,1007.6,8.561
17-Feb-24,0,13.8,0,5.3,0,-0.8,0,1.6,1014.3,8.648
18-Feb-24,0,13.6,0,9.5,0,2.9,0,0.3,1019.3,9.59
19-Feb-24,0,12.1,0,8.1,0,4.7,0,0.7,1022.1,8.868
20-Feb-24,0,13.4,0,4.3,0,1.7,0,0.5,1012.9,8.153
21-Feb-24,0,13.9,0,7.8,0,-1.4,0,2.3,993.5,8.665
22-Feb-24,0,9.3,0,3.1,0,0.5,0,3,977.9,7.171
23-Feb-24,0,8.1,0,2.6,0,-0.8,0,0.6,978.4,5.234
24-Feb-24,0,8.7,0,0.9,0,-3.9,0,0.2,986.2,5.226
25-Feb-24,0,8,0,1.2,0,-3.8,0,4,994.8,5.229
26-Feb-24,0,9.8,0,0.4,0,-4.7,0,0,1010.8,5.043
27-Feb-24,0,11.5,0,0.3,0,-5.1,0,0.6,1012.8,5.989
28-Feb-24,0,13,0,3.7,0,-2.1,0,3.5,1004.5,7.328
29-Feb-24,0,9,0,1.2,0,1.5,0,1.1,991.2,6.894
01-Mar-24,0,4.5,0,0.3,0,-2.6,0,43.9,982,3.505
02-Mar-24,0,8,0,1.3,0,-2.4,0,0.1,988,4.03
03-Mar-24,0,9.1,0,1.5,0,-1,0,0.9,994.6,5.466
04-Mar-24,0,8,0,1,0,-3.2,0,6.7,993.7,5.224
05-Mar-24,0,12.1,0,2.5,0,1.8,0,2.2,1002,6.076
06-Mar-24,0,10.8,0,0.9,0,-3.6,0,0,1011.9,5.575
07-Mar-24,0,9.7,0,6.9,0,4.6,0,0,1011,7.03
08-Mar-24,0,7.8,0,5.2,0,2.7,0,0,1001.8,6.212
09-Mar-24,0,8.1,0,5.7,0,3.7,0,0.4,992.6,5.802
10-Mar-24,0,8.6,0,6.9,0,5.2,0,3.5,994.3,6.889
11-Mar-24,0,9.6,0,6.7,0,5.3,0,7.7,1000.8,7.66
12-Mar-24,0,15.1,0,6.7,0,3.5,0,0.2,996.8,9.292
13-Mar-24,0,12.5,0,7.8,0,9.2,0,11.2,996.4,10.33
14-Mar-24,0,15.2,0,7.4,0,6.5,0,8.3,991.9,10.47
15-Mar-24,0,13,0,2.3,0,6.8,0,0.3,998.3,10.205
16-Mar-24,0,13.4,0,1.2,0,-3.9,0,2.2,1006.8,7.977
17-Mar-24,0,15.3,0,7.3,0,1.9,0,0,1002.4,10.132
18-Mar-24,0,12.8,0,5.3,0,-2.1,0,0.8,999.7,9.002
19-Mar-24,0,13.3,0,8.3,0,2.6,0,0.5,1002.3,10.148
20-Mar-24,0,11.7,0,2.9,0,6,0,5.5,1013.5,9.958
21-Mar-24,0,13.6,0,3,0,-2.6,0,1.6,1015,9.15
22-Mar-24,0,12,0,3.8,0,1.3,0,0.2,1012.3,9.185
23-Mar-24,0,10.8,0,3.5,0,-0.3,0,0.9,1008.3,8.189
24-Mar-24,0,11,0,3.9,0,0.5,0,1.4,1001,8.681
25-Mar-24,0,10.9,0,7.5,0,5.5,0,2.6,988.9,9.448
26-Mar-24,0,9.7,0,6.3,0,5.7,0,5.2,978.5,8.805
27-Mar-24,0,9.3,0,1.4,0,1.7,0,0.9,966.4,8.111
28-Mar-24,0,10.4,0,1.5,0,-2.8,0,4.3,967.4,8.068
29-Mar-24,0,13.7,0,0.8,0,-4.1,0,0,975,7.992
30-Mar-24,0,12.9,0,3.6,0,-1.7,0,0.7,983.4,8.153
31-Mar-24,0,13.4,0,7.6,0,1.9,0,2,987.1,10.48
01-Apr-24,0,9.6,0,5.8,0,7.1,0,0.2,988.5,9.203
02-Apr-24,0,13.1,0,2.2,0,-2.2,0,0.5,992.5,9.496
03-Apr-24,0,12.8,0,7,0,6.8,0,9.2,991.2,10.747
04-Apr-24,0,11.7,0,7.6,0,5.7,0,6.2,989.3,10.505
05-Apr-24,0,17,0,10.8,0,7,0,0.8,986.5,12.512
06-Apr-24,0,15.6,0,9.1,0,9.9,0,1.3,980.9,12.635
07-Apr-24,0,14.4,0,6.8,0,4.5,0,1.8,989.5,10.962
08-Apr-24,0,10.3,0,5.6,0,0.1,0,15.8,993.3,9.688
09-Apr-24,0,12.9,0,5.2,0,3.3,0,0.9,1004.9,10.65
10-Apr-24,0,16.6,0,4.5,0,0.2,0,8,1010.5,10.885
11-Apr-24,0,17.4,0,12.9,0,11,0,2.3,1015.8,13.63
12-Apr-24,0,17.2,0,11.9,0,10.7,0,0,1015.3,14.055
13-Apr-24,0,15.8,0,6.3,0,8.2,0,0.2,1013.5,13.345
14-Apr-24,0,12.6,0,4.8,0,-0.2,0,1.2,1009.4,10.725
15-Apr-24,0,11.2,0,4.5,0,2,0,4.2,1003.6,11.28
16-Apr-24,0,13.7,0,4.8,0,3.5,0,1.7,1013.1,11.745
17-Apr-24,0,9,0,2.7,0,0.1,0,2.8,1015.1,9.681
18-Apr-24,0,13.4,0,3.3,0,-0.3,0,0.1,1016.4,10.072
19-Apr-24,0,14.8,0,3.4,0,8,0,0.3,1017.9,12.167
20-Apr-24,0,14.7,0,1.1,0,-1.3,0,0,1023.5,11.638
21-Apr-24,0,16.2,0,3.2,0,0.4,0,0,1026.1,12.812
22-Apr-24,0,12.8,0,3.9,0,1.3,0,0,1024.8,11.297
23-Apr-24,0,15.8,0,6.7,0,3.7,0,0,1020.5,13.1
24-Apr-24,0,10.8,0,3,0,0.3,0,0,1012.4,11.142
25-Apr-24,0,11.4,0,3.7,0,1,0,0.7,1001.8,10.78
26-Apr-24,0,10.7,0,1.8,0,-0.5,0,0,999.3,10.523
27-Apr-24,0,11.3,0,0.1,0,-2.2,0,0.1,1000.8,9.684
28-Apr-24,0,14.2,0,0.2,0,-2.7,0,0.9,1000.5,10.489
29-Apr-24,0,15.8,0,7.1,0,3.7,0,0.9,997.3,12.087
30-Apr-24,0,13.5,0,7.9,0,6.4,0,3.2,997.3,11.938
01-May-24,0,15,0,5.6,0,1.3,0,1,1003,12.405
02-May-24,0,17,0,7.4,0,8.4,0,4.4,1001.4,13.755
03-May-24,0,14.2,0,10.1,0,10.9,0,0.4,1001.6,13.93
04-May-24,0,13,0,9.8,0,10.2,0,0.4,1002.3,12.99
05-May-24,0,17.5,0,8,0,6.9,0,0,1001.5,15.738
06-May-24,0,14.2,0,10.8,0,10.4,0,0.6,1007.8,14.38
07-May-24,0,16.7,0,9.1,0,10.1,0,0,1017.3,15.032
08-May-24,0,19.1,0,9.3,0,7.8,0,0,1021.2,16.318
09-May-24,0,20,0,9.9,0,7.1,0,0,1019.8,17.645
10-May-24,0,24.2,0,10.5,0,7.9,0,0,1016.4,18.46
11-May-24,0,22.1,0,8.8,0,3.9,0,0,1012.5,18.108
12-May-24,0,21.4,0,10.8,0,6.4,0,1,1004,18.007
13-May-24,0,14.8,0,11.1,0,7.3,0,6.8,994.5,15.057
14-May-24,0,17.9,0,10.2,0,6.1,0,1.9,992.9,16.253
15-May-24,0,18.5,0,9.5,0,7.4,0,0.2,997.4,17.255
16-May-24,0,19.8,0,8.1,0,3.3,0,2.7,1000.9,17.638
17-May-24,0,17.7,0,12.2,0,10.1,0,0,1004.9,16.812
18-May-24,0,19.2,0,11.1,0,9.4,0,0,1010.7,16.202
19-May-24,0,20.6,0,7.3,0,2.5,0,0,1011.8,17.142
20-May-24,0,20.8,0,9.3,0,3.8,0,0,1009.1,18.24
21-May-24,0,18.1,0,9.6,0,5.5,0,0.4,1005.8,18.842
22-May-24,0,17.4,0,10.5,0,8.3,0,0,1006.3,17.632
23-May-24,0,14.3,0,9.2,0,8.6,0,0,1010,15.917
24-May-24,0,13.4,0,8.7,0,8.6,0,2,1011.6,15.137
25-May-24,0,16.2,0,10.1,0,8.9,0,2,1008,15.865
26-May-24,0,16.2,0,10.1,0,9.8,0,9,1002.9,15.458
27-May-24,0,17.3,0,8.1,0,4.5,0,1,1004.9,15.712
28-May-24,0,19.3,0,11.1,0,7.7,0,4.9,1001.5,16.362
29-May-24,0,17.7,0,10.9,0,9.8,0,2.9,1004.2,16.335
30-May-24,0,16.4,0,10.6,0,7.2,0,0.1,1012.3,15.67
31-May-24,0,18.5,0,7.9,0,3,0,0,1020.2,16.583
01-Jun-24,0,18.9,0,8.8,0,4.2,0,0,1024.2,17.103
02-Jun-24,0,20.9,0,7.7,0,2.6,0,0,1023.5,17.81
03-Jun-24,0,19.5,0,12.4,0,12.7,0,0,1015.9,18.347
04-Jun-24,0,16.9,0,6,0,12,0,1.4,1006,17.895
05-Jun-24,0,16.7,0,5.4,0,0.7,0,0,1008.9,16.835
06-Jun-24,0,16.9,0,5.4,0,0.6,0,0.1,1011.2,16.905
07-Jun-24,0,18.7,0,6.6,0,1.6,0,0,1010.2,17.468
08-Jun-24,0,17.9,0,8.6,0,8.4,0,0,1009.5,18.458
09-Jun-24,0,15,0,8.5,0,3.8,0,4.8,1008,17.18
10-Jun-24,0,16.9,0,5.8,0,1.4,0,0.8,1011.4,15.86
11-Jun-24,0,15.6,0,5.2,0,-0.2,0,0,1016.7,15.267
12-Jun-24,0,15.5,0,5.7,0,0.1,0,0,1013.1,15.795
13-Jun-24,0,18.6,0,9.8,0,3.8,0,1.8,999.1,15.288
14-Jun-24,0,17.8,0,8.4,0,7.4,0,6.8,990.4,16.685
15-Jun-24,0,16.8,0,7.7,0,4.8,0,2.2,991.3,16.66
16-Jun-24,0,19.9,0,6.5,0,0.9,0,1.4,996.9,16.613
17-Jun-24,0,18.6,0,8.6,0,3.9,0,0,1005.7,16.972
18-Jun-24,0,15.1,0,7.8,0,9.9,0,0,1014,16.385
19-Jun-24,0,18.9,0,4.5,0,-0.7,0,0,1017.2,17.085
20-Jun-24,0,22.3,0,9,0,3.3,0,0,1012.7,18.345
21-Jun-24,0,19.6,0,10.2,0,9.7,0,1.2,1004.3,18.712
22-Jun-24,0,20.9,0,7.5,0,1.8,0,0,1006.9,18.138
23-Jun-24,0,20,0,12.9,0,11.8,0,0,1012.1,20.47
24-Jun-24,0,26.6,0,15.1,0,9.4,0,0,1011.8,21.86
25-Jun-24,0,17.4,0,12.6,0,10.4,0,0.3,1012.3,19.885
26-Jun-24,0,24.6,0,11.4,0,8.3,0,0,1006.1,19.862
27-Jun-24,0,17.8,0,12.1,0,7.9,0,0.5,1000.9,19.55
28-Jun-24,0,18.4,0,10.6,0,7.6,0,0.1,1007,18.733
29-Jun-24,0,15.2,0,9,0,11.4,0,13.4,1008.8,17.942
30-Jun-24,0,18.6,0,8.5,0,4.4,0,0,1011.5,16.693
01-Jul-24,0,18,0,10.2,0,10.4,0,3.2,1014.8,16.845
02-Jul-24,0,17.6,0,8.3,0,3.3,0,0,1012.1,16.065
03-Jul-24,0,21.1,0,9.3,0,10.3,0,0,1002.4,17.56
04-Jul-24,0,18.6,0,8.4,0,4.1,0,0,1001.9,17.952
05-Jul-24,0,17.6,0,8.9,0,3.1,0,2.2,998.6,18.392
06-Jul-24,0,18.3,0,9.1,0,9.3,0,6.8,997.9,18.39
07-Jul-24,0,17.4,0,10.3,0,7.4,0,4.9,1003.2,17.837
08-Jul-24,0,18,0,7.9,0,4.4,0,0.1,1006.8,18.04
09-Jul-24,0,14.6,0,12.5,0,10.7,0,10,1002.6,16.605
10-Jul-24,0,16.3,0,11.6,0,12.1,0,3.6,1005.9,16.188
11-Jul-24,0,17.6,0,10.8,0,11.4,0,1.2,1014,16.278
12-Jul-24,0,17.6,0,10,0,7.6,0,0,1014.6,15.602
13-Jul-24,0,19.7,0,11.9,0,9.4,0,0.3,1010.1,17.247
14-Jul-24,0,19.7,0,11.8,0,11.1,0,0.3,1006,18.68
15-Jul-24,0,17.6,0,9.1,0,4.3,0,0,1002.8,17.653
16-Jul-24,0,20.8,0,12.9,0,10,0,0.1,1006.8,17.923
17-Jul-24,0,22.2,0,9.6,0,5.1,0,0,1012.2,18.952
18-Jul-24,0,20,0,14.6,0,13.1,0,0.3,1010.8,18.46
19-Jul-24,0,23,0,14,0,9.5,0,0,1006.4,19.532
20-Jul-24,0,18.9,0,9.1,0,12.5,0,3.1,1001.1,18.77
21-Jul-24,0,20.4,0,9.1,0,3.7,0,2.5,1003.7,17.317
22-Jul-24,0,21.8,0,14,0,13.1,0,5.3,1004.7,18.688
23-Jul-24,0,21,0,13.7,0,14.1,0,2.3,1011.9,19.362
24-Jul-24,0,20.8,0,13.9,0,10.2,0,0.5,1009.9,18.635
25-Jul-24,0,20,0,11.7,0,14.2,0,1.1,1002.1,18.778
26-Jul-24,0,20.6,0,11.1,0,7,0,0.6,1003.4,18.112
27-Jul-24,0,21.3,0,11.9,0,10.3,0,0.3,1010.3,19.11
28-Jul-24,0,23,0,10.2,0,5,0,0,1017.4,19.485
29-Jul-24,0,23.2,0,12.7,0,7.2,0,1.2,1014,19.567
30-Jul-24,0,20.9,0,11.9,0,8.1,0,0,1014.5,20.63
31-Jul-24,0,21.3,0,9.7,0,4.8,0,0,1011.3,20.54
01-Aug-24,0,23.8,0,13.3,0,10.4,0,0,1007.9,21.405
02-Aug-24,0,23,0,11,0,10.7,0,0,1003.5,20.98
03-Aug-24,0,19.8,0,8.6,0,3,0,0,1006,19.655
04-Aug-24,0,19.8,0,13.2,0,11.6,0,1.2,1003.5,18.722
05-Aug-24,0,23.2,0,11.2,0,15.3,0,2.1,998.8,19.438
06-Aug-24,0,21.4,0,9.2,0,4.1,0,0.8,1000,18.562
07-Aug-24,0,19.6,0,13.3,0,10.1,0,0.1,1002.5,18.69
08-Aug-24,0,21.9,0,12.2,0,7.5,0,0.4,1000.5,18.593
09-Aug-24,0,22.6,0,13,0,9.6,0,0,1005,19.638
10-Aug-24,0,23.9,0,11.7,0,10.7,0,0,1011.9,20.692
11-Aug-24,0,23,0,10.5,0,5.9,0,0.7,1008.2,20.455
12-Aug-24,0,22.6,0,15.8,0,15.4,0,0,999.6,21.413
13-Aug-24,0,22.7,0,11.4,0,10.4,0,0,1001.6,21.073
14-Aug-24,0,21.8,0,7.6,0,2.2,0,0,1007.5,20.057
15-Aug-24,0,21.1,0,9.7,0,14.5,0,2.7,1004.5,20.208
16-Aug-24,0,19.3,0,8.7,0,3.3,0,0,1009,18.522
17-Aug-24,0,19,0,12.1,0,6.3,0,0,1006.6,18.725
18-Aug-24,0,20.6,0,10.3,0,6.6,0,0,1008,18.673
19-Aug-24,0,22.1,0,10,0,5.9,0,0.1,1001.4,17.645
20-Aug-24,0,18.3,0,10.2,0,4.7,0,2.1,1002.8,17.737
21-Aug-24,0,19,0,10.5,0,5.1,0,0.3,1000.3,16.77
22-Aug-24,0,17.8,0,11.9,0,14,0,10.2,989.7,17.395
23-Aug-24,0,19.1,0,10.1,0,8.9,0,10.2,987.8,16.888
24-Aug-24,0,18.6,0,9.4,0,4.1,0,1.1,999.7,16.593
25-Aug-24,0,17.8,0,9.6,0,4.8,0,0.2,1005,15.615
26-Aug-24,0,19.3,0,13.2,0,10.5,0,0,1006.2,16.43
27-Aug-24,0,21.7,0,14.5,0,15.2,0,3.9,1002.9,17.445
28-Aug-24,0,21.1,0,11.2,0,8.2,0,0.6,1005,16.895
29-Aug-24,0,20.1,0,10.7,0,6.1,0,0.1,1011.7,16.575
30-Aug-24,0,18.6,0,6.7,0,3,0,0,1018.3,16.52
31-Aug-24,0,20.1,0,8.1,0,4.3,0,0,1016.7,16.468
01-Sep-24,0,19.4,0,9.8,0,6.4,0,0,1009.5,16.495
02-Sep-24,0,16.5,0,8.6,0,13.8,0,9.2,1006,16.737
03-Sep-24,0,17.8,0,6.6,0,3.5,0,0.3,1009.9,15.29
04-Sep-24,0,16.6,0,8.4,0,4.8,0,9.8,1014.2,15.255
05-Sep-24,0,17.4,0,9.6,0,6.8,0,0.2,1014.1,15.03
06-Sep-24,0,22.6,0,15.1,0,14.1,0,0,1008.7,16.913
07-Sep-24,0,22.2,0,12.3,0,10,0,0,1005.1,17.47
08-Sep-24,0,16.6,0,10.9,0,9.2,0,0,1004.1,16.257
09-Sep-24,0,18.1,0,9.9,0,7.4,0,0,1007.1,15.69
10-Sep-24,0,16.9,0,7.8,0,10.4,0,2.6,1002.6,15.888
11-Sep-24,0,16.3,0,6.6,0,3.6,0,0,1007.5,14.48
12-Sep-24,0,15.4,0,4.1,0,2.1,0,0,1016,13.835
13-Sep-24,0,16.1,0,2.2,0,0.5,0,0,1021.3,12.988
14-Sep-24,0,18.9,0,12.9,0,9.9,0,0.2,1018.2,14.528
15-Sep-24,0,18.5,0,8.1,0,12.4,0,1.7,1018.9,15.273
16-Sep-24,0,21.4,0,7.7,0,4.6,0,0,1023.7,14.753
17-Sep-24,0,20.5,0,7.7,0,5.4,0,0,1026.1,14.805
18-Sep-24,0,19.9,0,7.8,0,3.7,0,0,1024.2,14.855
19-Sep-24,0,19.5,0,8.5,0,5.4,0,0.1,1022,14.94
20-Sep-24,0,16.3,0,8.7,0,4.9,0,0,1019.4,14.3
21-Sep-24,0,16,0,14.4,0,13.2,0,1.9,1014.9,14.938
22-Sep-24,0,15.2,0,13.6,0,13.7,0,0,1008.8,14.837
23-Sep-24,0,14.2,0,11.3,0,12.8,0,0,1003.1,14.51
24-Sep-24,0,17.2,0,6.1,0,6.9,0,0,999.3,14.285
25-Sep-24,0,12.1,0,3.4,0,0.2,0,8,988.1,12.248
26-Sep-24,0,13.8,0,8.8,0,10.9,0,12.9,985.1,13.033
27-Sep-24,0,13.5,0,5.5,0,3.3,0,0.4,1004.6,11.997
28-Sep-24,0,14.6,0,4.6,0,0.4,0,0,1017.2,11.365
29-Sep-24,0,13.7,0,6.4,0,2.5,0,6.6,1006.2,11.425
30-Sep-24,0,13.7,0,8.4,0,10.5,0,5.3,1001.7,12.16
01-Oct-24,0,15.8,0,8.8,0,4,0,3.4,1009.7,12.37
02-Oct-24,0,15.5,0,11.8,0,10.6,0,0,1014.4,12.842
03-Oct-24,0,15.3,0,9.7,0,5.2,0,0,1014.4,12.485
04-Oct-24,0,16.6,0,13.3,0,8.4,0,0,1008.9,12.86
05-Oct-24,0,15.7,0,12.8,0,11.6,0,0.2,999.2,13.36
06-Oct-24,0,16.2,0,8.6,0,10.5,0,1.4,989.2,13.315
07-Oct-24,0,18.7,0,10,0,4.5,0,3.7,985.5,13.132
08-Oct-24,0,15.9,0,11.8,0,10,0,16.8,983.4,13.575
09-Oct-24,0,13,0,8.7,0,10.9,0,1.1,991,13.14
10-Oct-24,0,11.1,0,1.9,0,4.3,0,1.4,1003.5,11.828
11-Oct-24,0,12.5,0,1.2,0,-0.6,0,0,1008.1,9.832
12-Oct-24,0,12.9,0,2.7,0,0,0,0.1,1004.5,9.63
13-Oct-24,0,10.4,0,1.9,0,-0.2,0,0,1010.2,8.935
14-Oct-24,0,14.7,0,6.2,0,2.7,0,0,1007.8,9.765
15-Oct-24,0,16.1,0,10.3,0,2.2,0,0.8,1000.7,10.828
16-Oct-24,0,17.9,0,11.2,0,11.4,0,7.5,992.2,12.653
17-Oct-24,0,16.6,0,7.2,0,6.2,0,0.7,1000,12.27
18-Oct-24,0,17.5,0,7,0,4.4,0,3.8,1000,11.552
19-Oct-24,0,15.9,0,8.3,0,5.9,0,0.2,1001,11.337
20-Oct-24,0,16.1,0,11.4,0,7.6,0,2.1,992.5,11.83
21-Oct-24,0,15.1,0,9.2,0,7.5,0,0,1006.4,11.632
22-Oct-24,0,16.6,0,6.7,0,7.4,0,0,1017.9,11.462
23-Oct-24,0,15.6,0,5,0,3.7,0,0,1016.9,10.45
24-Oct-24,0,17.2,0,13.3,0,6.9,0,0,1005.4,11.578
25-Oct-24,0,15.3,0,7.6,0,10.8,0,2.6,1004.3,12.462
26-Oct-24,0,14,0,5.5,0,3.1,0,1,1009.5,11.105
27-Oct-24,0,14.8,0,2.5,0,0.3,0,3.1,1012.3,9.83
28-Oct-24,0,15.2,0,11.3,0,8.1,0,1.2,1012.5,11.695
29-Oct-24,0,12.5,0,9.9,0,8.8,0,0,1019.8,11.922
30-Oct-24,0,14.2,0,10.4,0,9.6,0,0,1023.2,12.097
31-Oct-24,0,11.9,0,10.3,0,10.6,0,0,1020.4,12.007
01-Nov-24,0,12.5,0,10.5,0,10.3,0,0,1020.6,11.85
02-Nov-24,0,12.3,0,10.5,0,10.8,0,0.3,1024,11.957
03-Nov-24,0,13.3,0,10.5,0,10.8,0,0.5,1021.8,11.92
04-Nov-24,0,13.4,0,9.2,0,11,0,0.3,1017.9,11.94
05-Nov-24,0,14.4,0,7.8,0,5.3,0,0,1015.2,11.555
06-Nov-24,0,19.2,0,12,0,8.7,0,0,1019.6,12.472
07-Nov-24,0,16,0,11.3,0,12.1,0,0,1020,12.823
08-Nov-24,0,14.3,0,11.1,0,7.1,0,0,1017.4,12.358
09-Nov-24,0,12.4,0,10.5,0,9.9,0,0.2,1016.3,12.175
10-Nov-24,0,14.9,0,6.2,0,9.3,0,1.8,1022.4,12.302
11-Nov-24,0,9.7,0,3.1,0,-1.1,0,0.1,1032,10.125
12-Nov-24,0,9.4,0,0.7,0,-2.7,0,0,1034.8,8.408
13-Nov-24,0,8.8,0,1.8,0,-1.6,0,0.2,1032.4,8.156
14-Nov-24,0,13.1,0,8.8,0,4.7,0,1.5,1028,9.738
15-Nov-24,0,13.5,0,10.9,0,10.1,0,1,1019.9,10.917
16-Nov-24,0,11,0,6.2,0,7.6,0,1.2,1013.9,10.898
17-Nov-24,0,10.3,0,6,0,2.1,0,3.3,1010.2,9.863
18-Nov-24,0,7.1,0,2.1,0,-1.7,0,13.8,1001.2,8.898
19-Nov-24,0,4.8,0,-1.1,0,2.2,0,12.2,999.2,7.73
20-Nov-24,0,5,0,-1.5,0,-5.8,0,0,1006.2,5.937
21-Nov-24,0,3.3,0,0.1,0,-3.5,0,0,999.6,5.576
22-Nov-24,0,4.7,0,-0.2,0,-3,0,0,1001.9,4.774
23-Nov-24,0,15.8,0,3.8,0,-2.3,0,17.2,984.9,6.742
24-Nov-24,0,15.2,0,8.5,0,5.9,0,1.8,974.9,8.568
25-Nov-24,0,8.5,0,3.2,0,3.4,0,0,990.4,7.319
26-Nov-24,0,8.8,0,-1.3,0,-5.5,0,0.2,1005.4,5.497
27-Nov-24,0,4.8,0,-2.4,0,-7.7,0,0,1012.9,3.924
28-Nov-24,0,12.2,0,-2.4,0,-8.1,0,0.8,1015.4,3.942
29-Nov-24,0,14.7,0,11.6,0,4.6,0,0.2,1009.5,7.165
30-Nov-24,0,16.2,0,11.8,0,6.9,0,0.5,1006.1,8.68
01-Dec-24,0,14,0,8.3,0,5.7,0,2.3,1001.5,9.425
02-Dec-24,0,8.5,0,-1,0,1,0,0.1,1009.8,7.952
03-Dec-24,0,8.7,0,-3.5,0,-9.1,0,0.8,1015.8,5.132
04-Dec-24,0,13.4,0,1.9,0,-6.1,0,2.8,1008.7,6.255
05-Dec-24,0,12.4,0,4.4,0,0,0,8.1,999.2,7.729
06-Dec-24,0,13.5,0,2.5,0,-2.5,0,2.9,993.2,6.593
07-Dec-24,0,10.5,0,4.5,0,1,0,7.8,997.7,7.06
08-Dec-24,0,7.6,0,3,0,-1.7,0,0,1026.9,5.539
09-Dec-24,0,7.2,0,4.1,0,-0.8,0,0.3,1034.5,5.865
10-Dec-24,0,8,0,4.1,0,-0.2,0,0,1032.8,6.044
11-Dec-24,0,6.9,0,5.3,0,4,0,0,1029.7,6.299
12-Dec-24,0,6.3,0,4.4,0,3.2,0,0,1026.2,6.368
13-Dec-24,0,6.2,0,4.5,0,3.6,0,0.2,1021.3,6.469
14-Dec-24,0,10.3,0,1.3,0,-1.2,0,0.8,1018.6,6.057
15-Dec-24,0,12.6,0,9.5,0,0.2,0,0.1,1019.9,7.905
16-Dec-24,0,10.9,0,6.1,0,6.6,0,0.1,1020,8.174
17-Dec-24,0,14.7,0,7,0,-0.4,0,0.7,1004.3,7.748
18-Dec-24,0,14.1,0,4.1,0,8.4,0,1.2,992.1,8.953
19-Dec-24,0,6,0,2.3,0,-0.4,0,0.4,1007.3,6.663
20-Dec-24,0,10.1,0,3.8,0,-1.5,0,0.7,1010.3,6.082
21-Dec-24,0,11.7,0,4.2,0,1.6,0,0.4,1003.6,6.826
22-Dec-24,0,6.9,0,2,0,-0.1,0,1.9,1009.3,5.712
23-Dec-24,0,12,0,2.6,0,-0.7,0,0.6,1018.1,5.508
24-Dec-24,0,12.5,0,10.8,0,4.1,0,0.1,1018.5,8.078
25-Dec-24,0,11.6,0,7.9,0,8.1,0,0,1023.1,8.597
26-Dec-24,0,9.6,0,5.3,0,-0.2,0,0,1026.4,8.026
27-Dec-24,0,10.7,0,7.6,0,6.5,0,0,1024.8,8.475
28-Dec-24,0,10.2,0,7.8,0,6.8,0,0,1022.1,8.535
29-Dec-24,0,10.4,0,7.4,0,2.7,0,0.1,1021,8.093
30-Dec-24,0,10.5,0,8.2,0,6.2,0,0,1015.4,8.173
31-Dec-24,0,11.5,0,7,0,6.6,0,15.4,1004.3,8.262
01-Jan-25,0,7.1,0,1.2,0,4.1,0,5.9,1001.6,7.637
02-Jan-25,0,2.8,0,-1.9,0,-8.4,0,0,1015.7,4.957
03-Jan-25,0,2.7,0,-1.5,0,-8.8,0,0,1018.7,3.443
04-Jan-25,0,4.4,0,-1.4,0,-7.1,0,5.8,1003.2,3.114
05-Jan-25,0,3.5,0,1.6,0,-4.4,0,26.2,983.9,3.751
06-Jan-25,0,3.9,0,-0.4,0,-4,0,0.1,982.1,3.319
07-Jan-25,0,3.3,0,-1.3,0,-2.7,0,0.1,993.2,2.794
08-Jan-25,0,-0.6,0,-4,0,-7.6,0,0,997.2,2.248
09-Jan-25,0,1,0,-3.7,0,-10.2,0,0,1005.3,1.972
10-Jan-25,0,5.9,0,-4.4,0,-9.6,0,0,1012.5,1.852
11-Jan-25,0,8.8,0,3,0,-0.2,0,0.4,1021.2,3.437
12-Jan-25,0,11.4,0,-1.4,0,-5.5,0,0.1,1026.9,3.776
13-Jan-25,0,13.6,0,11.1,0,-2.9,0,0.1,1023.6,6.017
14-Jan-25,0,13.1,0,10.4,0,6.1,0,0,1024.9,7.49
15-Jan-25,0,13.4,0,2.7,0,-3.2,0,0,1025.3,6.402
16-Jan-25,0,11.2,0,2.5,0,-3.2,0,0,1022.9,4.514
17-Jan-25,0,11.5,0,4.4,0,-1.5,0,0,1022.9,4.829
18-Jan-25,0,11.5,0,-0.7,0,-6.4,0,0.1,1018.6,4.064
19-Jan-25,0,8.4,0,2.2,0,-4.5,0,0,1011.6,4.237
20-Jan-25,0,10.2,0,7.4,0,4.4,0,0.8,1008.8,5.829
21-Jan-25,0,8.1,0,4.2,0,1.9,0,0.3,1004.4,6.154
22-Jan-25,0,6.5,0,4.4,0,-1.3,0,0.5,998.6,6.008
23-Jan-25,0,7.7,0,3.4,0,-0.8,0,7.6,984.5,5.816
24-Jan-25,0,13,0,1.9,0,2.1,0,3.2,975.4,5.743
25-Jan-25,0,7.2,0,0.7,0,-4.9,0,0.6,993.4,4.076
26-Jan-25,0,9,0,-1.7,0,-7.8,0,14.1,979.1,3.871
27-Jan-25,0,10.3,0,4.4,0,-0.7,0,1.6,961,4.821
28-Jan-25,0,8.2,0,3.9,0,1.6,0,11.7,978.2,5.745
29-Jan-25,0,8.1,0,0.4,0,-1.7,0,0.1,1002.7,4.698
30-Jan-25,0,7.5,0,-1.7,0,-8.1,0,2.4,1013.7,3.408
31-Jan-25,0,9.5,0,-0.6,0,-1.6,0,0.6,1016.9,4.187
01-Feb-25,0,10.4,0,-1.4,0,-7,0,0,1014.2,3.621
02-Feb-25,0,9.8,0,1.9,0,1.8,0,1.4,1010.3,5.62
03-Feb-25,0,12.6,0,5.7,0,-4.4,0,0,1009.4,5.405
04-Feb-25,0,11.6,0,4.2,0,7.3,0,5.7,1010.8,7.108
05-Feb-25,0,8.8,0,0.2,0,-3.6,0,0,1029,5.196
06-Feb-25,0,9.4,0,-2.3,0,-8.4,0,0,1035.9,3.639
07-Feb-25,0,6.7,0,-1.8,0,-7.8,0,0,1025.1,3.361
08-Feb-25,0,5.6,0,3,0,1.9,0,3.9,1017.6,4.254
09-Feb-25,0,7.4,0,3.7,0,1.9,0,0.2,1025.4,4.817
10-Feb-25,0,6.8,0,4.1,0,3.7,0,5.8,1024.5,5.207
11-Feb-25,0,6,0,4.2,0,3,0,1.5,1016.5,4.986
12-Feb-25,0,7,0,5.5,0,3.8,0,0,1014.8,5.276
13-Feb-25,0,6.2,0,4,0,4.3,0,0,1015.1,5.151
14-Feb-25,0,6.1,0,3.9,0,2.5,0,10.4,1012.4,4.941
15-Feb-25,0,7.2,0,3.4,0,-0.9,0,1.5,1011.4,5.524
16-Feb-25,0,8.2,0,5.5,0,4.9,0,2.3,1010.9,6.208
17-Feb-25,0,7.6,0,4.2,0,2.7,0,0.2,1010.6,6.272
18-Feb-25,0,8.3,0,5.9,0,4.5,0,0.5,1006.3,6.462
19-Feb-25,0,13.7,0,6.8,0,4.4,0,1.7,998.8,6.787
20-Feb-25,0,13.8,0,9.3,0,5,0,2.4,993.6,8.304
21-Feb-25,0,14.4,0,7.9,0,6.1,0,7.9,988.7,8.86
22-Feb-25,0,12.6,0,5.4,0,1.9,0,0,1001.1,7.776
23-Feb-25,0,13.7,0,8.8,0,-0.8,0,7.1,999.6,8.052
24-Feb-25,0,12.9,0,5.1,0,3.5,0,2.5,998.7,7.835
25-Feb-25,0,10.7,0,2.2,0,1.3,0,0.1,1005.3,6.861
26-Feb-25,0,8.8,0,3.5,0,-4.2,0,1.6,1006.8,6.388
27-Feb-25,0,10.3,0,0.5,0,-3.5,0,0,1017.5,5.791
28-Feb-25,0,11.3,0,-1.5,0,-7.8,0,0,1022.9,5.18
01-Mar-25,0,12.1,0,1,0,-4.8,0,0,1027,5.936
02-Mar-25,0,11,0,6.6,0,5.3,0,0,1026.4,7.404
03-Mar-25,0,13.2,0,5.3,0,-0.3,0,0,1022.3,7.774
04-Mar-25,0,11.1,0,2.4,0,-5,0,0,1017.1,7.292
05-Mar-25,0,13.2,0,5.1,0,1.9,0,0,1009.5,7.767
06-Mar-25,0,13.1,0,4.9,0,-2.8,0,0,1001.3,7.386
07-Mar-25,0,11.6,0,7.2,0,6.7,0,4.8,1000,8.51
08-Mar-25,0,13.8,0,6.9,0,2.5,0,0.1,999.4,8.642
09-Mar-25,0,13.5,0,4.2,0,0.2,0,0,998.8,9.03
10-Mar-25,0,11.9,0,2.9,0,-2.9,0,0,1002.4,7.957
11-Mar-25,0,8.2,0,2.5,0,2.1,0,0,1006.5,7.991
12-Mar-25,0,10.3,0,1,0,-4.3,0,0,1003.2,7.241
13-Mar-25,0,8,0,-1.2,0,-8,0,0,1003.2,6.426
14-Mar-25,0,8.7,0,0.4,0,0.2,0,1.7,1009.1,6.846
15-Mar-25,0,10.5,0,-2.4,0,-8.2,0,0,1019.1,5.803
16-Mar-25,0,10.7,0,3.3,0,-0.9,0,0,1022.5,6.811
17-Mar-25,0,8.2,0,5.3,0,4.9,0,0,1022.2,7.42
18-Mar-25,0,10.5,0,0.5,0,0.2,0,0,1017.2,7.339
19-Mar-25,0,11.1,0,-0.6,0,-7.2,0,0,1013.9,6.527
20-Mar-25,0,15.8,0,6.8,0,-2.3,0,0,1009.2,8.116
21-Mar-25,0,13.8,0,8.8,0,2.9,0,1.3,997,8.81
22-Mar-25,0,14.6,0,6.1,0,5.1,0,5,995.2,9.517
23-Mar-25,0,11,0,5.5,0,3,0,0.4,1006.4,8.977
24-Mar-25,0,14.3,0,1.9,0,-3.7,0,0,1014,9.019
25-Mar-25,0,13.9,0,5.9,0,4.4,0,0,1017.8,10.203
26-Mar-25,0,15.4,0,4.8,0,-2.3,0,0,1017.6,10.108
27-Mar-25,0,16.6,0,7.9,0,1,0,0.8,1008.7,10.45
28-Mar-25,0,10.9,0,4.6,0,2.2,0,1.9,1007.4,9.898
29-Mar-25,0,12.7,0,4.1,0,-1.5,0,0.3,1010.5,9.085
30-Mar-25,0,16.2,0,7.1,0,3.3,0,0,1017,10.125
31-Mar-25,0,17,0,7.4,0,7.1,0,0,1020.4,11.472
01-Apr-25,0,15,0,4.7,0,-2,0,0,1017.1,10.685
02-Apr-25,0,13.8,0,5.7,0,-1.6,0,0,1017.3,10.375
03-Apr-25,0,14.9,0,5.6,0,-1.5,0,0.2,1014.6,10.495
04-Apr-25,0,14.8,0,9.2,0,5.3,0,0,1014.2,11.27
05-Apr-25,0,12.9,0,7.1,0,1.3,0,0,1016.1,10.82
06-Apr-25,0,14.2,0,3.3,0,-3.8,0,0,1017.9,10.427
07-Apr-25,0,14.5,0,1,0,-5,0,0,1020,10.002
08-Apr-25,0,16.6,0,1.9,0,-3.9,0,0,1022,10.175
09-Apr-25,0,15.4,0,1.5,0,-4.3,0,0,1025.6,10.177
10-Apr-25,0,18.2,0,2.2,0,-3.7,0,0,1024.4,10.445
11-Apr-25,0,20.1,0,4.7,0,-1.9,0,0,1014.5,11.1
12-Apr-25,0,15.5,0,2.8,0,-3.1,0,0,1001.3,10.665
13-Apr-25,0,13.4,0,3.3,0,-2.9,0,1.5,995.7,10.465
14-Apr-25,0,14.8,0,4.9,0,-1.2,0,0.1,992.2,10.485
15-Apr-25,0,11.7,0,4.6,0,-1.6,0,4,993.5,10.48
16-Apr-25,0,8.2,0,3.4,0,3.9,0,25.6,996.8,9.497
17-Apr-25,0,13.1,0,0.4,0,-5.3,0,0.5,1004.2,8.953
18-Apr-25,0,9.6,0,7.7,0,2.5,0,12.4,1000.9,9.49
19-Apr-25,0,10.3,0,9.1,0,8.4,0,10.9,1001.2,9.85
20-Apr-25,0,12.9,0,8.4,0,8.1,0,2,1000.9,10.49
21-Apr-25,0,15.7,0,5.5,0,6.3,0,3.4,1003.2,11.295
22-Apr-25,0,14.5,0,3.6,0,-1.5,0,7.3,1002.9,10.645
23-Apr-25,0,13,0,4.8,0,7,0,0.2,1007.1,11.045
24-Apr-25,0,17.3,0,4.2,0,-1.4,0,0,1014.4,11.65
25-Apr-25,0,13.8,0,9.6,0,8.6,0,10,1012.8,12.411
26-Apr-25,0,18.8,0,10.3,0,9.1,0,2,1014,13.995
27-Apr-25,0,18.5,0,11.2,0,5,0,0,1016.1,14.493
28-Apr-25,0,19.9,0,9.8,0,7.4,0,0,1018.8,15.31
29-Apr-25,0,20.5,0,7.7,0,1.8,0,0,1018.8,15.465
30-Apr-25,0,22.8,0,7,0,1.3,0,0,1015.8,15.825
01-May-25,0,20.5,0,8.7,0,2.7,0,0,1012.3,15.907
02-May-25,0,16.6,0,6.2,0,1,0,0,1014.2,15.052
03-May-25,0,16.2,0,4.5,0,-1.5,0,0,1014,14.333
04-May-25,0,12.4,0,2.9,0,-3,0,0,1017.4,13.46
05-May-25,0,12.6,0,3.1,0,-2.9,0,0,1020.9,13.605
06-May-25,0,16,0,1.1,0,-4.2,0,0,1021.4,14.612
07-May-25,0,17,0,4.9,0,-1.3,0,0,1019.7,15.955
08-May-25,0,14.1,0,4.6,0,-1.1,0,0,1017.4,15.685
09-May-25,0,16,0,3,0,-2.4,0,0,1015.1,15.965
10-May-25,0,18.9,0,3.3,0,-2.1,0,0,1011.5,16.618
11-May-25,0,19.9,0,4.9,0,-0.7,0,1.1,1006.9,16.995
12-May-25,0,18.9,0,9.4,0,6,0,4.2,1007.7,16.977
13-May-25,0,19.6,0,9.7,0,4.1,0,0.1,1012.8,17.698
14-May-25,0,16.9,0,8.1,0,2.7,0,0,1017.7,18.375
15-May-25,0,17.9,0,7,0,1.5,0,0,1021.7,18.528
16-May-25,0,19.6,0,6.5,0,0.7,0,0,1023,18.717
17-May-25,0,17.4,0,5.3,0,-0.5,0,0,1019.6,18.943
18-May-25,0,18.5,0,6.5,0,0.9,0,0,1016.2,19.43
19-May-25,0,14.8,0,5.7,0,2.1,0,0,1016,18.108
20-May-25,0,17.9,0,5.1,0,-0.3,0,9.2,1016.1,17.163
21-May-25,0,22.4,0,7.6,0,2.1,0,0,1014.2,17.852
22-May-25,0,17.5,0,6.7,0,0.3,0,0,1015.3,17.965
23-May-25,0,19.4,0,5.4,0,0,0,3.1,1011.3,17.222
24-May-25,0,18.6,0,13,0,13.3,0,1.8,1001.2,17.298
25-May-25,0,16.3,0,8.8,0,6.1,0,1.9,1000.4,17.057
26-May-25,0,14.7,0,7.8,0,3.8,0,4.5,1001.3,15.262
27-May-25,0,14.1,0,8.9,0,6,0,7,1001.5,15.122
28-May-25,0,19.2,0,9.5,0,9.3,0,4.2,1007.1,17.035
29-May-25,0,19.5,0,12.3,0,12.2,0,9.5,1005.6,17.745
30-May-25,0,22.9,0,13.9,0,11.4,0,0,1008.7,19.112
31-May-25,0,19.7,0,9.5,0,9.6,0,1.2,1006.6,18.59
01-Jun-25,0,18.5,0,8.2,0,4.4,0,0.2,1007.3,17.517
02-Jun-25,0,17.9,0,6.2,0,1.3,0,3.9,1003.1,16.708
03-Jun-25,0,17.1,0,8.1,0,5.9,0,7.3,995,16.845
04-Jun-25,0,16.1,0,7.4,0,2.9,0,1.7,996,15.622
05-Jun-25,0,17.7,0,10.1,0,8.2,0,4,994.2,17.173
06-Jun-25,0,17,0,6.4,0,1,0,1.3,998.3,17.125
07-Jun-25,0,15.2,0,6.3,0,6.6,0,1,1003,16.028
08-Jun-25,0,16.5,0,5.1,0,-1.1,0,0.3,1011.1,15
09-Jun-25,0,16.2,0,10.1,0,6.4,0,1.9,1010.1,15.483
10-Jun-25,0,19,0,10.3,0,6.7,0,1.2,1009.9,17.71
11-Jun-25,0,22.3,0,8.9,0,3.9,0,0,1010,18.64
12-Jun-25,0,16,0,14.3,0,12.8,0,24.2,1002.8,17.37
13-Jun-25,0,21,0,14.6,0,11.6,0,0.5,1006.7,18.548
14-Jun-25,0,16.8,0,12.2,0,13,0,27.4,1009.4,17.755
15-Jun-25,0,19.7,0,9.6,0,3.9,0,0.2,1016.5,17.305
16-Jun-25,0,22.8,0,10.7,0,5.2,0,0,1019.1,18.995
17-Jun-25,0,23.4,0,13.6,0,11.7,0,0,1017.9,20.305
18-Jun-25,0,20.1,0,12.1,0,8.4,0,0,1019.3,21.065
19-Jun-25,0,23.2,0,12.9,0,12.5,0,0,1017.8,21.985
20-Jun-25,0,25.8,0,14.1,0,9.2,0,0,1013.6,22.29
21-Jun-25,0,25.3,0,15.2,0,10.1,0,0,1007.6,23.33
22-Jun-25,0,19.7,0,11.6,0,10,0,4.1,1002.8,21.61
23-Jun-25,0,19.7,0,10.5,0,6.3,0,0,1006.1,19.67
24-Jun-25,0,21.5,0,13.2,0,14.3,0,1.5,1002.8,20.69
25-Jun-25,0,21.9,0,12.9,0,7.3,0,0.2,1001.8,20.24
26-Jun-25,0,19.3,0,12.6,0,13.4,0,3.8,1003.2,20.837
27-Jun-25,0,23.9,0,14,0,11.4,0,0,1007.3,20.377
28-Jun-25,0,22.8,0,13.8,0,17.3,0,1.7,1013.4,21.3
29-Jun-25,0,25.1,0,13.4,0,9.9,0,0,1016.2,20.64
30-Jun-25,0,23,0,14.7,0,13,0,1.4,1010.5,21.337
01-Jul-25,0,17.1,0,10.4,0,12.3,0,0.5,1011.9,19.688
02-Jul-25,0,19.8,0,9.6,0,4.6,0,1.7,1017.1,19.555
03-Jul-25,0,21.1,0,7.3,0,2.3,0,0.8,1021.5,19.438
04-Jul-25,0,20.2,0,12.8,0,7.7,0,0,1015.4,19.193
05-Jul-25,0,21.5,0,15.8,0,15.2,0,0.5,1005.8,20.632
06-Jul-25,0,19.3,0,12.3,0,9.9,0,0.2,1005,20.323
07-Jul-25,0,21.5,0,9.4,0,3.6,0,0,1011.8,20.847
08-Jul-25,0,21.4,0,12.6,0,11.6,0,0,1014.7,20.818
09-Jul-25,0,25.5,0,14.1,0,11.6,0,0,1016.9,22.647
10-Jul-25,0,24.1,0,12.7,0,6.8,0,0,1017.4,22.755
11-Jul-25,0,29,0,11.1,0,4.8,0,0,1014.2,22.67
12-Jul-25,0,27.9,0,14,0,9.4,0,0,1010.5,23.285
13-Jul-25,0,24,0,14.1,0,9,0,0.3,1005,23.15
14-Jul-25,0,20.1,0,13.1,0,13.9,0,4.9,1001.2,21.933
15-Jul-25,0,20,0,12.1,0,12.5,0,19.8,1003.1,20.51
16-Jul-25,0,21.1,0,10.3,0,4.8,0,0,1010.3,19.975
17-Jul-25,0,23.5,0,14.9,0,13.3,0,0.6,1007.8,20.358
18-Jul-25,0,21.6,0,13.8,0,9.5,0,0.6,1004.4,20.237
19-Jul-25,0,21,0,13.4,0,8.7,0,0,998.3,19.853
20-Jul-25,0,21,0,15,0,14.3,0,12.6,992.2,19.96
21-Jul-25,0,17.8,0,14.6,0,14.1,0,48.1,997.2,18.312
22-Jul-25,0,19.6,0,13.7,0,12.9,0,0,1005.9,19.028
23-Jul-25,0,19.2,0,12.8,0,10.2,0,0,1012.4,19.11
24-Jul-25,0,21.3,0,11.6,0,6.1,0,0,1015.5,18.93
25-Jul-25,0,21.5,0,14.2,0,10.8,0,0.1,1013.1,19.833
26-Jul-25,0,21.8,0,13.3,0,8.8,0,0,1013,19.54
27-Jul-25,0,20.8,0,13.4,0,12.1,0,1,1014,19.587
28-Jul-25,0,22.1,0,14.1,0,13.2,0,0.6,1015.4,20.355
29-Jul-25,0,23.6,0,15.6,0,14.9,0,0.5,1014.1,21.04
30-Jul-25,0,21.7,0,14.5,0,14.5,0,0.7,1014.2,21.125
31-Jul-25,0,23,0,13.8,0,14.3,0,1.1,1014.2,21.212
01-Aug-25,0,19.5,0,12.1,0,11.4,0,0,1015.7,19.782
02-Aug-25,0,21.3,0,11.9,0,6.9,0,0.7,1013.3,19.93
03-Aug-25,0,21.8,0,14.6,0,16.2,0,0.9,1010.9,21.058
04-Aug-25,0,20.4,0,11.8,0,13.9,0,1.3,1004.6,21.055
05-Aug-25,0,20.4,0,11.1,0,6.7,0,0,1016.4,19.74
06-Aug-25,0,19,0,10.9,0,4.5,0,0,1012.9,19.017
07-Aug-25,0,21.1,0,11.4,0,13.3,0,0.1,1005.8,19.858
08-Aug-25,0,21.8,0,11.8,0,4.5,0,0,1009.8,20.013
09-Aug-25,0,22.4,0,11.1,0,5.8,0,0,1014.1,20.048
10-Aug-25,0,22.9,0,7.4,0,1.6,0,0,1019.2,19.24
11-Aug-25,0,22.3,0,13.6,0,11.4,0,0,1015.2,20.148
12-Aug-25,0,26.2,0,13.4,0,7.2,0,0,1009,20.49
13-Aug-25,0,26,0,13,0,8.1,0,0,1006.3,21.517
14-Aug-25,0,25.9,0,15.4,0,9.9,0,0,1012.8,21.92
15-Aug-25,0,22.9,0,12.6,0,8.9,0,0,1020.9,21.737
16-Aug-25,0,22.4,0,12.2,0,6.1,0,0,1021.6,21.093
17-Aug-25,0,21.1,0,12.4,0,7.5,0,0,1018,20.763
18-Aug-25,0,21.4,0,11.7,0,6.4,0,0,1015,20.462
19-Aug-25,0,17.4,0,15.7,0,11.9,0,0,1013.9,19.862
20-Aug-25,0,16.4,0,13.4,0,13.2,0,0,1015.2,19.085
21-Aug-25,0,19.6,0,10.8,0,10.6,0,0,1015.9,18.837
22-Aug-25,0,22.5,0,9.9,0,4.1,0,0,1016.1,19.22
23-Aug-25,0,20.8,0,16.2,0,14.1,0,4.2,1014,19.878
24-Aug-25,0,23.5,0,13.2,0,8.4,0,0,1011.3,20.028
25-Aug-25,0,25,0,13.7,0,6.9,0,0.1,1004,19.522
26-Aug-25,0,22.2,0,14.2,0,9.6,0,3,996.9,19.74
27-Aug-25,0,20.1,0,13.4,0,9.2,0,14.3,992.5,18.755
28-Aug-25,0,17.8,0,13.4,0,8.3,0,0.9,989.8,17.615
29-Aug-25,0,20,0,11.7,0,5.2,0,5.4,990.6,17.49
30-Aug-25,0,22.9,0,10.3,0,4,0,3.1,987.9,16.448
31-Aug-25,0,19.9,0,12.7,0,7.8,0,0.1,986.4,16.468
01-Sep-25,0,17.9,0,11.2,0,9.1,0,3.2,990.4,16.84
02-Sep-25,0,19.2,0,9.1,0,2.6,0,0,991.7,16.36
03-Sep-25,0,18.5,0,10.5,0,10.2,0,17.2,989,17.247
04-Sep-25,0,18.3,0,8.4,0,2.7,0,1.6,1000.9,16.292
05-Sep-25,0,18.8,0,10.9,0,5.3,0,0,1010.3,16.475
06-Sep-25,0,18.3,0,14.4,0,8.9,0,0,1003.9,16.345
07-Sep-25,0,19.3,0,12.1,0,14.9,0,1.4,997.5,17.19
08-Sep-25,0,19,0,8.4,0,1.2,0,0.2,1004.8,15.868
09-Sep-25,0,19.3,0,10.2,0,4.5,0,0.2,1000.4,15.608
10-Sep-25,0,18.3,0,10.9,0,5.2,0,6.7,991.3,15.92
11-Sep-25,0,15.7,0,9.6,0,5.1,0,1.7,992.7,14.718
12-Sep-25,0,17.2,0,8.7,0,3.1,0,2.5,998.1,14.247
13-Sep-25,0,16.7,0,8.5,0,2.4,0,0.3,999.1,14.418
14-Sep-25,0,20.1,0,7.9,0,2.4,0,1.6,993.3,13.765
15-Sep-25,0,16.5,0,10.8,0,8.9,0,5.4,994.6,14.78
16-Sep-25,0,17.4,0,9.6,0,4.4,0,4.2,1008.2,14.323
17-Sep-25,0,20.8,0,11.9,0,11.2,0,8.2,1002.2,16.032
18-Sep-25,0,19.9,0,11.6,0,6.4,0,1.9,1005.8,15.225
19-Sep-25,0,17.1,0,11.9,0,14.3,0,9.7,1006.1,16.362
20-Sep-25,0,13.5,0,9.8,0,6.1,0,0.8,1006.1,14.788
21-Sep-25,0,14.6,0,4.9,0,-0.6,0,1.4,1016.8,13.265
22-Sep-25,0,15.4,0,3.2,0,-2.2,0,0.1,1024.8,11.847
23-Sep-25,0,15.6,0,3.8,0,-1.3,0,0,1024.8,11.943
24-Sep-25,0,16.3,0,3.7,0,-0.8,0,0,1022.9,11.562
25-Sep-25,0,17.9,0,5,0,-0.4,0,0,1020.4,11.698
26-Sep-25,0,17.8,0,4.6,0,-1.4,0,0,1014.1,11.36
27-Sep-25,0,15.6,0,7.7,0,4.6,0,4.2,1008.6,12.818
28-Sep-25,0,16.3,0,5.8,0,0.1,0,0.2,1015.3,12.238
29-Sep-25,0,16.7,0,5.6,0,0,0,0,1017.9,12.14
30-Sep-25,0,18.9,0,12.1,0,7.1,0,7.1,1016.1,13.875
01-Oct-25,0,19.5,0,14.3,0,11.5,0,0.6,1014.9,15.088
02-Oct-25,0,17.8,0,14.1,0,10.5,0,4.7,1006.4,14.795
03-Oct-25,0,19.7,0,9.8,0,5.9,0,8.2,988.9,13.885
04-Oct-25,0,14.4,0,7.8,0,5.6,0,7.5,995.8,12.63
05-Oct-25,0,14.7,0,9.5,0,5,0,1,1010.9,12.517
06-Oct-25,0,19.4,0,11.7,0,7.8,0,0,1015.2,13.363
07-Oct-25,0,17.6,0,9.2,0,6.8,0,0.9,1016,14.05
08-Oct-25,0,15.5,0,8.7,0,6.3,0,0,1019.8,13.785
09-Oct-25,0,15.3,0,10.3,0,6.2,0,0,1023.9,13.793
10-Oct-25,0,11.8,0,9.8,0,9.1,0,0,1028.8,13.458
11-Oct-25,0,11,0,9.1,0,8.9,0,0,1029.9,12.795
12-Oct-25,0,12.8,0,9.1,0,8.7,0,0,1026.9,12.658
13-Oct-25,0,14.4,0,8.3,0,5.3,0,0,1024.4,13.045
14-Oct-25,0,14,0,11.1,0,11.5,0,0.4,1025.8,13.465
15-Oct-25,0,12.6,0,10.8,0,10.8,0,0.3,1025.5,13.167
16-Oct-25,0,12.7,0,9.9,0,9.9,0,0,1022.8,12.765
17-Oct-25,0,15,0,10.5,0,8.7,0,0,1018.8,12.935
18-Oct-25,0,14.7,0,11.8,0,9.5,0,6.3,1008.1,12.948
19-Oct-25,0,16.3,0,9.8,0,11,0,9.8,990.8,13.125
20-Oct-25,0,14.6,0,10.1,0,3.3,0,15.8,981.7,12.847
21-Oct-25,0,14.3,0,8.3,0,4.3,0,0.1,986.5,12.75
22-Oct-25,0,14.4,0,4,0,-1.2,0,0.1,986.7,10.657
23-Oct-25,0,10.2,0,5,0,-1.5,0,4.2,988,9.807
24-Oct-25,0,12.5,0,5.2,0,-0.8,0,0.4,994,9.355
25-Oct-25,0,11.5,0,4.1,0,-1.7,0,0.3,1003.6,9.28
26-Oct-25,0,11.7,0,3.1,0,-3.2,0,2.9,1004.2,8.462
27-Oct-25,0,12.3,0,8.2,0,2.5,0,1.7,1001.1,9.648
28-Oct-25,0,12.9,0,8.6,0,4.6,0,2.3,996.2,10.025
29-Oct-25,0,11.3,0,5,0,-1.2,0,0.6,992.7,9.017
30-Oct-25,0,13.8,0,3.6,0,-1.4,0,5.3,988.9,8.453
31-Oct-25,0,15.6,0,10,0,3.3,0,6.5,981.5,10.173
01-Nov-25,0,11.4,0,6.7,0,2,0,0.4,985.8,9.68
02-Nov-25,0,13.5,0,5,0,-1.8,0,1.1,996.2,8.11
03-Nov-25,0,16.7,0,11.8,0,0,0,2.8,993.9,10.807
04-Nov-25,0,16,0,11.8,0,5.6,0,13.3,994.4,11.672
05-Nov-25,0,16.6,0,11.6,0,7.7,0,5.4,992.4,12.298
06-Nov-25,0,17.5,0,11.5,0,7.9,0,1.5,995,12.392
07-Nov-25,0,13.8,0,10.8,0,3.9,0,7.1,995.6,11.468
08-Nov-25,0,13.9,0,5.7,0,-0.5,0,0.1,1002.2,10.54
09-Nov-25,0,14.7,0,9.8,0,1.6,0,1.3,999.9,11.18
10-Nov-25,0,11.7,0,4,0,0.4,0,0.5,994.4,9.92
11-Nov-25,0,14.9,0,4.8,0,-1,0,6.6,988.2,9.765
12-Nov-25,0,12.2,0,5.2,0,-0.6,0,17.2,991,9.248
13-Nov-25,0,15.2,0,7.1,0,1,0,0.8,994.9,10.08
14-Nov-25,0,11.8,0,8.3,0,5.6,0,18,998.7,10.09
15-Nov-25,0,11.1,0,8.2,0,7.5,0,11,1003.7,9.722
16-Nov-25,0,10.8,0,2.5,0,8.1,0,0.1,1012.1,9.852
17-Nov-25,0,8.7,0,2.7,0,-2.3,0,0.1,1019.7,7.632
18-Nov-25,0,9.3,0,3.2,0,-2.3,0,0.3,1012.6,7.592
19-Nov-25,0,4.6,0,-0.5,0,-4.4,0,0.1,1012.3,5.503
20-Nov-25,0,4.1,0,-1.4,0,-5.6,0,0.1,1017.1,4.067
21-Nov-25,0,8.6,0,-2.7,0,-7.4,0,3.5,1016,3.439
22-Nov-25,0,9.1,0,2.9,0,-3.9,0,0.8,1002.1,5.444
23-Nov-25,0,9.7,0,5.2,0,-2.1,0,2.9,987.9,5.744
24-Nov-25,0,9.9,0,3.1,0,-0.3,0,0.8,995.1,6.185
25-Nov-25,0,6.9,0,-0.3,0,-4.9,0,0.1,1012.2,4.273
26-Nov-25,0,13.3,0,0.7,0,-5.4,0,0.1,1009.4,5.396
27-Nov-25,0,15.4,0,9.1,0,7.9,0,1.9,1000,8.545
28-Nov-25,0,9.7,0,4.9,0,3.3,0,9.1,997.3,7.009
29-Nov-25,0,6.3,0,1.6,0,-3.2,0,6.5,1000.2,5.434
30-Nov-25,0,11.1,0,1.2,0,-3.4,0,4.2,998.6,4.791
01-Dec-25,0,12.2,0,5.6,0,-3.2,0,8.9,984.3,7.465
02-Dec-25,0,8.4,0,0.9,0,-2.3,0,0.1,990.1,5.296
03-Dec-25,0,9.2,0,0.5,0,-4.5,0,0.7,991.9,4.443
04-Dec-25,0,8.3,0,2.8,0,-1.7,0,3.5,989.8,5.023
05-Dec-25,0,11,0,4.2,0,-3.9,0,4.8,983.3,5.009
06-Dec-25,0,10.9,0,5.9,0,-1,0,1.8,983.5,6.572
07-Dec-25,0,11.8,0,4.7,0,-0.6,0,4.6,987.8,7.177
08-Dec-25,0,12.1,0,8,0,0.4,0,1.8,992,6.559
09-Dec-25,0,17.2,0,8.9,0,1.1,0,3.5,980.7,8.564
10-Dec-25,0,11.4,0,8.2,0,3,0,0.1,999.5,7.499
11-Dec-25,0,13.7,0,3.7,0,2.6,0,6.5,1002,7.823
12-Dec-25,0,9.1,0,1.4,0,-3.1,0,0,1009.2,5.628
13-Dec-25,0,12,0,5.8,0,-2.7,0,0.3,1010.7,5.404
14-Dec-25,0,14,0,8.7,0,0.1,0,4.7,999,8.543
15-Dec-25,0,8.8,0,2.4,0,0.5,0,0.1,997.7,7.656
16-Dec-25,0,7.2,0,0.4,0,-4.9,0,0.1,1003.8,4.371
17-Dec-25,0,13.7,0,7.1,0,-4.6,0,2.3,997.8,5.983
18-Dec-25,0,11.2,0,4.8,0,0.3,0,3.4,990.6,6.313
19-Dec-25,0,8.8,0,6.2,0,-0.5,0,0,998.9,5.304
20-Dec-25,0,10.7,0,6.6,0,0.7,0,1.7,998.6,5.604
21-Dec-25,0,10.1,0,2.8,0,-2,0,1,997.9,6.066
22-Dec-25,0,10.9,0,7.4,0,-2,0,1,1002.3,7.39
23-Dec-25,0,9.6,0,7.6,0,2.4,0,0,1014.9,7.538
24-Dec-25,0,8.5,0,5.7,0,6.5,0,0,1027.7,7.042
25-Dec-25,0,6.7,0,5.7,0,3.7,0,0,1028.1,6.144
26-Dec-25,0,7.6,0,5.7,0,3.7,0,0,1027.4,5.964
27-Dec-25,0,8.2,0,6.5,0,4.5,0,0,1031.5,6.043
28-Dec-25,0,8.2,0,6.6,0,4.8,0,0,1028.4,6.604
29-Dec-25,0,7.1,0,5.9,0,4.8,0,0,1026.2,6.422
30-Dec-25,0,7.7,0,1.9,0,4.7,0,0,1029.8,6.125
31-Dec-25,0,4.7,0,1.7,0,-3.8,0,0,1022.8,5.396
01-Jan-26,0,5.9,0,2,0,-1,0,0.1,1009.9,4.717
02-Jan-26,0,3.4,0,-0.8,0,-6.1,0,0.3,1006.5,3.523
03-Jan-26,0,2.6,0,-2.9,0,-8.5,0,0,1011.1,2.347
04-Jan-26,0,1.3,0,-2.6,0,-9.8,0,0,1010.5,1.807
05-Jan-26,0,1.6,0,-3.2,0,-9.8,0,0,1012.3,1.626
06-Jan-26,0,5.5,0,0.2,0,-8.4,0,0.6,1007.9,1.441
07-Jan-26,0,5.9,0,3,0,0,0,0.8,1001,1.812
08-Jan-26,0,5.6,0,1.9,0,-1.4,0,3,993.1,3.153
09-Jan-26,0,4.6,0,-2.1,0,-1.9,0,0.1,998.1,2.838
10-Jan-26,0,7.3,0,-0.3,0,-7.8,0,1.8,1007.8,2.257
11-Jan-26,0,13.6,0,7.1,0,-5.4,0,2,991.6,4.813
12-Jan-26,0,11.7,0,7.6,0,3.6,0,0,987.4,5.613
13-Jan-26,0,8.8,0,1.3,0,-0.4,0,4.7,997.6,4.992
14-Jan-26,0,7.9,0,-1.6,0,-7.2,0,1.5,998,3.39
15-Jan-26,0,8.3,0,-0.5,0,-2.8,0,0.1,991.5,3.259
16-Jan-26,0,10.2,0,0.8,0,-4.6,0,1.4,993.8,3.235
17-Jan-26,0,7.7,0,2.7,0,-0.8,0,3.9,1004.4,3.872
18-Jan-26,0,10.2,0,2.4,0,-0.8,0,0.3,1008,3.845
19-Jan-26,0,8.1,0,1.2,0,-0.2,0,4.3,1002.3,4.807
20-Jan-26,0,8.9,0,0.3,0,-3,0,7.9,992,4.976
21-Jan-26,0,9.4,0,3,0,-0.8,0,11.3,976.8,5.171
22-Jan-26,0,8.9,0,4.2,0,5.5,0,9.4,976.4,6.368
23-Jan-26,0,8.2,0,3.6,0,0.4,0,0.4,975.5,5.76
24-Jan-26,0,8.3,0,7,0,5.9,0,15.9,975.5,6.185
25-Jan-26,0,8.6,0,3,0,-0.9,0,3,980.7,6.175
26-Jan-26,0,7.8,0,6.3,0,0.4,0,6.7,984.5,5.953
27-Jan-26,0,9.5,0,5.3,0,4.6,0,35.4,967.1,6.494
28-Jan-26,0,10.3,0,3.5,0,-0.7,0,0.7,981.1,5.538
29-Jan-26,0,7.6,0,6.2,0,3.4,0,12.4,982.3,5.914
30-Jan-26,0,10.1,0,6.2,0,4.8,0,11.2,976,6.519
31-Jan-26,0,8.1,0,2.7,0,6,0,1.8,984.6,7.047
18-May-05,4, ,4, ,4, , , , ,12.96
